Drug,Design_ID,Length_um,Base_size_um,Tip_diameter_um,Inner_diameter_um,Cone_radius_um,Density_cm2,Insertion_speed_mm_s,Concentration_pct,J_Score_Normalized_Observed,J_Score_Normalized_OOF_Prediction
Ibuprofen,1,350,100,1.93,50,3.86,150,5,0.5,0.0064909311329204,0.006497483060351024
Ibuprofen,2,350,100,1.93,50,3.86,500,5,0.5,0.0250680074725624,0.025018921794249572
Ibuprofen,3,350,100,1.93,50,3.86,900,5,0.5,0.0462989518607246,0.046300172180360775
Ibuprofen,4,350,100,1.93,150,3.86,150,5,0.5,0.0701837642974071,0.07018376429740701
Ibuprofen,5,350,100,1.93,150,3.86,500,5,0.5,0.2373774513541846,0.23738965455054614
Ibuprofen,6,350,100,1.93,150,3.86,900,5,0.5,0.4284559508476446,0.42846693372436945
Ibuprofen,7,350,100,1.44,50,2.88,150,5,0.5,0.0064909311329204,0.006490931132920398
Ibuprofen,8,350,100,1.44,50,2.88,500,5,0.5,0.0250680074725624,0.025068685427915804
Ibuprofen,9,350,100,1.44,50,2.88,900,5,0.5,0.0462989518607246,0.04629895186072463
Ibuprofen,10,350,100,1.44,150,2.88,150,5,0.5,0.0701837642974071,0.07018559477686123
Ibuprofen,11,350,100,1.44,150,2.88,500,5,0.5,0.2373774513541846,0.23737745135418462
Ibuprofen,12,350,100,1.44,150,2.88,900,5,0.5,0.4284559508476446,0.428190888184755
Ibuprofen,13,350,100,2.42,50,4.84,150,5,0.5,0.0064909311329204,0.0064913379061324475
Ibuprofen,14,350,100,2.42,50,4.84,500,5,0.5,0.0250680074725624,0.025068007472562385
Ibuprofen,15,350,100,2.42,50,4.84,900,5,0.5,0.0462989518607246,0.04629895186072463
Ibuprofen,16,350,100,2.42,150,4.84,150,5,0.5,0.0701837642974071,0.07018742525631545
Ibuprofen,17,350,100,2.42,150,4.84,500,5,0.5,0.2373774513541846,0.23737745135418462
Ibuprofen,18,350,100,2.42,150,4.84,900,5,0.5,0.4284559508476446,0.42875677706955434
Ibuprofen,19,350,300,1.93,50,3.86,150,5,0.5,0.0064909311329204,0.006491134519526423
Ibuprofen,20,350,300,1.93,50,3.86,500,5,0.5,0.0250680074725624,0.025068007472562385
Ibuprofen,21,350,300,1.93,50,3.86,900,5,0.5,0.0462989518607246,0.04629895186072463
Ibuprofen,22,350,300,1.93,150,3.86,150,5,0.5,0.0701837642974071,0.07018559477686123
Ibuprofen,23,350,300,1.93,150,3.86,500,5,0.5,0.2373774513541846,0.23723629591742695
Ibuprofen,24,350,300,1.93,150,3.86,900,5,0.5,0.4284559508476446,0.42875677706955434
Ibuprofen,25,350,300,1.44,50,2.88,150,5,0.5,0.0064909311329204,0.006476302867453748
Ibuprofen,26,350,300,1.44,50,2.88,500,5,0.5,0.0250680074725624,0.025019599749602994
Ibuprofen,27,350,300,1.44,50,2.88,900,5,0.5,0.0462989518607246,0.046332376996492425
Ibuprofen,28,350,300,1.44,150,2.88,150,5,0.5,0.0701837642974071,0.07018376429740701
Ibuprofen,29,350,300,1.44,150,2.88,500,5,0.5,0.2373774513541846,0.23738355295236538
Ibuprofen,30,350,300,1.44,150,2.88,900,5,0.5,0.4284559508476446,0.42792582552186575
Ibuprofen,31,350,300,2.42,50,4.84,150,5,0.5,0.0064909311329204,0.006496501988881699
Ibuprofen,32,350,300,2.42,50,4.84,500,5,0.5,0.0250680074725624,0.024986875964061118
Ibuprofen,33,350,300,2.42,50,4.84,900,5,0.5,0.0462989518607246,0.046300172180360775
Ibuprofen,34,350,300,2.42,150,4.84,150,5,0.5,0.0701837642974071,0.07018559477686123
Ibuprofen,35,350,300,2.42,150,4.84,500,5,0.5,0.2373774513541846,0.23738355295236538
Ibuprofen,36,350,300,2.42,150,4.84,900,5,0.5,0.4284559508476446,0.42846693372436945
Ibuprofen,37,450,100,1.93,50,3.86,150,5,0.5,0.0087656751745092,0.008765675174509211
Ibuprofen,38,450,100,1.93,50,3.86,500,5,0.5,0.0326504876111917,0.03260841417263787
Ibuprofen,39,450,100,1.93,50,3.86,900,5,0.5,0.0599474161102574,0.059833817826162115
Ibuprofen,40,450,100,1.93,150,3.86,150,5,0.5,0.0906564606717064,0.09060436847682657
Ibuprofen,41,450,100,1.93,150,3.86,500,5,0.5,0.3056197726018489,0.3052489565668105
Ibuprofen,42,450,100,1.93,150,3.86,900,5,0.5,0.5512921290934404,0.550965455082658
Ibuprofen,43,450,100,1.44,50,2.88,150,5,0.5,0.0087656751745092,0.0087659366715741
Ibuprofen,44,450,100,1.44,50,2.88,500,5,0.5,0.0326504876111917,0.032629450891914796
Ibuprofen,45,450,100,1.44,50,2.88,900,5,0.5,0.0599474161102574,0.05987168392086058
Ibuprofen,46,450,100,1.44,150,2.88,150,5,0.5,0.0906564606717064,0.09067547668992722
Ibuprofen,47,450,100,1.44,150,2.88,500,5,0.5,0.3056197726018489,0.30543828704030285
Ibuprofen,48,450,100,1.44,150,2.88,900,5,0.5,0.5512921290934404,0.55106543035048
Ibuprofen,49,450,100,2.42,50,4.84,150,5,0.5,0.0087656751745092,0.008752393929211927
Ibuprofen,50,450,100,2.42,50,4.84,500,5,0.5,0.0326504876111917,0.03265048761119171
Ibuprofen,51,450,100,2.42,50,4.84,900,5,0.5,0.0599474161102574,0.05990955001555903
Ibuprofen,52,450,100,2.42,150,4.84,150,5,0.5,0.0906564606717064,0.09065646067170624
Ibuprofen,53,450,100,2.42,150,4.84,500,5,0.5,0.3056197726018489,0.3052568014787572
Ibuprofen,54,450,100,2.42,150,4.84,900,5,0.5,0.5512921290934404,0.5509513342411541
Ibuprofen,55,450,300,1.93,50,3.86,150,5,0.5,0.0087656751745092,0.008768049562487543
Ibuprofen,56,450,300,1.93,50,3.86,500,5,0.5,0.0326504876111917,0.032630322548797754
Ibuprofen,57,450,300,1.93,50,3.86,900,5,0.5,0.0599474161102574,0.059947416110257494
Ibuprofen,58,450,300,1.93,150,3.86,150,5,0.5,0.0906564606717064,0.09065881414529026
Ibuprofen,59,450,300,1.93,150,3.86,500,5,0.5,0.3056197726018489,0.30543044212835607
Ibuprofen,60,450,300,1.93,150,3.86,900,5,0.5,0.5512921290934404,0.550603183530395
Ibuprofen,61,450,300,1.44,50,2.88,150,5,0.5,0.0087656751745092,0.008759364158726135
Ibuprofen,62,450,300,1.44,50,2.88,500,5,0.5,0.0326504876111917,0.03262945089191479
Ibuprofen,63,450,300,1.44,50,2.88,900,5,0.5,0.0599474161102574,0.059947416110257494
Ibuprofen,64,450,300,1.44,150,2.88,150,5,0.5,0.0906564606717064,0.09053692946403069
Ibuprofen,65,450,300,1.44,150,2.88,500,5,0.5,0.3056197726018489,0.3056453180011491
Ibuprofen,66,450,300,1.44,150,2.88,900,5,0.5,0.5512921290934404,0.551406225202766
Ibuprofen,67,450,300,2.42,50,4.84,150,5,0.5,0.0087656751745092,0.008759625655791024
Ibuprofen,68,450,300,2.42,50,4.84,500,5,0.5,0.0326504876111917,0.032587377453360954
Ibuprofen,69,450,300,2.42,50,4.84,900,5,0.5,0.0599474161102574,0.059758085636765206
Ibuprofen,70,450,300,2.42,150,4.84,150,5,0.5,0.0906564606717064,0.09060436847682657
Ibuprofen,71,450,300,2.42,150,4.84,500,5,0.5,0.3056197726018489,0.30524895656681056
Ibuprofen,72,450,300,2.42,150,4.84,900,5,0.5,0.5512921290934404,0.550965455082658
Ibuprofen,73,550,100,1.93,50,3.86,150,5,0.5,0.011040419216098,0.01105071510206041
Ibuprofen,74,550,100,1.93,50,3.86,500,5,0.5,0.0402329677498211,0.04023509846664621
Ibuprofen,75,550,100,1.93,50,3.86,900,5,0.5,0.0735958803597903,0.07356892940103148
Ibuprofen,76,550,100,1.93,150,3.86,150,5,0.5,0.1111291570460057,0.11107411821096093
Ibuprofen,77,550,100,1.93,150,3.86,500,5,0.5,0.3738620938495132,0.37340887425113356
Ibuprofen,78,550,100,1.93,150,3.86,900,5,0.5,0.6741283073392361,0.6750737611795258
Ibuprofen,79,550,100,1.44,50,2.88,150,5,0.5,0.011040419216098,0.011040738823621752
Ibuprofen,80,550,100,1.44,50,2.88,500,5,0.5,0.0402329677498211,0.04023616382505872
Ibuprofen,81,550,100,1.44,50,2.88,900,5,0.5,0.0735958803597903,0.07360404243587312
Ibuprofen,82,550,100,1.44,150,2.88,150,5,0.5,0.1111291570460057,0.11113203351371963
Ibuprofen,83,550,100,1.44,150,2.88,500,5,0.5,0.3738620938495132,0.3736619120921681
Ibuprofen,84,550,100,1.44,150,2.88,900,5,0.5,0.6741283073392361,0.6741628249518018
Ibuprofen,85,550,100,2.42,50,4.84,150,5,0.5,0.011040419216098,0.0110491734183229
Ibuprofen,86,550,100,2.42,50,4.84,500,5,0.5,0.0402329677498211,0.04026214842390418
Ibuprofen,87,550,100,2.42,50,4.84,900,5,0.5,0.0735958803597903,0.07359971565007546
Ibuprofen,88,550,100,2.42,150,4.84,150,5,0.5,0.1111291570460057,0.11112915704600584
Ibuprofen,89,550,100,2.42,150,4.84,500,5,0.5,0.3738620938495132,0.37363068993746706
Ibuprofen,90,550,100,2.42,150,4.84,900,5,0.5,0.6741283073392361,0.6732952532558706
Ibuprofen,91,550,300,1.93,50,3.86,150,5,0.5,0.011040419216098,0.011041058431145506
Ibuprofen,92,550,300,1.93,50,3.86,500,5,0.5,0.0402329677498211,0.040234033108233695
Ibuprofen,93,550,300,1.93,50,3.86,900,5,0.5,0.0735958803597903,0.07365957332070741
Ibuprofen,94,550,300,1.93,150,3.86,150,5,0.5,0.1111291570460057,0.11112915704600584
Ibuprofen,95,550,300,1.93,150,3.86,500,5,0.5,0.3738620938495132,0.37412471991626023
Ibuprofen,96,550,300,1.93,150,3.86,900,5,0.5,0.6741283073392361,0.6737290391038361
Ibuprofen,97,550,300,1.44,50,2.88,150,5,0.5,0.011040419216098,0.011041779562111782
Ibuprofen,98,550,300,1.44,50,2.88,500,5,0.5,0.0402329677498211,0.0402683527281084
Ibuprofen,99,550,300,1.44,50,2.88,900,5,0.5,0.0735958803597903,0.07367506785407264
Ibuprofen,100,550,300,1.44,150,2.88,150,5,0.5,0.1111291570460057,0.11112915704600584
Ibuprofen,101,550,300,1.44,150,2.88,500,5,0.5,0.3738620938495132,0.37386209384951313
Ibuprofen,102,550,300,1.44,150,2.88,900,5,0.5,0.6741283073392361,0.6741455661455191
Ibuprofen,103,550,300,2.42,50,4.84,150,5,0.5,0.011040419216098,0.011043321245849294
Ibuprofen,104,550,300,2.42,50,4.84,500,5,0.5,0.0402329677498211,0.04023509846664621
Ibuprofen,105,550,300,2.42,50,4.84,900,5,0.5,0.0735958803597903,0.07361712782858322
Ibuprofen,106,550,300,2.42,150,4.84,150,5,0.5,0.1111291570460057,0.11106548880781958
Ibuprofen,107,550,300,2.42,150,4.84,500,5,0.5,0.3738620938495132,0.37339928602542094
Ibuprofen,108,550,300,2.42,150,4.84,900,5,0.5,0.6741283073392361,0.6750910199858084
Ibuprofen,109,650,100,1.93,50,3.86,150,5,0.5,0.0133151632576868,0.013251351875880163
Ibuprofen,110,650,100,1.93,50,3.86,500,5,0.5,0.0478154478884505,0.047691987467198355
Ibuprofen,111,650,100,1.93,50,3.86,900,5,0.5,0.0872443446093232,0.08708479081475472
Ibuprofen,112,650,100,1.93,150,3.86,150,5,0.5,0.131601853420305,0.1313539529499474
Ibuprofen,113,650,100,1.93,150,3.86,500,5,0.5,0.4421044150971774,0.441283983045377
Ibuprofen,114,650,100,1.93,150,3.86,900,5,0.5,0.796964485585032,0.7965130198960747
Ibuprofen,115,650,100,1.44,50,2.88,150,5,0.5,0.0133151632576868,0.013287141091073585
Ibuprofen,116,650,100,1.44,50,2.88,500,5,0.5,0.0478154478884505,0.047724288771583974
Ibuprofen,117,650,100,1.44,50,2.88,900,5,0.5,0.0872443446093232,0.08713150679130917
Ibuprofen,118,650,100,1.44,150,2.88,150,5,0.5,0.131601853420305,0.13161205180583566
Ibuprofen,119,650,100,1.44,150,2.88,500,5,0.5,0.4421044150971774,0.44183093774657695
Ibuprofen,120,650,100,1.44,150,2.88,900,5,0.5,0.796964485585032,0.7969644855850317
Ibuprofen,121,650,100,2.42,50,4.84,150,5,0.5,0.0133151632576868,0.01331516325768681
Ibuprofen,122,650,100,2.42,50,4.84,500,5,0.5,0.0478154478884505,0.047754675143872855
Ibuprofen,123,650,100,2.42,50,4.84,900,5,0.5,0.0872443446093232,0.08714459975899923
Ibuprofen,124,650,100,2.42,150,4.84,150,5,0.5,0.131601853420305,0.13142919723144028
Ibuprofen,125,650,100,2.42,150,4.84,500,5,0.5,0.4421044150971774,0.4421044150971769
Ibuprofen,126,650,100,2.42,150,4.84,900,5,0.5,0.796964485585032,0.7969644855850317
Ibuprofen,127,650,300,1.93,50,3.86,150,5,0.5,0.0133151632576868,0.013315540975669431
Ibuprofen,128,650,300,1.93,50,3.86,500,5,0.5,0.0478154478884505,0.0476907284072563
Ibuprofen,129,650,300,1.93,50,3.86,900,5,0.5,0.0872443446093232,0.0870802581989633
Ibuprofen,130,650,300,1.93,150,3.86,150,5,0.5,0.131601853420305,0.13160185342030498
Ibuprofen,131,650,300,1.93,150,3.86,500,5,0.5,0.4421044150971774,0.44185360082553404
Ibuprofen,132,650,300,1.93,150,3.86,900,5,0.5,0.796964485585032,0.7969644855850317
Ibuprofen,133,650,300,1.44,50,2.88,150,5,0.5,0.0133151632576868,0.01331516325768681
Ibuprofen,134,650,300,1.44,50,2.88,500,5,0.5,0.0478154478884505,0.047724288771583974
Ibuprofen,135,650,300,1.44,50,2.88,900,5,0.5,0.0872443446093232,0.08713495366908329
Ibuprofen,136,650,300,1.44,150,2.88,150,5,0.5,0.131601853420305,0.13153087988815532
Ibuprofen,137,650,300,1.44,150,2.88,500,5,0.5,0.4421044150971774,0.4415687919354555
Ibuprofen,138,650,300,1.44,150,2.88,900,5,0.5,0.796964485585032,0.795979967122872
Ibuprofen,139,650,300,2.42,50,4.84,150,5,0.5,0.0133151632576868,0.013251729593862782
Ibuprofen,140,650,300,2.42,50,4.84,500,5,0.5,0.0478154478884505,0.04766034203496741
Ibuprofen,141,650,300,2.42,50,4.84,900,5,0.5,0.0872443446093232,0.08708479081475472
Ibuprofen,142,650,300,2.42,150,4.84,150,5,0.5,0.131601853420305,0.1313471540262603
Ibuprofen,143,650,300,2.42,150,4.84,500,5,0.5,0.4421044150971774,0.4410105056947771
Ibuprofen,144,650,300,2.42,150,4.84,900,5,0.5,0.796964485585032,0.7965130198960747
Diclofenac,1,350,100,1.93,50,3.86,150,5,0.5,0.0051748779185504,0.005174587108937969
Diclofenac,2,350,100,1.93,50,3.86,500,5,0.5,0.0206811634246624,0.0206821623773821
Diclofenac,3,350,100,1.93,50,3.86,900,5,0.5,0.0384026325745046,0.0383991428591552
Diclofenac,4,350,100,1.93,150,3.86,150,5,0.5,0.0583392853680772,0.05833797672482116
Diclofenac,5,350,100,1.93,150,3.86,500,5,0.5,0.1978958549230849,0.19789149277889828
Diclofenac,6,350,100,1.93,150,3.86,900,5,0.5,0.3573890772716651,0.3573655216930575
Diclofenac,7,350,100,1.44,50,2.88,150,5,0.5,0.0051748779185504,0.005174587108937969
Diclofenac,8,350,100,1.44,50,2.88,500,5,0.5,0.0206811634246624,0.02068019405928761
Diclofenac,9,350,100,1.44,50,2.88,900,5,0.5,0.0384026325745046,0.03840925787627679
Diclofenac,10,350,100,1.44,150,2.88,150,5,0.5,0.0583392853680772,0.05833797672482116
Diclofenac,11,350,100,1.44,150,2.88,500,5,0.5,0.1978958549230849,0.197882768490525
Diclofenac,12,350,100,1.44,150,2.88,900,5,0.5,0.3573890772716651,0.35738907727166536
Diclofenac,13,350,100,2.42,50,4.84,150,5,0.5,0.0051748779185504,0.005175982135512459
Diclofenac,14,350,100,2.42,50,4.84,500,5,0.5,0.0206811634246624,0.020684359465181837
Diclofenac,15,350,100,2.42,50,4.84,900,5,0.5,0.0384026325745046,0.03840176014566717
Diclofenac,16,350,100,2.42,150,4.84,150,5,0.5,0.0583392853680772,0.05833928536807715
Diclofenac,17,350,100,2.42,150,4.84,500,5,0.5,0.1978958549230849,0.19789149277889828
Diclofenac,18,350,100,2.42,150,4.84,900,5,0.5,0.3573890772716651,0.35737337355259347
Diclofenac,19,350,300,1.93,50,3.86,150,5,0.5,0.0051748779185504,0.0051748779185504115
Diclofenac,20,350,300,1.93,50,3.86,500,5,0.5,0.0206811634246624,0.02068067874197501
Diclofenac,21,350,300,1.93,50,3.86,900,5,0.5,0.0384026325745046,0.03840176014566717
Diclofenac,22,350,300,1.93,150,3.86,150,5,0.5,0.0583392853680772,0.058336668081565166
Diclofenac,23,350,300,1.93,150,3.86,500,5,0.5,0.1978958549230849,0.1978958549230849
Diclofenac,24,350,300,1.93,150,3.86,900,5,0.5,0.3573890772716651,0.35737337355259347
Diclofenac,25,350,300,1.44,50,2.88,150,5,0.5,0.0051748779185504,0.0051748779185504115
Diclofenac,26,350,300,1.44,50,2.88,500,5,0.5,0.0206811634246624,0.02068019405928761
Diclofenac,27,350,300,1.44,50,2.88,900,5,0.5,0.0384026325745046,0.03840088771682985
Diclofenac,28,350,300,1.44,150,2.88,150,5,0.5,0.0583392853680772,0.05833928536807715
Diclofenac,29,350,300,1.44,150,2.88,500,5,0.5,0.1978958549230849,0.1978958549230849
Diclofenac,30,350,300,1.44,150,2.88,900,5,0.5,0.3573890772716651,0.35738122541212936
Diclofenac,31,350,300,2.42,50,4.84,150,5,0.5,0.0051748779185504,0.005174587108937969
Diclofenac,32,350,300,2.42,50,4.84,500,5,0.5,0.0206811634246624,0.0206821623773821
Diclofenac,33,350,300,2.42,50,4.84,900,5,0.5,0.0384026325745046,0.0383991428591552
Diclofenac,34,350,300,2.42,150,4.84,150,5,0.5,0.0583392853680772,0.05833797672482116
Diclofenac,35,350,300,2.42,150,4.84,500,5,0.5,0.1978958549230849,0.197882768490525
Diclofenac,36,350,300,2.42,150,4.84,900,5,0.5,0.3573890772716651,0.35738907727166536
Diclofenac,37,450,100,1.93,50,3.86,150,5,0.5,0.0070736067560335,0.007073419806996943
Diclofenac,38,450,100,1.93,50,3.86,500,5,0.5,0.0270102595496061,0.027005897405419425
Diclofenac,39,450,100,1.93,50,3.86,900,5,0.5,0.0497950055994032,0.04979051882252552
Diclofenac,40,450,100,1.93,150,3.86,150,5,0.5,0.0754278449054251,0.07542616236409597
Diclofenac,41,450,100,1.93,150,3.86,500,5,0.5,0.2548577200475778,0.25484089463428683
Diclofenac,42,450,100,1.93,150,3.86,900,5,0.5,0.4599204344957524,0.45990024399980234
Diclofenac,43,450,100,1.44,50,2.88,150,5,0.5,0.0070736067560335,0.007073419806996943
Diclofenac,44,450,100,1.44,50,2.88,500,5,0.5,0.0270102595496061,0.02701499190801483
Diclofenac,45,450,100,1.44,50,2.88,900,5,0.5,0.0497950055994032,0.04979276221096436
Diclofenac,46,450,100,1.44,150,2.88,150,5,0.5,0.0754278449054251,0.07543893973179966
Diclofenac,47,450,100,1.44,150,2.88,500,5,0.5,0.2548577200475778,0.2548465031053839
Diclofenac,48,450,100,1.44,150,2.88,900,5,0.5,0.4599204344957524,0.4599103392477772
Diclofenac,49,450,100,2.42,50,4.84,150,5,0.5,0.0070736067560335,0.007073419806996943
Diclofenac,50,450,100,2.42,50,4.84,500,5,0.5,0.0270102595496061,0.027008390059240356
Diclofenac,51,450,100,2.42,50,4.84,900,5,0.5,0.0497950055994032,0.04979051882252552
Diclofenac,52,450,100,2.42,150,4.84,150,5,0.5,0.0754278449054251,0.0754278449054251
Diclofenac,53,450,100,2.42,150,4.84,500,5,0.5,0.2548577200475778,0.254852111576481
Diclofenac,54,450,100,2.42,150,4.84,900,5,0.5,0.4599204344957524,0.45992043449575193
Diclofenac,55,450,300,1.93,50,3.86,150,5,0.5,0.0070736067560335,0.007073045908923803
Diclofenac,56,450,300,1.93,50,3.86,500,5,0.5,0.0270102595496061,0.02700963638615082
Diclofenac,57,450,300,1.93,50,3.86,900,5,0.5,0.0497950055994032,0.04979956084985045
Diclofenac,58,450,300,1.93,150,3.86,150,5,0.5,0.0754278449054251,0.0754278449054251
Diclofenac,59,450,300,1.93,150,3.86,500,5,0.5,0.2548577200475778,0.2548577200475781
Diclofenac,60,450,300,1.93,150,3.86,900,5,0.5,0.4599204344957524,0.45992043449575193
Diclofenac,61,450,300,1.44,50,2.88,150,5,0.5,0.0070736067560335,0.007073419806996943
Diclofenac,62,450,300,1.44,50,2.88,500,5,0.5,0.0270102595496061,0.027009636386150816
Diclofenac,63,450,300,1.44,50,2.88,900,5,0.5,0.0497950055994032,0.0497950055994032
Diclofenac,64,450,300,1.44,150,2.88,150,5,0.5,0.0754278449054251,0.0754278449054251
Diclofenac,65,450,300,1.44,150,2.88,500,5,0.5,0.2548577200475778,0.2548577200475781
Diclofenac,66,450,300,1.44,150,2.88,900,5,0.5,0.4599204344957524,0.4599103392477772
Diclofenac,67,450,300,2.42,50,4.84,150,5,0.5,0.0070736067560335,0.007073232857960373
Diclofenac,68,450,300,2.42,50,4.84,500,5,0.5,0.0270102595496061,0.027005897405419418
Diclofenac,69,450,300,2.42,50,4.84,900,5,0.5,0.0497950055994032,0.04979164051674494
Diclofenac,70,450,300,2.42,150,4.84,150,5,0.5,0.0754278449054251,0.07542616236409597
Diclofenac,71,450,300,2.42,150,4.84,500,5,0.5,0.2548577200475778,0.254852111576481
Diclofenac,72,450,300,2.42,150,4.84,900,5,0.5,0.4599204344957524,0.4599103392477772
Diclofenac,73,550,100,1.93,50,3.86,150,5,0.5,0.0089723355935166,0.008974998712987238
Diclofenac,74,550,100,1.93,50,3.86,500,5,0.5,0.0333393556745497,0.03333783238610351
Diclofenac,75,550,100,1.93,50,3.86,900,5,0.5,0.0611873786243018,0.061184636705098924
Diclofenac,76,550,100,1.93,150,3.86,150,5,0.5,0.0925164044427729,0.09251434800337074
Diclofenac,77,550,100,1.93,150,3.86,500,5,0.5,0.3118195851720708,0.31180587557605555
Diclofenac,78,550,100,1.93,150,3.86,900,5,0.5,0.5624517917198398,0.5625454924163329
Diclofenac,79,550,100,1.44,50,2.88,150,5,0.5,0.0089723355935166,0.008972107100249697
Diclofenac,80,550,100,1.44,50,2.88,500,5,0.5,0.0333393556745497,0.033339355674549626
Diclofenac,81,550,100,1.44,50,2.88,900,5,0.5,0.0611873786243018,0.06118600766470043
Diclofenac,82,550,100,1.44,150,2.88,150,5,0.5,0.0925164044427729,0.09251640444277301
Diclofenac,83,550,100,1.44,150,2.88,500,5,0.5,0.3118195851720708,0.31180587557605555
Diclofenac,84,550,100,1.44,150,2.88,900,5,0.5,0.5624517917198398,0.5624517917198391
Diclofenac,85,550,100,2.42,50,4.84,150,5,0.5,0.0089723355935166,0.008972107100249697
Diclofenac,86,550,100,2.42,50,4.84,500,5,0.5,0.0333393556745497,0.033339355674549626
Diclofenac,87,550,100,2.42,50,4.84,900,5,0.5,0.0611873786243018,0.06118600766470043
Diclofenac,88,550,100,2.42,150,4.84,150,5,0.5,0.0925164044427729,0.09251640444277301
Diclofenac,89,550,100,2.42,150,4.84,500,5,0.5,0.3118195851720708,0.3118058755760556
Diclofenac,90,550,100,2.42,150,4.84,900,5,0.5,0.5624517917198398,0.5624271144470119
Diclofenac,91,550,300,1.93,50,3.86,150,5,0.5,0.0089723355935166,0.008973720501437856
Diclofenac,92,550,300,1.93,50,3.86,500,5,0.5,0.0333393556745497,0.033345139668160356
Diclofenac,93,550,300,1.93,50,3.86,900,5,0.5,0.0611873786243018,0.06118463670509891
Diclofenac,94,550,300,1.93,150,3.86,150,5,0.5,0.0925164044427729,0.09251640444277301
Diclofenac,95,550,300,1.93,150,3.86,500,5,0.5,0.3118195851720708,0.31180587557605555
Diclofenac,96,550,300,1.93,150,3.86,900,5,0.5,0.5624517917198398,0.5624147758105983
Diclofenac,97,550,300,1.44,50,2.88,150,5,0.5,0.0089723355935166,0.008971878606982779
Diclofenac,98,550,300,1.44,50,2.88,500,5,0.5,0.0333393556745497,0.033339355674549626
Diclofenac,99,550,300,1.44,50,2.88,900,5,0.5,0.0611873786243018,0.06118600766470043
Diclofenac,100,550,300,1.44,150,2.88,150,5,0.5,0.0925164044427729,0.09251640444277301
Diclofenac,101,550,300,1.44,150,2.88,500,5,0.5,0.3118195851720708,0.3118195851720707
Diclofenac,102,550,300,1.44,150,2.88,900,5,0.5,0.5624517917198398,0.5624394530834256
Diclofenac,103,550,300,2.42,50,4.84,150,5,0.5,0.0089723355935166,0.008974998712987238
Diclofenac,104,550,300,2.42,50,4.84,500,5,0.5,0.0333393556745497,0.03333783238610351
Diclofenac,105,550,300,2.42,50,4.84,900,5,0.5,0.0611873786243018,0.061184636705098924
Diclofenac,106,550,300,2.42,150,4.84,150,5,0.5,0.0925164044427729,0.09251229156396848
Diclofenac,107,550,300,2.42,150,4.84,500,5,0.5,0.3118195851720708,0.3118058755760556
Diclofenac,108,550,300,2.42,150,4.84,900,5,0.5,0.5624517917198398,0.5625454924163329
Diclofenac,109,650,100,1.93,50,3.86,150,5,0.5,0.0108710644309997,0.010869984281010645
Diclofenac,110,650,100,1.93,50,3.86,500,5,0.5,0.0396684517994934,0.039665751424520626
Diclofenac,111,650,100,1.93,50,3.86,900,5,0.5,0.0725797516492004,0.07257651119923338
Diclofenac,112,650,100,1.93,150,3.86,150,5,0.5,0.1096049639801208,0.10961483368942329
Diclofenac,113,650,100,1.93,150,3.86,500,5,0.5,0.3687814502965637,0.3687733491716456
Diclofenac,114,650,100,1.93,150,3.86,900,5,0.5,0.6649831489439271,0.6649539848942218
Diclofenac,115,650,100,1.44,50,2.88,150,5,0.5,0.0108710644309997,0.010872431102863914
Diclofenac,116,650,100,1.44,50,2.88,500,5,0.5,0.0396684517994934,0.03966755167450241
Diclofenac,117,650,100,1.44,50,2.88,900,5,0.5,0.0725797516492004,0.07257813142421699
Diclofenac,118,650,100,1.44,150,2.88,150,5,0.5,0.1096049639801208,0.10960496398012093
Diclofenac,119,650,100,1.44,150,2.88,500,5,0.5,0.3687814502965637,0.3687733491716456
Diclofenac,120,650,100,1.44,150,2.88,900,5,0.5,0.6649831489439271,0.6650501400561345
Diclofenac,121,650,100,2.42,50,4.84,150,5,0.5,0.0108710644309997,0.01087052435600518
Diclofenac,122,650,100,2.42,50,4.84,500,5,0.5,0.0396684517994934,0.03966755167450241
Diclofenac,123,650,100,2.42,50,4.84,900,5,0.5,0.0725797516492004,0.0725797516492006
Diclofenac,124,650,100,2.42,150,4.84,150,5,0.5,0.1096049639801208,0.10960496398012093
Diclofenac,125,650,100,2.42,150,4.84,500,5,0.5,0.3687814502965637,0.36876524804672756
Diclofenac,126,650,100,2.42,150,4.84,900,5,0.5,0.6649831489439271,0.6649685669190741
Diclofenac,127,650,300,1.93,50,3.86,150,5,0.5,0.0108710644309997,0.01087052435600518
Diclofenac,128,650,300,1.93,50,3.86,500,5,0.5,0.0396684517994934,0.03966755167450241
Diclofenac,129,650,300,1.93,50,3.86,900,5,0.5,0.0725797516492004,0.0725797516492006
Diclofenac,130,650,300,1.93,150,3.86,150,5,0.5,0.1096049639801208,0.10960253364264552
Diclofenac,131,650,300,1.93,150,3.86,500,5,0.5,0.3687814502965637,0.3687733491716456
Diclofenac,132,650,300,1.93,150,3.86,900,5,0.5,0.6649831489439271,0.6649685669190741
Diclofenac,133,650,300,1.44,50,2.88,150,5,0.5,0.0108710644309997,0.010872161065366646
Diclofenac,134,650,300,1.44,50,2.88,500,5,0.5,0.0396684517994934,0.0396675516745024
Diclofenac,135,650,300,1.44,50,2.88,900,5,0.5,0.0725797516492004,0.0725797516492006
Diclofenac,136,650,300,1.44,150,2.88,150,5,0.5,0.1096049639801208,0.10960253364264552
Diclofenac,137,650,300,1.44,150,2.88,500,5,0.5,0.3687814502965637,0.3687733491716456
Diclofenac,138,650,300,1.44,150,2.88,900,5,0.5,0.6649831489439271,0.6649685669190742
Diclofenac,139,650,300,2.42,50,4.84,150,5,0.5,0.0108710644309997,0.01087052435600518
Diclofenac,140,650,300,2.42,50,4.84,500,5,0.5,0.0396684517994934,0.039665751424520626
Diclofenac,141,650,300,2.42,50,4.84,900,5,0.5,0.0725797516492004,0.07257489097424977
Diclofenac,142,650,300,2.42,150,4.84,150,5,0.5,0.1096049639801208,0.1096172640268987
Diclofenac,143,650,300,2.42,150,4.84,500,5,0.5,0.3687814502965637,0.3687733491716456
Diclofenac,144,650,300,2.42,150,4.84,900,5,0.5,0.6649831489439271,0.6649539848942218
Loratadine,1,350,100,1.93,50,3.86,150,5,0.5,0.0043732907095883,0.004371012725395831
Loratadine,2,350,100,1.93,50,3.86,500,5,0.5,0.0180092060614553,0.018010086682518408
Loratadine,3,350,100,1.93,50,3.86,900,5,0.5,0.0335931093207319,0.03358767860672982
Loratadine,4,350,100,1.93,150,3.86,150,5,0.5,0.0511250004874181,0.051120927451916494
Loratadine,5,350,100,1.93,150,3.86,500,5,0.5,0.1738482386542212,0.1737448199688689
Loratadine,6,350,100,1.93,150,3.86,900,5,0.5,0.3141033679877105,0.31403005334868195
Loratadine,7,350,100,1.44,50,2.88,150,5,0.5,0.0043732907095883,0.004372838150088133
Loratadine,8,350,100,1.44,50,2.88,500,5,0.5,0.0180092060614553,0.018009206061455337
Loratadine,9,350,100,1.44,50,2.88,900,5,0.5,0.0335931093207319,0.03360012515264748
Loratadine,10,350,100,1.44,150,2.88,150,5,0.5,0.0511250004874181,0.05107109534720979
Loratadine,11,350,100,1.44,150,2.88,500,5,0.5,0.1738482386542212,0.17383466186921595
Loratadine,12,350,100,1.44,150,2.88,900,5,0.5,0.3141033679877105,0.3141909486879595
Loratadine,13,350,100,2.42,50,4.84,150,5,0.5,0.0043732907095883,0.0043689383010762205
Loratadine,14,350,100,2.42,50,4.84,500,5,0.5,0.0180092060614553,0.018007697529788095
Loratadine,15,350,100,2.42,50,4.84,900,5,0.5,0.0335931093207319,0.03359310932073189
Loratadine,16,350,100,2.42,150,4.84,150,5,0.5,0.0511250004874181,0.05112500048741804
Loratadine,17,350,100,2.42,150,4.84,500,5,0.5,0.1738482386542212,0.17384823865422114
Loratadine,18,350,100,2.42,150,4.84,900,5,0.5,0.3141033679877105,0.3139416525670851
Loratadine,19,350,300,1.93,50,3.86,150,5,0.5,0.0043732907095883,0.004372385590587961
Loratadine,20,350,300,1.93,50,3.86,500,5,0.5,0.0180092060614553,0.018007697529788095
Loratadine,21,350,300,1.93,50,3.86,900,5,0.5,0.0335931093207319,0.033590393963730855
Loratadine,22,350,300,1.93,150,3.86,150,5,0.5,0.0511250004874181,0.05112500048741804
Loratadine,23,350,300,1.93,150,3.86,500,5,0.5,0.1738482386542212,0.1738210850842108
Loratadine,24,350,300,1.93,150,3.86,900,5,0.5,0.3141033679877105,0.3139172143540758
Loratadine,25,350,300,1.44,50,2.88,150,5,0.5,0.0043732907095883,0.004372838150088133
Loratadine,26,350,300,1.44,50,2.88,500,5,0.5,0.0180092060614553,0.018006188998120856
Loratadine,27,350,300,1.44,50,2.88,900,5,0.5,0.0335931093207319,0.03359310932073189
Loratadine,28,350,300,1.44,150,2.88,150,5,0.5,0.0511250004874181,0.05112500048741804
Loratadine,29,350,300,1.44,150,2.88,500,5,0.5,0.1738482386542212,0.17384823865422114
Loratadine,30,350,300,1.44,150,2.88,900,5,0.5,0.3141033679877105,0.31407892977470053
Loratadine,31,350,300,2.42,50,4.84,150,5,0.5,0.0043732907095883,0.004368470554884433
Loratadine,32,350,300,2.42,50,4.84,500,5,0.5,0.0180092060614553,0.018010086682518408
Loratadine,33,350,300,2.42,50,4.84,900,5,0.5,0.0335931093207319,0.033566994869659375
Loratadine,34,350,300,2.42,150,4.84,150,5,0.5,0.0511250004874181,0.05113145119978989
Loratadine,35,350,300,2.42,150,4.84,500,5,0.5,0.1738482386542212,0.1737312431838637
Loratadine,36,350,300,2.42,150,4.84,900,5,0.5,0.3141033679877105,0.31405449156169124
Loratadine,37,450,100,1.93,50,3.86,150,5,0.5,0.0060429946302251,0.0060418309057960855
Loratadine,38,450,100,1.93,50,3.86,500,5,0.5,0.0235748857969112,0.023567127634051114
Loratadine,39,450,100,1.93,50,3.86,900,5,0.5,0.0436113328445526,0.04360435049797852
Loratadine,40,450,100,1.93,150,3.86,150,5,0.5,0.0661523357731491,0.06611244570879907
Loratadine,41,450,100,1.93,150,3.86,500,5,0.5,0.2239393562733246,0.22386894703519275
Loratadine,42,450,100,1.93,150,3.86,900,5,0.5,0.4042673797020965,0.40420453858293065
Loratadine,43,450,100,1.44,50,2.88,150,5,0.5,0.0060429946302251,0.0060418309057960855
Loratadine,44,450,100,1.44,50,2.88,500,5,0.5,0.0235748857969112,0.023547277141811304
Loratadine,45,450,100,1.44,50,2.88,900,5,0.5,0.0436113328445526,0.04360435049797852
Loratadine,46,450,100,1.44,150,2.88,150,5,0.5,0.0661523357731491,0.06614709901321866
Loratadine,47,450,100,1.44,150,2.88,500,5,0.5,0.2239393562733246,0.2239219004068892
Loratadine,48,450,100,1.44,150,2.88,900,5,0.5,0.4042673797020965,0.4040594598755799
Loratadine,49,450,100,2.42,50,4.84,150,5,0.5,0.0060429946302251,0.006042994630225099
Loratadine,50,450,100,2.42,50,4.84,500,5,0.5,0.0235748857969112,0.023572946256196183
Loratadine,51,450,100,2.42,50,4.84,900,5,0.5,0.0436113328445526,0.04360435049797852
Loratadine,52,450,100,2.42,150,4.84,150,5,0.5,0.0661523357731491,0.0661124457087991
Loratadine,53,450,100,2.42,150,4.84,500,5,0.5,0.2239393562733246,0.2239219004068892
Loratadine,54,450,100,2.42,150,4.84,900,5,0.5,0.4042673797020965,0.40402803931599657
Loratadine,55,450,300,1.93,50,3.86,150,5,0.5,0.0060429946302251,0.006042412768010592
Loratadine,56,450,300,1.93,50,3.86,500,5,0.5,0.0235748857969112,0.023574885796911207
Loratadine,57,450,300,1.93,50,3.86,900,5,0.5,0.0436113328445526,0.04358124829503213
Loratadine,58,450,300,1.93,150,3.86,150,5,0.5,0.0661523357731491,0.06615233577314923
Loratadine,59,450,300,1.93,150,3.86,500,5,0.5,0.2239393562733246,0.2239219004068892
Loratadine,60,450,300,1.93,150,3.86,900,5,0.5,0.4042673797020965,0.4042359591425141
Loratadine,61,450,300,1.44,50,2.88,150,5,0.5,0.0060429946302251,0.0060418309057960855
Loratadine,62,450,300,1.44,50,2.88,500,5,0.5,0.0235748857969112,0.023577957564707326
Loratadine,63,450,300,1.44,50,2.88,900,5,0.5,0.0436113328445526,0.04358124829503213
Loratadine,64,450,300,1.44,150,2.88,150,5,0.5,0.0661523357731491,0.06611768246872964
Loratadine,65,450,300,1.44,150,2.88,500,5,0.5,0.2239393562733246,0.22393935627332442
Loratadine,66,450,300,1.44,150,2.88,900,5,0.5,0.4042673797020965,0.40420453858293065
Loratadine,67,450,300,2.42,50,4.84,150,5,0.5,0.0060429946302251,0.0060418309057960855
Loratadine,68,450,300,2.42,50,4.84,500,5,0.5,0.0235748857969112,0.023567127634051114
Loratadine,69,450,300,2.42,50,4.84,900,5,0.5,0.0436113328445526,0.04360435049797852
Loratadine,70,450,300,2.42,150,4.84,150,5,0.5,0.0661523357731491,0.06613121300170971
Loratadine,71,450,300,2.42,150,4.84,500,5,0.5,0.2239393562733246,0.22380638939215725
Loratadine,72,450,300,2.42,150,4.84,900,5,0.5,0.4042673797020965,0.4042857217808111
Loratadine,73,550,100,1.93,50,3.86,150,5,0.5,0.0077126985508619,0.00771382486572046
Loratadine,74,550,100,1.93,50,3.86,500,5,0.5,0.0291405655323672,0.02913345388307872
Loratadine,75,550,100,1.93,50,3.86,900,5,0.5,0.0536295563683732,0.0536252893788002
Loratadine,76,550,100,1.93,150,3.86,150,5,0.5,0.0811796710588801,0.08117327057452053
Loratadine,77,550,100,1.93,150,3.86,500,5,0.5,0.2740304738924278,0.273987803996697
Loratadine,78,550,100,1.93,150,3.86,900,5,0.5,0.4944313914164825,0.49435458560416834
Loratadine,79,550,100,1.44,50,2.88,150,5,0.5,0.0077126985508619,0.007712698550861883
Loratadine,80,550,100,1.44,50,2.88,500,5,0.5,0.0291405655323672,0.029140565532367144
Loratadine,81,550,100,1.44,50,2.88,900,5,0.5,0.0536295563683732,0.05362955636837326
Loratadine,82,550,100,1.44,150,2.88,150,5,0.5,0.0811796710588801,0.08117967105888012
Loratadine,83,550,100,1.44,150,2.88,500,5,0.5,0.2740304738924278,0.2740304738924275
Loratadine,84,550,100,1.44,150,2.88,900,5,0.5,0.4944313914164825,0.49443139141648323
Loratadine,85,550,100,2.42,50,4.84,150,5,0.5,0.0077126985508619,0.007711987385933042
Loratadine,86,550,100,2.42,50,4.84,500,5,0.5,0.0291405655323672,0.029138194982604334
Loratadine,87,550,100,2.42,50,4.84,900,5,0.5,0.0536295563683732,0.05364484823667081
Loratadine,88,550,100,2.42,150,4.84,150,5,0.5,0.0811796710588801,0.0811604696058014
Loratadine,89,550,100,2.42,150,4.84,500,5,0.5,0.2740304738924278,0.273987803996697
Loratadine,90,550,100,2.42,150,4.84,900,5,0.5,0.4944313914164825,0.49443139141648323
Loratadine,91,550,300,1.93,50,3.86,150,5,0.5,0.0077126985508619,0.007703286542254093
Loratadine,92,550,300,1.93,50,3.86,500,5,0.5,0.0291405655323672,0.029138194982604334
Loratadine,93,550,300,1.93,50,3.86,900,5,0.5,0.0536295563683732,0.05362955636837326
Loratadine,94,550,300,1.93,150,3.86,150,5,0.5,0.0811796710588801,0.0811309165357855
Loratadine,95,550,300,1.93,150,3.86,500,5,0.5,0.2740304738924278,0.2740304738924275
Loratadine,96,550,300,1.93,150,3.86,900,5,0.5,0.4944313914164825,0.49439298851032576
Loratadine,97,550,300,1.44,50,2.88,150,5,0.5,0.0077126985508619,0.0077072813816291465
Loratadine,98,550,300,1.44,50,2.88,500,5,0.5,0.0291405655323672,0.029140565532367144
Loratadine,99,550,300,1.44,50,2.88,900,5,0.5,0.0536295563683732,0.05362955636837326
Loratadine,100,550,300,1.44,150,2.88,150,5,0.5,0.0811796710588801,0.08117967105888012
Loratadine,101,550,300,1.44,150,2.88,500,5,0.5,0.2740304738924278,0.273987803996697
Loratadine,102,550,300,1.44,150,2.88,900,5,0.5,0.4944313914164825,0.4943929885103258
Loratadine,103,550,300,2.42,50,4.84,150,5,0.5,0.0077126985508619,0.00771382486572046
Loratadine,104,550,300,2.42,50,4.84,500,5,0.5,0.0291405655323672,0.029135824432841528
Loratadine,105,550,300,2.42,50,4.84,900,5,0.5,0.0536295563683732,0.0536252893788002
Loratadine,106,550,300,2.42,150,4.84,150,5,0.5,0.0811796710588801,0.08117327057452055
Loratadine,107,550,300,2.42,150,4.84,500,5,0.5,0.2740304738924278,0.273987803996697
Loratadine,108,550,300,2.42,150,4.84,900,5,0.5,0.4944313914164825,0.49435458560416834
Loratadine,109,650,100,1.93,50,3.86,150,5,0.5,0.0093824024714986,0.009379040600925878
Loratadine,110,650,100,1.93,50,3.86,500,5,0.5,0.0347062452678231,0.034687706462989645
Loratadine,111,650,100,1.93,50,3.86,900,5,0.5,0.0636477798921939,0.06364777989219393
Loratadine,112,650,100,1.93,150,3.86,150,5,0.5,0.0962070063446111,0.09617674950945672
Loratadine,113,650,100,1.93,150,3.86,500,5,0.5,0.3241215915115312,0.32409637748223585
Loratadine,114,650,100,1.93,150,3.86,900,5,0.5,0.5845954031308684,0.5838585900960684
Loratadine,115,650,100,1.44,50,2.88,150,5,0.5,0.0093824024714986,0.009381562003855405
Loratadine,116,650,100,1.44,50,2.88,500,5,0.5,0.0347062452678231,0.03470344370901258
Loratadine,117,650,100,1.44,50,2.88,900,5,0.5,0.0636477798921939,0.06366585210018197
Loratadine,118,650,100,1.44,150,2.88,150,5,0.5,0.0962070063446111,0.09619944213582249
Loratadine,119,650,100,1.44,150,2.88,500,5,0.5,0.3241215915115312,0.32407116345294057
Loratadine,120,650,100,1.44,150,2.88,900,5,0.5,0.5845954031308684,0.5841589187343714
Loratadine,121,650,100,2.42,50,4.84,150,5,0.5,0.0093824024714986,0.009381562003855405
Loratadine,122,650,100,2.42,50,4.84,500,5,0.5,0.0347062452678231,0.03470064215020199
Loratadine,123,650,100,2.42,50,4.84,900,5,0.5,0.0636477798921939,0.06364273708633487
Loratadine,124,650,100,2.42,150,4.84,150,5,0.5,0.0962070063446111,0.09619187792703389
Loratadine,125,650,100,2.42,150,4.84,500,5,0.5,0.3241215915115312,0.32409637748223585
Loratadine,126,650,100,2.42,150,4.84,900,5,0.5,0.5845954031308684,0.5842496892398346
Loratadine,127,650,300,1.93,50,3.86,150,5,0.5,0.0093824024714986,0.00937600036240535
Loratadine,128,650,300,1.93,50,3.86,500,5,0.5,0.0347062452678231,0.03470344370901258
Loratadine,129,650,300,1.93,50,3.86,900,5,0.5,0.0636477798921939,0.06363769428047582
Loratadine,130,650,300,1.93,150,3.86,150,5,0.5,0.0962070063446111,0.09620700634461109
Loratadine,131,650,300,1.93,150,3.86,500,5,0.5,0.3241215915115312,0.32395474226802945
Loratadine,132,650,300,1.93,150,3.86,900,5,0.5,0.5845954031308684,0.5845500178781377
Loratadine,133,650,300,1.44,50,2.88,150,5,0.5,0.0093824024714986,0.009378171929426844
Loratadine,134,650,300,1.44,50,2.88,500,5,0.5,0.0347062452678231,0.0346978405913914
Loratadine,135,650,300,1.44,50,2.88,900,5,0.5,0.0636477798921939,0.06364777989219393
Loratadine,136,650,300,1.44,150,2.88,150,5,0.5,0.0962070063446111,0.09619944213582249
Loratadine,137,650,300,1.44,150,2.88,500,5,0.5,0.3241215915115312,0.3241215915115312
Loratadine,138,650,300,1.44,150,2.88,900,5,0.5,0.5845954031308684,0.5847580530027614
Loratadine,139,650,300,2.42,50,4.84,150,5,0.5,0.0093824024714986,0.009379881068569055
Loratadine,140,650,300,2.42,50,4.84,500,5,0.5,0.0347062452678231,0.034684904904179054
Loratadine,141,650,300,2.42,50,4.84,900,5,0.5,0.0636477798921939,0.0636144100434936
Loratadine,142,650,300,2.42,150,4.84,150,5,0.5,0.0962070063446111,0.09616918530066812
Loratadine,143,650,300,2.42,150,4.84,500,5,0.5,0.3241215915115312,0.32409637748223585
Loratadine,144,650,300,2.42,150,4.84,900,5,0.5,0.5845954031308684,0.5835128762050338
Cetirizine,1,350,100,1.93,50,3.86,150,5,0.5,0.0043280347595711,0.004332183608210326
Cetirizine,2,350,100,1.93,50,3.86,500,5,0.5,0.0178583528947313,0.017866776174130593
Cetirizine,3,350,100,1.93,50,3.86,900,5,0.5,0.0333215736206286,0.033314466668563386
Cetirizine,4,350,100,1.93,150,3.86,150,5,0.5,0.0507176969372632,0.050729916043767795
Cetirizine,5,350,100,1.93,150,3.86,500,5,0.5,0.1724905601537048,0.17245502539337823
Cetirizine,6,350,100,1.93,150,3.86,900,5,0.5,0.3116595466867811,0.3115467076921745
Cetirizine,7,350,100,1.44,50,2.88,150,5,0.5,0.0043280347595711,0.004328034759571105
Cetirizine,8,350,100,1.44,50,2.88,500,5,0.5,0.0178583528947313,0.0178613699580658
Cetirizine,9,350,100,1.44,50,2.88,900,5,0.5,0.0333215736206286,0.03333945088054839
Cetirizine,10,350,100,1.44,150,2.88,150,5,0.5,0.0507176969372632,0.05069481740266058
Cetirizine,11,350,100,1.44,150,2.88,500,5,0.5,0.1724905601537048,0.17253129050872015
Cetirizine,12,350,100,1.44,150,2.88,900,5,0.5,0.3116595466867811,0.31177156560003966
Cetirizine,13,350,100,2.42,50,4.84,150,5,0.5,0.0043280347595711,0.004328034759571105
Cetirizine,14,350,100,2.42,50,4.84,500,5,0.5,0.0178583528947313,0.017851387524693903
Cetirizine,15,350,100,2.42,50,4.84,900,5,0.5,0.0333215736206286,0.033321573620628674
Cetirizine,16,350,100,2.42,150,4.84,150,5,0.5,0.0507176969372632,0.050717696937263156
Cetirizine,17,350,100,2.42,150,4.84,500,5,0.5,0.1724905601537048,0.17253129050872015
Cetirizine,18,350,100,2.42,150,4.84,900,5,0.5,0.3116595466867811,0.3115222694791652
Cetirizine,19,350,300,1.93,50,3.86,150,5,0.5,0.0043280347595711,0.0043301091838907155
Cetirizine,20,350,300,1.93,50,3.86,500,5,0.5,0.0178583528947313,0.01785835289473132
Cetirizine,21,350,300,1.93,50,3.86,900,5,0.5,0.0333215736206286,0.033329719691631766
Cetirizine,22,350,300,1.93,150,3.86,150,5,0.5,0.0507176969372632,0.05073636675613964
Cetirizine,23,350,300,1.93,150,3.86,500,5,0.5,0.1724905601537048,0.1725041369387098
Cetirizine,24,350,300,1.93,150,3.86,900,5,0.5,0.3116595466867811,0.31168398489979
Cetirizine,25,350,300,1.44,50,2.88,150,5,0.5,0.0043280347595711,0.004328034759571105
Cetirizine,26,350,300,1.44,50,2.88,500,5,0.5,0.0178583528947313,0.01785986142639856
Cetirizine,27,350,300,1.44,50,2.88,900,5,0.5,0.0333215736206286,0.03332428897762971
Cetirizine,28,350,300,1.44,150,2.88,150,5,0.5,0.0507176969372632,0.05073636675613964
Cetirizine,29,350,300,1.44,150,2.88,500,5,0.5,0.1724905601537048,0.17249056015370468
Cetirizine,30,350,300,1.44,150,2.88,900,5,0.5,0.3116595466867811,0.31168398489979
Cetirizine,31,350,300,2.42,50,4.84,150,5,0.5,0.0043280347595711,0.0043300939971991
Cetirizine,32,350,300,2.42,50,4.84,500,5,0.5,0.0178583528947313,0.017866776174130593
Cetirizine,33,350,300,2.42,50,4.84,900,5,0.5,0.0333215736206286,0.03329649828849397
Cetirizine,34,350,300,2.42,150,4.84,150,5,0.5,0.0507176969372632,0.05074451282714274
Cetirizine,35,350,300,2.42,150,4.84,500,5,0.5,0.1724905601537048,0.1724414486083731
Cetirizine,36,350,300,2.42,150,4.84,900,5,0.5,0.3116595466867811,0.3115711459051838
Cetirizine,37,450,100,1.93,50,3.86,150,5,0.5,0.0059848084087744,0.005985972133203414
Cetirizine,38,450,100,1.93,50,3.86,500,5,0.5,0.0233809317254089,0.023373915790361556
Cetirizine,39,450,100,1.93,50,3.86,900,5,0.5,0.0432622155158484,0.043249586832763025
Cetirizine,40,450,100,1.93,150,3.86,150,5,0.5,0.0656286597800927,0.06565790059286457
Cetirizine,41,450,100,1.93,150,3.86,500,5,0.5,0.2221937696298035,0.2221125845755515
Cetirizine,42,450,100,1.93,150,3.86,900,5,0.5,0.4011253237437586,0.4009802450364077
Cetirizine,43,450,100,1.44,50,2.88,150,5,0.5,0.0059848084087744,0.005984808408774399
Cetirizine,44,450,100,1.44,50,2.88,500,5,0.5,0.0233809317254089,0.02338287126612395
Cetirizine,45,450,100,1.44,50,2.88,900,5,0.5,0.0432622155158484,0.04326570668913534
Cetirizine,46,450,100,1.44,150,2.88,150,5,0.5,0.0656286597800927,0.06562865978009282
Cetirizine,47,450,100,1.44,150,2.88,500,5,0.5,0.2221937696298035,0.22219376962980386
Cetirizine,48,450,100,1.44,150,2.88,900,5,0.5,0.4011253237437586,0.4011567443033418
Cetirizine,49,450,100,2.42,50,4.84,150,5,0.5,0.0059848084087744,0.005985972133203414
Cetirizine,50,450,100,2.42,50,4.84,500,5,0.5,0.0233809317254089,0.023380931725408925
Cetirizine,51,450,100,2.42,50,4.84,900,5,0.5,0.0432622155158484,0.043246095659475986
Cetirizine,52,450,100,2.42,150,4.84,150,5,0.5,0.0656286597800927,0.06560971675546491
Cetirizine,53,450,100,2.42,150,4.84,500,5,0.5,0.2221937696298035,0.22219376962980386
Cetirizine,54,450,100,2.42,150,4.84,900,5,0.5,0.4011253237437586,0.40112532374375837
Cetirizine,55,450,300,1.93,50,3.86,150,5,0.5,0.0059848084087744,0.005984808408774399
Cetirizine,56,450,300,1.93,50,3.86,500,5,0.5,0.0233809317254089,0.02338287126612395
Cetirizine,57,450,300,1.93,50,3.86,900,5,0.5,0.0432622155158484,0.043281709391029474
Cetirizine,58,450,300,1.93,150,3.86,150,5,0.5,0.0656286597800927,0.06560971675546491
Cetirizine,59,450,300,1.93,150,3.86,500,5,0.5,0.2221937696298035,0.2222112254962391
Cetirizine,60,450,300,1.93,150,3.86,900,5,0.5,0.4011253237437586,0.40130076862038905
Cetirizine,61,450,300,1.44,50,2.88,150,5,0.5,0.0059848084087744,0.005984808408774399
Cetirizine,62,450,300,1.44,50,2.88,500,5,0.5,0.0233809317254089,0.02338982211535011
Cetirizine,63,450,300,1.44,50,2.88,900,5,0.5,0.0432622155158484,0.04326919786242238
Cetirizine,64,450,300,1.44,150,2.88,150,5,0.5,0.0656286597800927,0.06560447999553434
Cetirizine,65,450,300,1.44,150,2.88,500,5,0.5,0.2221937696298035,0.22219376962980386
Cetirizine,66,450,300,1.44,150,2.88,900,5,0.5,0.4011253237437586,0.4011567443033418
Cetirizine,67,450,300,2.42,50,4.84,150,5,0.5,0.0059848084087744,0.005985972133203414
Cetirizine,68,450,300,2.42,50,4.84,500,5,0.5,0.0233809317254089,0.023373915790361556
Cetirizine,69,450,300,2.42,50,4.84,900,5,0.5,0.0432622155158484,0.043249586832763025
Cetirizine,70,450,300,2.42,150,4.84,150,5,0.5,0.0656286597800927,0.06568190464570578
Cetirizine,71,450,300,2.42,150,4.84,500,5,0.5,0.2221937696298035,0.22203257106608082
Cetirizine,72,450,300,2.42,150,4.84,900,5,0.5,0.4011253237437586,0.4010928487938715
Cetirizine,73,550,100,1.93,50,3.86,150,5,0.5,0.0076415820579777,0.007648077812466806
Cetirizine,74,550,100,1.93,50,3.86,500,5,0.5,0.0289035105560865,0.02892148823752521
Cetirizine,75,550,100,1.93,50,3.86,900,5,0.5,0.0532028574110681,0.05323095024808483
Cetirizine,76,550,100,1.93,150,3.86,150,5,0.5,0.0805396226229223,0.08052927100598506
Cetirizine,77,550,100,1.93,150,3.86,500,5,0.5,0.2718969791059021,0.2719396490016333
Cetirizine,78,550,100,1.93,150,3.86,900,5,0.5,0.4905911008007362,0.490629503706893
Cetirizine,79,550,100,1.44,50,2.88,150,5,0.5,0.0076415820579777,0.0076382983835315
Cetirizine,80,550,100,1.44,50,2.88,500,5,0.5,0.0289035105560865,0.028892564974599085
Cetirizine,81,550,100,1.44,50,2.88,900,5,0.5,0.0532028574110681,0.05320285741106811
Cetirizine,82,550,100,1.44,150,2.88,150,5,0.5,0.0805396226229223,0.08051006955290632
Cetirizine,83,550,100,1.44,150,2.88,500,5,0.5,0.2718969791059021,0.2718749282140043
Cetirizine,84,550,100,1.44,150,2.88,900,5,0.5,0.4905911008007362,0.49049058819295516
Cetirizine,85,550,100,2.42,50,4.84,150,5,0.5,0.0076415820579777,0.0076382983835315
Cetirizine,86,550,100,2.42,50,4.84,500,5,0.5,0.0289035105560865,0.028892564974599085
Cetirizine,87,550,100,2.42,50,4.84,900,5,0.5,0.0532028574110681,0.05322241626893872
Cetirizine,88,550,100,2.42,150,4.84,150,5,0.5,0.0805396226229223,0.08054602310728179
Cetirizine,89,550,100,2.42,150,4.84,500,5,0.5,0.2718969791059021,0.27177713392465125
Cetirizine,90,550,100,2.42,150,4.84,900,5,0.5,0.4905911008007362,0.490629503706893
Cetirizine,91,550,300,1.93,50,3.86,150,5,0.5,0.0076415820579777,0.007642293222906553
Cetirizine,92,550,300,1.93,50,3.86,500,5,0.5,0.0289035105560865,0.028890194424836278
Cetirizine,93,550,300,1.93,50,3.86,900,5,0.5,0.0532028574110681,0.05320285741106811
Cetirizine,94,550,300,1.93,150,3.86,150,5,0.5,0.0805396226229223,0.08056896090972812
Cetirizine,95,550,300,1.93,150,3.86,500,5,0.5,0.2718969791059021,0.2719823188973638
Cetirizine,96,550,300,1.93,150,3.86,900,5,0.5,0.4905911008007362,0.49037537947448273
Cetirizine,97,550,300,1.44,50,2.88,150,5,0.5,0.0076415820579777,0.007641582057977711
Cetirizine,98,550,300,1.44,50,2.88,500,5,0.5,0.0289035105560865,0.02890351055608645
Cetirizine,99,550,300,1.44,50,2.88,900,5,0.5,0.0532028574110681,0.05320712440064116
Cetirizine,100,550,300,1.44,150,2.88,150,5,0.5,0.0805396226229223,0.08050366906854674
Cetirizine,101,550,300,1.44,150,2.88,500,5,0.5,0.2718969791059021,0.27191831405376804
Cetirizine,102,550,300,1.44,150,2.88,900,5,0.5,0.4905911008007362,0.4901596581482299
Cetirizine,103,550,300,2.42,50,4.84,150,5,0.5,0.0076415820579777,0.007648077812466806
Cetirizine,104,550,300,2.42,50,4.84,500,5,0.5,0.0289035105560865,0.028923858787288016
Cetirizine,105,550,300,2.42,50,4.84,900,5,0.5,0.0532028574110681,0.05323095024808483
Cetirizine,106,550,300,2.42,150,4.84,150,5,0.5,0.0805396226229223,0.08052927100598506
Cetirizine,107,550,300,2.42,150,4.84,500,5,0.5,0.2718969791059021,0.2719396490016333
Cetirizine,108,550,300,2.42,150,4.84,900,5,0.5,0.4905911008007362,0.490629503706893
Cetirizine,109,650,100,1.93,50,3.86,150,5,0.5,0.009298355707181,0.00930171757775369
Cetirizine,110,650,100,1.93,50,3.86,500,5,0.5,0.0344260893867642,0.034425995373911306
Cetirizine,111,650,100,1.93,50,3.86,900,5,0.5,0.0631434993062878,0.06315358491800595
Cetirizine,112,650,100,1.93,150,3.86,150,5,0.5,0.0954505854657519,0.09548084230090627
Cetirizine,113,650,100,1.93,150,3.86,500,5,0.5,0.3216001885820008,0.32148376739708906
Cetirizine,114,650,100,1.93,150,3.86,900,5,0.5,0.5800568778577138,0.5804010687405328
Cetirizine,115,650,100,1.44,50,2.88,150,5,0.5,0.009298355707181,0.009299196174824161
Cetirizine,116,650,100,1.44,50,2.88,500,5,0.5,0.0344260893867642,0.034423193815100714
Cetirizine,117,650,100,1.44,50,2.88,900,5,0.5,0.0631434993062878,0.06313828727729363
Cetirizine,118,650,100,1.44,150,2.88,150,5,0.5,0.0954505854657519,0.09540809490148998
Cetirizine,119,650,100,1.44,150,2.88,500,5,0.5,0.3216001885820008,0.3214585533677938
Cetirizine,120,650,100,1.44,150,2.88,900,5,0.5,0.5800568778577138,0.5798927049776058
Cetirizine,121,650,100,2.42,50,4.84,150,5,0.5,0.009298355707181,0.009299196174824161
Cetirizine,122,650,100,2.42,50,4.84,500,5,0.5,0.0344260893867642,0.03442889094557475
Cetirizine,123,650,100,2.42,50,4.84,900,5,0.5,0.0631434993062878,0.06315358491800596
Cetirizine,124,650,100,2.42,150,4.84,150,5,0.5,0.0954505854657519,0.09546571388332908
Cetirizine,125,650,100,2.42,150,4.84,500,5,0.5,0.3216001885820008,0.3216254026112954
Cetirizine,126,650,100,2.42,150,4.84,900,5,0.5,0.5800568778577138,0.5795923763393028
Cetirizine,127,650,300,1.93,50,3.86,150,5,0.5,0.009298355707181,0.009298355707180985
Cetirizine,128,650,300,1.93,50,3.86,500,5,0.5,0.0344260893867642,0.03441315369955181
Cetirizine,129,650,300,1.93,50,3.86,900,5,0.5,0.0631434993062878,0.06314854211214689
Cetirizine,130,650,300,1.93,150,3.86,150,5,0.5,0.0954505854657519,0.09540809490148998
Cetirizine,131,650,300,1.93,150,3.86,500,5,0.5,0.3216001885820008,0.321831338720471
Cetirizine,132,650,300,1.93,150,3.86,900,5,0.5,0.5800568778577138,0.5800568778577143
Cetirizine,133,650,300,1.44,50,2.88,150,5,0.5,0.009298355707181,0.00929748703568195
Cetirizine,134,650,300,1.44,50,2.88,500,5,0.5,0.0344260893867642,0.03441035214074122
Cetirizine,135,650,300,1.44,50,2.88,900,5,0.5,0.0631434993062878,0.06315862772386502
Cetirizine,136,650,300,1.44,150,2.88,150,5,0.5,0.0954505854657519,0.0954505854657519
Cetirizine,137,650,300,1.44,150,2.88,500,5,0.5,0.3216001885820008,0.3214585533677938
Cetirizine,138,650,300,1.44,150,2.88,900,5,0.5,0.5800568778577138,0.5802649129823381
Cetirizine,139,650,300,2.42,50,4.84,150,5,0.5,0.009298355707181,0.009302558045396866
Cetirizine,140,650,300,2.42,50,4.84,500,5,0.5,0.0344260893867642,0.034423193815100714
Cetirizine,141,650,300,2.42,50,4.84,900,5,0.5,0.0631434993062878,0.06312525787516467
Cetirizine,142,650,300,2.42,150,4.84,150,5,0.5,0.0954505854657519,0.09547327809211767
Cetirizine,143,650,300,2.42,150,4.84,500,5,0.5,0.3216001885820008,0.32148376739708906
Cetirizine,144,650,300,2.42,150,4.84,900,5,0.5,0.5800568778577138,0.5801007401022297
Cortisone,1,350,100,1.93,50,3.86,150,5,0.5,0.0045354771915321,0.004535477191532093
Cortisone,2,350,100,1.93,50,3.86,500,5,0.5,0.0185498276679347,0.018542912920202693
Cortisone,3,350,100,1.93,50,3.86,900,5,0.5,0.0345662282123948,0.034546765834561496
Cortisone,4,350,100,1.93,150,3.86,150,5,0.5,0.0525846788249124,0.05253681543928594
Cortisone,5,350,100,1.93,150,3.86,500,5,0.5,0.1787138331125356,0.17865160038294725
Cortisone,6,350,100,1.93,150,3.86,900,5,0.5,0.3228614380126764,0.32248667699866845
Cortisone,7,350,100,1.44,50,2.88,150,5,0.5,0.0045354771915321,0.004535477191532093
Cortisone,8,350,100,1.44,50,2.88,500,5,0.5,0.0185498276679347,0.01855964579876424
Cortisone,9,350,100,1.44,50,2.88,900,5,0.5,0.0345662282123948,0.03456622821239475
Cortisone,10,350,100,1.44,150,2.88,150,5,0.5,0.0525846788249124,0.052584678824912315
Cortisone,11,350,100,1.44,150,2.88,500,5,0.5,0.1787138331125356,0.17871383311253555
Cortisone,12,350,100,1.44,150,2.88,900,5,0.5,0.3228614380126764,0.3228614380126764
Cortisone,13,350,100,2.42,50,4.84,150,5,0.5,0.0045354771915321,0.004531780902393045
Cortisone,14,350,100,2.42,50,4.84,500,5,0.5,0.0185498276679347,0.018542912920202693
Cortisone,15,350,100,2.42,50,4.84,900,5,0.5,0.0345662282123948,0.03455378166647709
Cortisone,16,350,100,2.42,150,4.84,150,5,0.5,0.0525846788249124,0.052584678824912315
Cortisone,17,350,100,2.42,150,4.84,500,5,0.5,0.1787138331125356,0.17871383311253555
Cortisone,18,350,100,2.42,150,4.84,900,5,0.5,0.3228614380126764,0.3228614380126764
Cortisone,19,350,300,1.93,50,3.86,150,5,0.5,0.0045354771915321,0.0045334027672124825
Cortisone,20,350,300,1.93,50,3.86,500,5,0.5,0.0185498276679347,0.018549827667934726
Cortisone,21,350,300,1.93,50,3.86,900,5,0.5,0.0345662282123948,0.03454676583456149
Cortisone,22,350,300,1.93,150,3.86,150,5,0.5,0.0525846788249124,0.052584678824912315
Cortisone,23,350,300,1.93,150,3.86,500,5,0.5,0.1787138331125356,0.1786651771679524
Cortisone,24,350,300,1.93,150,3.86,900,5,0.5,0.3228614380126764,0.3228614380126764
Cortisone,25,350,300,1.44,50,2.88,150,5,0.5,0.0045354771915321,0.004535477191532093
Cortisone,26,350,300,1.44,50,2.88,500,5,0.5,0.0185498276679347,0.018549827667934726
Cortisone,27,350,300,1.44,50,2.88,900,5,0.5,0.0345662282123948,0.034546765834561496
Cortisone,28,350,300,1.44,150,2.88,150,5,0.5,0.0525846788249124,0.052584678824912315
Cortisone,29,350,300,1.44,150,2.88,500,5,0.5,0.1787138331125356,0.17871383311253555
Cortisone,30,350,300,1.44,150,2.88,900,5,0.5,0.3228614380126764,0.32246223878565916
Cortisone,31,350,300,2.42,50,4.84,150,5,0.5,0.0045354771915321,0.004535477191532093
Cortisone,32,350,300,2.42,50,4.84,500,5,0.5,0.0185498276679347,0.018542912920202693
Cortisone,33,350,300,2.42,50,4.84,900,5,0.5,0.0345662282123948,0.03451906626557545
Cortisone,34,350,300,2.42,150,4.84,150,5,0.5,0.0525846788249124,0.05255141222266088
Cortisone,35,350,300,2.42,150,4.84,500,5,0.5,0.1787138331125356,0.17865160038294725
Cortisone,36,350,300,2.42,150,4.84,900,5,0.5,0.3228614380126764,0.32248667699866845
Cortisone,37,450,100,1.93,50,3.86,150,5,0.5,0.00625152010701,0.006246185873045299
Cortisone,38,450,100,1.93,50,3.86,500,5,0.5,0.0242699707195276,0.024261080329586415
Cortisone,39,450,100,1.93,50,3.86,900,5,0.5,0.044862485705262,0.044862485705261974
Cortisone,40,450,100,1.93,150,3.86,150,5,0.5,0.0680290650642132,0.06796752642555057
Cortisone,41,450,100,1.93,150,3.86,500,5,0.5,0.2301951205768716,0.2300525494243658
Cortisone,42,450,100,1.93,150,3.86,900,5,0.5,0.4155277554484813,0.4149333161015779
Cortisone,43,450,100,1.44,50,2.88,150,5,0.5,0.00625152010701,0.006251520107010011
Cortisone,44,450,100,1.44,50,2.88,500,5,0.5,0.0242699707195276,0.0242699707195276
Cortisone,45,450,100,1.44,50,2.88,900,5,0.5,0.044862485705262,0.04484648300336784
Cortisone,46,450,100,1.44,150,2.88,150,5,0.5,0.0680290650642132,0.06802906506421307
Cortisone,47,450,100,1.44,150,2.88,500,5,0.5,0.2301951205768716,0.23019512057687191
Cortisone,48,450,100,1.44,150,2.88,900,5,0.5,0.4155277554484813,0.41538373113143323
Cortisone,49,450,100,2.42,50,4.84,150,5,0.5,0.00625152010701,0.006251520107010011
Cortisone,50,450,100,2.42,50,4.84,500,5,0.5,0.0242699707195276,0.0242699707195276
Cortisone,51,450,100,2.42,50,4.84,900,5,0.5,0.044862485705262,0.044862485705261974
Cortisone,52,450,100,2.42,150,4.84,150,5,0.5,0.0680290650642132,0.06797564446688283
Cortisone,53,450,100,2.42,150,4.84,500,5,0.5,0.2301951205768716,0.23019512057687191
Cortisone,54,450,100,2.42,150,4.84,900,5,0.5,0.4155277554484813,0.415239706814386
Cortisone,55,450,300,1.93,50,3.86,150,5,0.5,0.00625152010701,0.006251520107010011
Cortisone,56,450,300,1.93,50,3.86,500,5,0.5,0.0242699707195276,0.02425412948036025
Cortisone,57,450,300,1.93,50,3.86,900,5,0.5,0.044862485705262,0.044862485705261974
Cortisone,58,450,300,1.93,150,3.86,150,5,0.5,0.0680290650642132,0.06802906506421307
Cortisone,59,450,300,1.93,150,3.86,500,5,0.5,0.2301951205768716,0.23013256293383644
Cortisone,60,450,300,1.93,150,3.86,900,5,0.5,0.4155277554484813,0.4155277554484805
Cortisone,61,450,300,1.44,50,2.88,150,5,0.5,0.00625152010701,0.006249434852242163
Cortisone,62,450,300,1.44,50,2.88,500,5,0.5,0.0242699707195276,0.024252189939645223
Cortisone,63,450,300,1.44,50,2.88,900,5,0.5,0.044862485705262,0.044862485705261974
Cortisone,64,450,300,1.44,150,2.88,150,5,0.5,0.0680290650642132,0.06798105695853064
Cortisone,65,450,300,1.44,150,2.88,500,5,0.5,0.2301951205768716,0.23011510706740126
Cortisone,66,450,300,1.44,150,2.88,900,5,0.5,0.4155277554484813,0.4155277554484805
Cortisone,67,450,300,2.42,50,4.84,150,5,0.5,0.00625152010701,0.006246185873045299
Cortisone,68,450,300,2.42,50,4.84,500,5,0.5,0.0242699707195276,0.024261080329586415
Cortisone,69,450,300,2.42,50,4.84,900,5,0.5,0.044862485705262,0.044862485705261974
Cortisone,70,450,300,2.42,150,4.84,150,5,0.5,0.0680290650642132,0.06798629371846121
Cortisone,71,450,300,2.42,150,4.84,500,5,0.5,0.2301951205768716,0.22998999178133028
Cortisone,72,450,300,2.42,150,4.84,900,5,0.5,0.4155277554484813,0.41504591985904177
Cortisone,73,550,100,1.93,50,3.86,150,5,0.5,0.0079675630224879,0.007964303212842807
Cortisone,74,550,100,1.93,50,3.86,500,5,0.5,0.0299901137711205,0.02996838170681988
Cortisone,75,550,100,1.93,50,3.86,900,5,0.5,0.0551587431981292,0.05513918434025866
Cortisone,76,550,100,1.93,150,3.86,150,5,0.5,0.083473451303514,0.08347345130351405
Cortisone,77,550,100,1.93,150,3.86,500,5,0.5,0.2816764080412076,0.2814808194625012
Cortisone,78,550,100,1.93,150,3.86,900,5,0.5,0.5081940728842861,0.5081940728842865
Cortisone,79,550,100,1.44,50,2.88,150,5,0.5,0.0079675630224879,0.00796756302248791
Cortisone,80,550,100,1.44,50,2.88,500,5,0.5,0.0299901137711205,0.029990113771120562
Cortisone,81,550,100,1.44,50,2.88,900,5,0.5,0.0551587431981292,0.05515874319812927
Cortisone,82,550,100,1.44,150,2.88,150,5,0.5,0.083473451303514,0.08347345130351405
Cortisone,83,550,100,1.44,150,2.88,500,5,0.5,0.2816764080412076,0.2816764080412073
Cortisone,84,550,100,1.44,150,2.88,900,5,0.5,0.5081940728842861,0.5081940728842865
Cortisone,85,550,100,2.42,50,4.84,150,5,0.5,0.0079675630224879,0.007964303212842807
Cortisone,86,550,100,2.42,50,4.84,500,5,0.5,0.0299901137711205,0.029990113771120562
Cortisone,87,550,100,2.42,50,4.84,900,5,0.5,0.0551587431981292,0.05515874319812927
Cortisone,88,550,100,2.42,150,4.84,150,5,0.5,0.083473451303514,0.08344411301670814
Cortisone,89,550,100,2.42,150,4.84,500,5,0.5,0.2816764080412076,0.2816764080412073
Cortisone,90,550,100,2.42,150,4.84,900,5,0.5,0.5081940728842861,0.508018043163451
Cortisone,91,550,300,1.93,50,3.86,150,5,0.5,0.0079675630224879,0.007961043403197705
Cortisone,92,550,300,1.93,50,3.86,500,5,0.5,0.0299901137711205,0.029990113771120562
Cortisone,93,550,300,1.93,50,3.86,900,5,0.5,0.0551587431981292,0.05515874319812927
Cortisone,94,550,300,1.93,150,3.86,150,5,0.5,0.083473451303514,0.08344411301670814
Cortisone,95,550,300,1.93,150,3.86,500,5,0.5,0.2816764080412076,0.2816764080412073
Cortisone,96,550,300,1.93,150,3.86,900,5,0.5,0.5081940728842861,0.508018043163451
Cortisone,97,550,300,1.44,50,2.88,150,5,0.5,0.0079675630224879,0.00796756302248791
Cortisone,98,550,300,1.44,50,2.88,500,5,0.5,0.0299901137711205,0.02997924773897022
Cortisone,99,550,300,1.44,50,2.88,900,5,0.5,0.0551587431981292,0.05515874319812927
Cortisone,100,550,300,1.44,150,2.88,150,5,0.5,0.083473451303514,0.08347345130351405
Cortisone,101,550,300,1.44,150,2.88,500,5,0.5,0.2816764080412076,0.2816764080412073
Cortisone,102,550,300,1.44,150,2.88,900,5,0.5,0.5081940728842861,0.5080564460696084
Cortisone,103,550,300,2.42,50,4.84,150,5,0.5,0.0079675630224879,0.007964303212842807
Cortisone,104,550,300,2.42,50,4.84,500,5,0.5,0.0299901137711205,0.02996838170681988
Cortisone,105,550,300,2.42,50,4.84,900,5,0.5,0.0551587431981292,0.05513918434025866
Cortisone,106,550,300,2.42,150,4.84,150,5,0.5,0.083473451303514,0.08347345130351405
Cortisone,107,550,300,2.42,150,4.84,500,5,0.5,0.2816764080412076,0.28150215441036647
Cortisone,108,550,300,2.42,150,4.84,900,5,0.5,0.5081940728842861,0.5081940728842865
Cortisone,109,650,100,1.93,50,3.86,150,5,0.5,0.0096836059379657,0.00966770529699916
Cortisone,110,650,100,1.93,50,3.86,500,5,0.5,0.0357102568227134,0.035654453127347656
Cortisone,111,650,100,1.93,50,3.86,900,5,0.5,0.0654550006909964,0.06543188567714935
Cortisone,112,650,100,1.93,150,3.86,150,5,0.5,0.0989178375428148,0.09885605671006197
Cortisone,113,650,100,1.93,150,3.86,500,5,0.5,0.3331576955055436,0.33297697342566357
Cortisone,114,650,100,1.93,150,3.86,900,5,0.5,0.600860390320091,0.6006977404481997
Cortisone,115,650,100,1.44,50,2.88,150,5,0.5,0.0096836059379657,0.009679753435657844
Cortisone,116,650,100,1.44,50,2.88,500,5,0.5,0.0357102568227134,0.03568737503280495
Cortisone,117,650,100,1.44,50,2.88,900,5,0.5,0.0654550006909964,0.06545500069099643
Cortisone,118,650,100,1.44,150,2.88,150,5,0.5,0.0989178375428148,0.098883165022044
Cortisone,119,650,100,1.44,150,2.88,500,5,0.5,0.3331576955055436,0.33315769550554386
Cortisone,120,650,100,1.44,150,2.88,900,5,0.5,0.600860390320091,0.6006523551954682
Cortisone,121,650,100,2.42,50,4.84,150,5,0.5,0.0096836059379657,0.009679753435657844
Cortisone,122,650,100,2.42,50,4.84,500,5,0.5,0.0357102568227134,0.035690176591615545
Cortisone,123,650,100,2.42,50,4.84,900,5,0.5,0.0654550006909964,0.06545500069099643
Cortisone,124,650,100,2.42,150,4.84,150,5,0.5,0.0989178375428148,0.098883165022044
Cortisone,125,650,100,2.42,150,4.84,500,5,0.5,0.3331576955055436,0.3330673344656037
Cortisone,126,650,100,2.42,150,4.84,900,5,0.5,0.600860390320091,0.6002347619380045
Cortisone,127,650,300,1.93,50,3.86,150,5,0.5,0.0096836059379657,0.009679753435657844
Cortisone,128,650,300,1.93,50,3.86,500,5,0.5,0.0357102568227134,0.035700216707164445
Cortisone,129,650,300,1.93,50,3.86,900,5,0.5,0.0654550006909964,0.06545500069099643
Cortisone,130,650,300,1.93,150,3.86,150,5,0.5,0.0989178375428148,0.09889072923083261
Cortisone,131,650,300,1.93,150,3.86,500,5,0.5,0.3331576955055436,0.3329517593963683
Cortisone,132,650,300,1.93,150,3.86,900,5,0.5,0.600860390320091,0.600860390320092
Cortisone,133,650,300,1.44,50,2.88,150,5,0.5,0.0096836059379657,0.00968059390330102
Cortisone,134,650,300,1.44,50,2.88,500,5,0.5,0.0357102568227134,0.03570021670716444
Cortisone,135,650,300,1.44,50,2.88,900,5,0.5,0.0654550006909964,0.0654369284830084
Cortisone,136,650,300,1.44,150,2.88,150,5,0.5,0.0989178375428148,0.09889072923083261
Cortisone,137,650,300,1.44,150,2.88,500,5,0.5,0.3331576955055436,0.3330673344656037
Cortisone,138,650,300,1.44,150,2.88,900,5,0.5,0.600860390320091,0.6006523551954682
Cortisone,139,650,300,2.42,50,4.84,150,5,0.5,0.0096836059379657,0.00966770529699916
Cortisone,140,650,300,2.42,50,4.84,500,5,0.5,0.0357102568227134,0.035654453127347656
Cortisone,141,650,300,2.42,50,4.84,900,5,0.5,0.0654550006909964,0.06543188567714935
Cortisone,142,650,300,2.42,150,4.84,150,5,0.5,0.0989178375428148,0.09885605671006197
Cortisone,143,650,300,2.42,150,4.84,500,5,0.5,0.3331576955055436,0.33297697342566357
Cortisone,144,650,300,2.42,150,4.84,900,5,0.5,0.600860390320091,0.6006977404481997
Estradiol,1,350,100,1.93,50,3.86,150,5,0.5,0.0054579453875761,0.005466838597170953
Estradiol,2,350,100,1.93,50,3.86,500,5,0.5,0.021624721654748,0.021623436772866125
Estradiol,3,350,100,1.93,50,3.86,900,5,0.5,0.0401010373886588,0.040166092864124724
Estradiol,4,350,100,1.93,150,3.86,150,5,0.5,0.0608868925893084,0.06093568419590776
Estradiol,5,350,100,1.93,150,3.86,500,5,0.5,0.2063878789938557,0.20638787899385527
Estradiol,6,350,100,1.93,150,3.86,900,5,0.5,0.3726747205990527,0.37267472059905293
Estradiol,7,350,100,1.44,50,2.88,150,5,0.5,0.0054579453875761,0.005457945387576097
Estradiol,8,350,100,1.44,50,2.88,500,5,0.5,0.021624721654748,0.021660863585562448
Estradiol,9,350,100,1.44,50,2.88,900,5,0.5,0.0401010373886588,0.040101037388658785
Estradiol,10,350,100,1.44,150,2.88,150,5,0.5,0.0608868925893084,0.06093568419590776
Estradiol,11,350,100,1.44,150,2.88,500,5,0.5,0.2063878789938557,0.20638787899385527
Estradiol,12,350,100,1.44,150,2.88,900,5,0.5,0.3726747205990527,0.3729674702386497
Estradiol,13,350,100,2.42,50,4.84,150,5,0.5,0.0054579453875761,0.005457945387576097
Estradiol,14,350,100,2.42,50,4.84,500,5,0.5,0.021624721654748,0.02164279262015524
Estradiol,15,350,100,2.42,50,4.84,900,5,0.5,0.0401010373886588,0.040083180911679915
Estradiol,16,350,100,2.42,150,4.84,150,5,0.5,0.0608868925893084,0.06093568419590776
Estradiol,17,350,100,2.42,150,4.84,500,5,0.5,0.2063878789938557,0.2065505176825201
Estradiol,18,350,100,2.42,150,4.84,900,5,0.5,0.3726747205990527,0.3725814918817296
Estradiol,19,350,300,1.93,50,3.86,150,5,0.5,0.0054579453875761,0.005457945387576097
Estradiol,20,350,300,1.93,50,3.86,500,5,0.5,0.021624721654748,0.021618966795654004
Estradiol,21,350,300,1.93,50,3.86,900,5,0.5,0.0401010373886588,0.040133565126391754
Estradiol,22,350,300,1.93,150,3.86,150,5,0.5,0.0608868925893084,0.060871354469754425
Estradiol,23,350,300,1.93,150,3.86,500,5,0.5,0.2063878789938557,0.2065505176825201
Estradiol,24,350,300,1.93,150,3.86,900,5,0.5,0.3726747205990527,0.37267472059905293
Estradiol,25,350,300,1.44,50,2.88,150,5,0.5,0.0054579453875761,0.005457945387576097
Estradiol,26,350,300,1.44,50,2.88,500,5,0.5,0.021624721654748,0.021624721654748033
Estradiol,27,350,300,1.44,50,2.88,900,5,0.5,0.0401010373886588,0.040101037388658785
Estradiol,28,350,300,1.44,150,2.88,150,5,0.5,0.0608868925893084,0.0608868925893083
Estradiol,29,350,300,1.44,150,2.88,500,5,0.5,0.2063878789938557,0.20671315637118495
Estradiol,30,350,300,1.44,150,2.88,900,5,0.5,0.3726747205990527,0.3729674702386497
Estradiol,31,350,300,2.42,50,4.84,150,5,0.5,0.0054579453875761,0.005466838597170953
Estradiol,32,350,300,2.42,50,4.84,500,5,0.5,0.021624721654748,0.021623436772866125
Estradiol,33,350,300,2.42,50,4.84,900,5,0.5,0.0401010373886588,0.040166092864124724
Estradiol,34,350,300,2.42,150,4.84,150,5,0.5,0.0608868925893084,0.06093568419590776
Estradiol,35,350,300,2.42,150,4.84,500,5,0.5,0.2063878789938557,0.20638787899385527
Estradiol,36,350,300,2.42,150,4.84,900,5,0.5,0.3726747205990527,0.37267472059905293
Estradiol,37,450,100,1.93,50,3.86,150,5,0.5,0.0074375506447808,0.007431217924450299
Estradiol,38,450,100,1.93,50,3.86,500,5,0.5,0.0282234058454305,0.028194897673112743
Estradiol,39,450,100,1.93,50,3.86,900,5,0.5,0.0519786689318872,0.05197709593190586
Estradiol,40,450,100,1.93,150,3.86,150,5,0.5,0.078703339904151,0.0785910334795311
Estradiol,41,450,100,1.93,150,3.86,500,5,0.5,0.2657760367099975,0.26541027999251304
Estradiol,42,450,100,1.93,150,3.86,900,5,0.5,0.4795734044881078,0.4795734044881074
Estradiol,43,450,100,1.44,50,2.88,150,5,0.5,0.0074375506447808,0.007427578485562825
Estradiol,44,450,100,1.44,50,2.88,500,5,0.5,0.0282234058454305,0.028216006740881084
Estradiol,45,450,100,1.44,50,2.88,900,5,0.5,0.0519786689318872,0.05202049030897242
Estradiol,46,450,100,1.44,150,2.88,150,5,0.5,0.078703339904151,0.07868078291249288
Estradiol,47,450,100,1.44,150,2.88,500,5,0.5,0.2657760367099975,0.2657008467378037
Estradiol,48,450,100,1.44,150,2.88,900,5,0.5,0.4795734044881078,0.4795734044881074
Estradiol,49,450,100,2.42,50,4.84,150,5,0.5,0.0074375506447808,0.007433911205893328
Estradiol,50,450,100,2.42,50,4.84,500,5,0.5,0.0282234058454305,0.02822340584543055
Estradiol,51,450,100,2.42,50,4.84,900,5,0.5,0.0519786689318872,0.051955710604342904
Estradiol,52,450,100,2.42,150,4.84,150,5,0.5,0.078703339904151,0.07876607196977888
Estradiol,53,450,100,2.42,150,4.84,500,5,0.5,0.2657760367099975,0.2657760367099975
Estradiol,54,450,100,2.42,150,4.84,900,5,0.5,0.4795734044881078,0.4795734044881074
Estradiol,55,450,300,1.93,50,3.86,150,5,0.5,0.0074375506447808,0.007433724256856757
Estradiol,56,450,300,1.93,50,3.86,500,5,0.5,0.0282234058454305,0.02822340584543055
Estradiol,57,450,300,1.93,50,3.86,900,5,0.5,0.0519786689318872,0.05197866893188717
Estradiol,58,450,300,1.93,150,3.86,150,5,0.5,0.078703339904151,0.07867058495416375
Estradiol,59,450,300,1.93,150,3.86,500,5,0.5,0.2657760367099975,0.2657760367099975
Estradiol,60,450,300,1.93,150,3.86,900,5,0.5,0.4795734044881078,0.47975326718195105
Estradiol,61,450,300,1.44,50,2.88,150,5,0.5,0.0074375506447808,0.007433911205893328
Estradiol,62,450,300,1.44,50,2.88,500,5,0.5,0.0282234058454305,0.02822340584543055
Estradiol,63,450,300,1.44,50,2.88,900,5,0.5,0.0519786689318872,0.05197866893188717
Estradiol,64,450,300,1.44,150,2.88,150,5,0.5,0.078703339904151,0.078703339904151
Estradiol,65,450,300,1.44,150,2.88,500,5,0.5,0.2657760367099975,0.2657760367099975
Estradiol,66,450,300,1.44,150,2.88,900,5,0.5,0.4795734044881078,0.4795734044881074
Estradiol,67,450,300,2.42,50,4.84,150,5,0.5,0.0074375506447808,0.007431217924450299
Estradiol,68,450,300,2.42,50,4.84,500,5,0.5,0.0282234058454305,0.028194897673112743
Estradiol,69,450,300,2.42,50,4.84,900,5,0.5,0.0519786689318872,0.05193355494857091
Estradiol,70,450,300,2.42,150,4.84,150,5,0.5,0.078703339904151,0.07865376554515897
Estradiol,71,450,300,2.42,150,4.84,500,5,0.5,0.2657760367099975,0.26541027999251304
Estradiol,72,450,300,2.42,150,4.84,900,5,0.5,0.4795734044881078,0.4795734044881074
Estradiol,73,550,100,1.93,50,3.86,150,5,0.5,0.0094171559019856,0.009440000405202872
Estradiol,74,550,100,1.93,50,3.86,500,5,0.5,0.0348220900361129,0.03481187905223475
Estradiol,75,550,100,1.93,50,3.86,900,5,0.5,0.0638563004751155,0.06381123148562659
Estradiol,76,550,100,1.93,150,3.86,150,5,0.5,0.0965197872189935,0.09667313226830605
Estradiol,77,550,100,1.93,150,3.86,500,5,0.5,0.3251641944261392,0.3250828042760957
Estradiol,78,550,100,1.93,150,3.86,900,5,0.5,0.586472088377163,0.5864720883771638
Estradiol,79,550,100,1.44,50,2.88,150,5,0.5,0.0094171559019856,0.009414092606822131
Estradiol,80,550,100,1.44,50,2.88,500,5,0.5,0.0348220900361129,0.034850487267467097
Estradiol,81,550,100,1.44,50,2.88,900,5,0.5,0.0638563004751155,0.06390741549155295
Estradiol,82,550,100,1.44,150,2.88,150,5,0.5,0.0965197872189935,0.09651978721899349
Estradiol,83,550,100,1.44,150,2.88,500,5,0.5,0.3251641944261392,0.3251641944261398
Estradiol,84,550,100,1.44,150,2.88,900,5,0.5,0.586472088377163,0.5864720883771638
Estradiol,85,550,100,2.42,50,4.84,150,5,0.5,0.0094171559019856,0.009417155901985582
Estradiol,86,550,100,2.42,50,4.84,500,5,0.5,0.0348220900361129,0.03481304668610801
Estradiol,87,550,100,2.42,50,4.84,900,5,0.5,0.0638563004751155,0.06390741549155295
Estradiol,88,550,100,2.42,150,4.84,150,5,0.5,0.0965197872189935,0.09651978721899349
Estradiol,89,550,100,2.42,150,4.84,500,5,0.5,0.3251641944261392,0.3251641944261398
Estradiol,90,550,100,2.42,150,4.84,900,5,0.5,0.586472088377163,0.5860730445040975
Estradiol,91,550,300,1.93,50,3.86,150,5,0.5,0.0094171559019856,0.009412707698900891
Estradiol,92,550,300,1.93,50,3.86,500,5,0.5,0.0348220900361129,0.03482209003611291
Estradiol,93,550,300,1.93,50,3.86,900,5,0.5,0.0638563004751155,0.06390741549155295
Estradiol,94,550,300,1.93,150,3.86,150,5,0.5,0.0965197872189935,0.09659645974364978
Estradiol,95,550,300,1.93,150,3.86,500,5,0.5,0.3251641944261392,0.3250828042760957
Estradiol,96,550,300,1.93,150,3.86,900,5,0.5,0.586472088377163,0.5864720883771638
Estradiol,97,550,300,1.44,50,2.88,150,5,0.5,0.0094171559019856,0.009412479205633973
Estradiol,98,550,300,1.44,50,2.88,500,5,0.5,0.0348220900361129,0.034878884498821275
Estradiol,99,550,300,1.44,50,2.88,900,5,0.5,0.0638563004751155,0.06385630047511542
Estradiol,100,550,300,1.44,150,2.88,150,5,0.5,0.0965197872189935,0.09659645974364978
Estradiol,101,550,300,1.44,150,2.88,500,5,0.5,0.3251641944261392,0.32541976950832746
Estradiol,102,550,300,1.44,150,2.88,900,5,0.5,0.586472088377163,0.5863255861070843
Estradiol,103,550,300,2.42,50,4.84,150,5,0.5,0.0094171559019856,0.009440000405202872
Estradiol,104,550,300,2.42,50,4.84,500,5,0.5,0.0348220900361129,0.03481187905223475
Estradiol,105,550,300,2.42,50,4.84,900,5,0.5,0.0638563004751155,0.06381123148562659
Estradiol,106,550,300,2.42,150,4.84,150,5,0.5,0.0965197872189935,0.09667313226830605
Estradiol,107,550,300,2.42,150,4.84,500,5,0.5,0.3251641944261392,0.3250828042760957
Estradiol,108,550,300,2.42,150,4.84,900,5,0.5,0.586472088377163,0.5864720883771638
Estradiol,109,650,100,1.93,50,3.86,150,5,0.5,0.0113967611591903,0.011388027875773027
Estradiol,110,650,100,1.93,50,3.86,500,5,0.5,0.0414207742267953,0.041420774226795236
Estradiol,111,650,100,1.93,50,3.86,900,5,0.5,0.0757339320183439,0.07577510300230508
Estradiol,112,650,100,1.93,150,3.86,150,5,0.5,0.114336234533836,0.11423848756998391
Estradiol,113,650,100,1.93,150,3.86,500,5,0.5,0.384552352142281,0.38411212411791773
Estradiol,114,650,100,1.93,150,3.86,900,5,0.5,0.6933707722662182,0.692032964237165
Estradiol,115,650,100,1.44,50,2.88,150,5,0.5,0.0113967611591903,0.011396761159190303
Estradiol,116,650,100,1.44,50,2.88,500,5,0.5,0.0414207742267953,0.041420774226795236
Estradiol,117,650,100,1.44,50,2.88,900,5,0.5,0.0757339320183439,0.0757339320183439
Estradiol,118,650,100,1.44,150,2.88,150,5,0.5,0.114336234533836,0.11428892182829867
Estradiol,119,650,100,1.44,150,2.88,500,5,0.5,0.384552352142281,0.38444374440466816
Estradiol,120,650,100,1.44,150,2.88,900,5,0.5,0.6933707722662182,0.6930244941733043
Estradiol,121,650,100,2.42,50,4.84,150,5,0.5,0.0113967611591903,0.011396761159190303
Estradiol,122,650,100,2.42,50,4.84,500,5,0.5,0.0414207742267953,0.041420774226795236
Estradiol,123,650,100,2.42,50,4.84,900,5,0.5,0.0757339320183439,0.07571469434651527
Estradiol,124,650,100,2.42,150,4.84,150,5,0.5,0.114336234533836,0.11427852151834995
Estradiol,125,650,100,2.42,150,4.84,500,5,0.5,0.384552352142281,0.3844561637831383
Estradiol,126,650,100,2.42,150,4.84,900,5,0.5,0.6933707722662182,0.6931752783385154
Estradiol,127,650,300,1.93,50,3.86,150,5,0.5,0.0113967611591903,0.011387883933987956
Estradiol,128,650,300,1.93,50,3.86,500,5,0.5,0.0414207742267953,0.041420774226795236
Estradiol,129,650,300,1.93,50,3.86,900,5,0.5,0.0757339320183439,0.07571469434651527
Estradiol,130,650,300,1.93,150,3.86,150,5,0.5,0.114336234533836,0.11434452215322398
Estradiol,131,650,300,1.93,150,3.86,500,5,0.5,0.384552352142281,0.38433513666705493
Estradiol,132,650,300,1.93,150,3.86,900,5,0.5,0.6933707722662182,0.6931976332197617
Estradiol,133,650,300,1.44,50,2.88,150,5,0.5,0.0113967611591903,0.011396761159190303
Estradiol,134,650,300,1.44,50,2.88,500,5,0.5,0.0414207742267953,0.04138392752826742
Estradiol,135,650,300,1.44,50,2.88,900,5,0.5,0.0757339320183439,0.0757339320183439
Estradiol,136,650,300,1.44,150,2.88,150,5,0.5,0.114336234533836,0.11426006532055574
Estradiol,137,650,300,1.44,150,2.88,500,5,0.5,0.384552352142281,0.3845523521422814
Estradiol,138,650,300,1.44,150,2.88,900,5,0.5,0.6933707722662182,0.6929797844108115
Estradiol,139,650,300,2.42,50,4.84,150,5,0.5,0.0113967611591903,0.011391234154411132
Estradiol,140,650,300,2.42,50,4.84,500,5,0.5,0.0414207742267953,0.041420774226795236
Estradiol,141,650,300,2.42,50,4.84,900,5,0.5,0.0757339320183439,0.0757339320183439
Estradiol,142,650,300,2.42,150,4.84,150,5,0.5,0.114336234533836,0.11423848756998391
Estradiol,143,650,300,2.42,150,4.84,500,5,0.5,0.384552352142281,0.38411212411791773
Estradiol,144,650,300,2.42,150,4.84,900,5,0.5,0.6933707722662182,0.692032964237165
Testosterone,1,350,100,1.93,50,3.86,150,5,0.5,0.0052630084226293,0.005266907161928227
Testosterone,2,350,100,1.93,50,3.86,500,5,0.5,0.020974931771592,0.020975674811329514
Testosterone,3,350,100,1.93,50,3.86,900,5,0.5,0.0389314155989779,0.03892659281142333
Testosterone,4,350,100,1.93,150,3.86,150,5,0.5,0.059132459904787,0.0591560228535063
Testosterone,5,350,100,1.93,150,3.86,500,5,0.5,0.2005397700454512,0.20055983211836456
Testosterone,6,350,100,1.93,150,3.86,900,5,0.5,0.3621481244919244,0.362148124491924
Testosterone,7,350,100,1.44,50,2.88,150,5,0.5,0.0052630084226293,0.0052630084226292905
Testosterone,8,350,100,1.44,50,2.88,500,5,0.5,0.020974931771592,0.0209879275692551
Testosterone,9,350,100,1.44,50,2.88,900,5,0.5,0.0389314155989779,0.03893782398662991
Testosterone,10,350,100,1.44,150,2.88,150,5,0.5,0.059132459904787,0.059136472319369755
Testosterone,11,350,100,1.44,150,2.88,500,5,0.5,0.2005397700454512,0.20059825113493526
Testosterone,12,350,100,1.44,150,2.88,900,5,0.5,0.3621481244919244,0.36225339045299526
Testosterone,13,350,100,2.42,50,4.84,150,5,0.5,0.0052630084226293,0.0052630084226292905
Testosterone,14,350,100,2.42,50,4.84,500,5,0.5,0.020974931771592,0.020981429670423542
Testosterone,15,350,100,2.42,50,4.84,900,5,0.5,0.0389314155989779,0.03893275307050539
Testosterone,16,350,100,2.42,150,4.84,150,5,0.5,0.059132459904787,0.059150004231632296
Testosterone,17,350,100,2.42,150,4.84,500,5,0.5,0.2005397700454512,0.20055983211836456
Testosterone,18,350,100,2.42,150,4.84,900,5,0.5,0.3621481244919244,0.362148124491924
Testosterone,19,350,300,1.93,50,3.86,150,5,0.5,0.0052630084226293,0.0052630084226292905
Testosterone,20,350,300,1.93,50,3.86,500,5,0.5,0.020974931771592,0.020981429670423542
Testosterone,21,350,300,1.93,50,3.86,900,5,0.5,0.0389314155989779,0.03894311181687464
Testosterone,22,350,300,1.93,150,3.86,150,5,0.5,0.059132459904787,0.059132459904787084
Testosterone,23,350,300,1.93,150,3.86,500,5,0.5,0.2005397700454512,0.20076757718123786
Testosterone,24,350,300,1.93,150,3.86,900,5,0.5,0.3621481244919244,0.36226542769674325
Testosterone,25,350,300,1.44,50,2.88,150,5,0.5,0.0052630084226293,0.0052630084226292905
Testosterone,26,350,300,1.44,50,2.88,500,5,0.5,0.020974931771592,0.02097493177159198
Testosterone,27,350,300,1.44,50,2.88,900,5,0.5,0.0389314155989779,0.03893141559897783
Testosterone,28,350,300,1.44,150,2.88,150,5,0.5,0.059132459904787,0.059132459904787084
Testosterone,29,350,300,1.44,150,2.88,500,5,0.5,0.2005397700454512,0.20055314476072678
Testosterone,30,350,300,1.44,150,2.88,900,5,0.5,0.3621481244919244,0.362148124491924
Testosterone,31,350,300,2.42,50,4.84,150,5,0.5,0.0052630084226293,0.005266907161928227
Testosterone,32,350,300,2.42,50,4.84,500,5,0.5,0.020974931771592,0.020975674811329514
Testosterone,33,350,300,2.42,50,4.84,900,5,0.5,0.0389314155989779,0.03892926775447844
Testosterone,34,350,300,2.42,150,4.84,150,5,0.5,0.059132459904787,0.0591560228535063
Testosterone,35,350,300,2.42,150,4.84,500,5,0.5,0.2005397700454512,0.20055983211836456
Testosterone,36,350,300,2.42,150,4.84,900,5,0.5,0.3621481244919244,0.362148124491924
Testosterone,37,450,100,1.93,50,3.86,150,5,0.5,0.0071869174041349,0.007187777207259763
Testosterone,38,450,100,1.93,50,3.86,500,5,0.5,0.0273879617099441,0.0273972714881044
Testosterone,39,450,100,1.93,50,3.86,900,5,0.5,0.0504748694880117,0.05048010809287363
Testosterone,40,450,100,1.93,150,3.86,150,5,0.5,0.0764476407383377,0.07644764073833782
Testosterone,41,450,100,1.93,150,3.86,500,5,0.5,0.2582570394906202,0.25833222946281376
Testosterone,42,450,100,1.93,150,3.86,900,5,0.5,0.4660392094932287,0.46606765239947623
Testosterone,43,450,100,1.44,50,2.88,150,5,0.5,0.0071869174041349,0.007189423736541365
Testosterone,44,450,100,1.44,50,2.88,500,5,0.5,0.0273879617099441,0.02738796170994414
Testosterone,45,450,100,1.44,50,2.88,900,5,0.5,0.0504748694880117,0.05047658909426143
Testosterone,46,450,100,1.44,150,2.88,150,5,0.5,0.0764476407383377,0.07645279955708696
Testosterone,47,450,100,1.44,150,2.88,500,5,0.5,0.2582570394906202,0.25825703949062
Testosterone,48,450,100,1.44,150,2.88,900,5,0.5,0.4660392094932287,0.4660392094932295
Testosterone,49,450,100,2.42,50,4.84,150,5,0.5,0.0071869174041349,0.007186917404134906
Testosterone,50,450,100,2.42,50,4.84,500,5,0.5,0.0273879617099441,0.02738796170994414
Testosterone,51,450,100,2.42,50,4.84,900,5,0.5,0.0504748694880117,0.05047658909426143
Testosterone,52,450,100,2.42,150,4.84,150,5,0.5,0.0764476407383377,0.0764502201477124
Testosterone,53,450,100,2.42,150,4.84,500,5,0.5,0.2582570394906202,0.2582982362683834
Testosterone,54,450,100,2.42,150,4.84,900,5,0.5,0.4660392094932287,0.4661745514431784
Testosterone,55,450,300,1.93,50,3.86,150,5,0.5,0.0071869174041349,0.007186070898695511
Testosterone,56,450,300,1.93,50,3.86,500,5,0.5,0.0273879617099441,0.02738796170994414
Testosterone,57,450,300,1.93,50,3.86,900,5,0.5,0.0504748694880117,0.05048198714934496
Testosterone,58,450,300,1.93,150,3.86,150,5,0.5,0.0764476407383377,0.07644764073833782
Testosterone,59,450,300,1.93,150,3.86,500,5,0.5,0.2582570394906202,0.2582926277972863
Testosterone,60,450,300,1.93,150,3.86,900,5,0.5,0.4660392094932287,0.4664607117993233
Testosterone,61,450,300,1.44,50,2.88,150,5,0.5,0.0071869174041349,0.007187204005176525
Testosterone,62,450,300,1.44,50,2.88,500,5,0.5,0.0273879617099441,0.02738796170994414
Testosterone,63,450,300,1.44,50,2.88,900,5,0.5,0.0504748694880117,0.05048310884356438
Testosterone,64,450,300,1.44,150,2.88,150,5,0.5,0.0764476407383377,0.07645279955708696
Testosterone,65,450,300,1.44,150,2.88,500,5,0.5,0.2582570394906202,0.25825703949062
Testosterone,66,450,300,1.44,150,2.88,900,5,0.5,0.4660392094932287,0.46623861039517756
Testosterone,67,450,300,2.42,50,4.84,150,5,0.5,0.0071869174041349,0.007188063808301382
Testosterone,68,450,300,2.42,50,4.84,500,5,0.5,0.0273879617099441,0.027398226824909798
Testosterone,69,450,300,2.42,50,4.84,900,5,0.5,0.0504748694880117,0.0504766688803742
Testosterone,70,450,300,2.42,150,4.84,150,5,0.5,0.0764476407383377,0.07644764073833782
Testosterone,71,450,300,2.42,150,4.84,500,5,0.5,0.2582570394906202,0.25833222946281376
Testosterone,72,450,300,2.42,150,4.84,900,5,0.5,0.4660392094932287,0.46608312885572367
Testosterone,73,550,100,1.93,50,3.86,150,5,0.5,0.0091108263856406,0.009114940551290003
Testosterone,74,550,100,1.93,50,3.86,500,5,0.5,0.0338009916482962,0.03386459281931173
Testosterone,75,550,100,1.93,50,3.86,900,5,0.5,0.0620183233770455,0.06204090662996993
Testosterone,76,550,100,1.93,150,3.86,150,5,0.5,0.0937628215718885,0.0937358367899039
Testosterone,77,550,100,1.93,150,3.86,500,5,0.5,0.3159743089357892,0.3159848176406489
Testosterone,78,550,100,1.93,150,3.86,900,5,0.5,0.5699302944945329,0.5699302944945329
Testosterone,79,550,100,1.44,50,2.88,150,5,0.5,0.0091108263856406,0.009110826385640617
Testosterone,80,550,100,1.44,50,2.88,500,5,0.5,0.0338009916482962,0.03381353789992089
Testosterone,81,550,100,1.44,50,2.88,900,5,0.5,0.0620183233770455,0.062018323377045485
Testosterone,82,550,100,1.44,150,2.88,150,5,0.5,0.0937628215718885,0.09378107966852617
Testosterone,83,550,100,1.44,150,2.88,500,5,0.5,0.3159743089357892,0.31606620779069305
Testosterone,84,550,100,1.44,150,2.88,900,5,0.5,0.5699302944945329,0.5699302944945329
Testosterone,85,550,100,2.42,50,4.84,150,5,0.5,0.0091108263856406,0.009109441477719377
Testosterone,86,550,100,2.42,50,4.84,500,5,0.5,0.0338009916482962,0.03380215928216946
Testosterone,87,550,100,2.42,50,4.84,900,5,0.5,0.0620183233770455,0.06203880488899806
Testosterone,88,550,100,2.42,150,4.84,150,5,0.5,0.0937628215718885,0.09379039122835951
Testosterone,89,550,100,2.42,150,4.84,500,5,0.5,0.3159743089357892,0.31597430893578954
Testosterone,90,550,100,2.42,150,4.84,900,5,0.5,0.5699302944945329,0.5699302944945329
Testosterone,91,550,300,1.93,50,3.86,150,5,0.5,0.0091108263856406,0.009110826385640617
Testosterone,92,550,300,1.93,50,3.86,500,5,0.5,0.0338009916482962,0.03382141361605253
Testosterone,93,550,300,1.93,50,3.86,900,5,0.5,0.0620183233770455,0.06202252685898923
Testosterone,94,550,300,1.93,150,3.86,150,5,0.5,0.0937628215718885,0.09376282157188846
Testosterone,95,550,300,1.93,150,3.86,500,5,0.5,0.3159743089357892,0.3159848176406489
Testosterone,96,550,300,1.93,150,3.86,900,5,0.5,0.5699302944945329,0.5699492101632798
Testosterone,97,550,300,1.44,50,2.88,150,5,0.5,0.0091108263856406,0.009113889680804068
Testosterone,98,550,300,1.44,50,2.88,500,5,0.5,0.0338009916482962,0.03381237026604762
Testosterone,99,550,300,1.44,50,2.88,900,5,0.5,0.0620183233770455,0.06202042511801736
Testosterone,100,550,300,1.44,150,2.88,150,5,0.5,0.0937628215718885,0.09376282157188848
Testosterone,101,550,300,1.44,150,2.88,500,5,0.5,0.3159743089357892,0.31602466055305584
Testosterone,102,550,300,1.44,150,2.88,900,5,0.5,0.5699302944945329,0.5699302944945329
Testosterone,103,550,300,2.42,50,4.84,150,5,0.5,0.0091108263856406,0.009114940551290003
Testosterone,104,550,300,2.42,50,4.84,500,5,0.5,0.0338009916482962,0.03386576045318499
Testosterone,105,550,300,2.42,50,4.84,900,5,0.5,0.0620183233770455,0.06204090662996993
Testosterone,106,550,300,2.42,150,4.84,150,5,0.5,0.0937628215718885,0.0937389894013617
Testosterone,107,550,300,2.42,150,4.84,500,5,0.5,0.3159743089357892,0.3159848176406489
Testosterone,108,550,300,2.42,150,4.84,900,5,0.5,0.5699302944945329,0.5699302944945329
Testosterone,109,650,100,1.93,50,3.86,150,5,0.5,0.0110347353671462,0.011035149346428534
Testosterone,110,650,100,1.93,50,3.86,500,5,0.5,0.0402140215866483,0.040214021586648246
Testosterone,111,650,100,1.93,50,3.86,900,5,0.5,0.0735617772660793,0.07358349881360211
Testosterone,112,650,100,1.93,150,3.86,150,5,0.5,0.1110780024054392,0.11108172821898017
Testosterone,113,650,100,1.93,150,3.86,500,5,0.5,0.3736915783809583,0.37380018611857196
Testosterone,114,650,100,1.93,150,3.86,900,5,0.5,0.6738213794958372,0.6740392283047859
Testosterone,115,650,100,1.44,50,2.88,150,5,0.5,0.0110347353671462,0.011035149346428534
Testosterone,116,650,100,1.44,50,2.88,500,5,0.5,0.0402140215866483,0.040214021586648246
Testosterone,117,650,100,1.44,50,2.88,900,5,0.5,0.0735617772660793,0.07356177726607947
Testosterone,118,650,100,1.44,150,2.88,150,5,0.5,0.1110780024054392,0.11107800240543914
Testosterone,119,650,100,1.44,150,2.88,500,5,0.5,0.3736915783809583,0.37370399775942886
Testosterone,120,650,100,1.44,150,2.88,900,5,0.5,0.6738213794958372,0.673843734377082
Testosterone,121,650,100,2.42,50,4.84,150,5,0.5,0.0110347353671462,0.011034735367146196
Testosterone,122,650,100,2.42,50,4.84,500,5,0.5,0.0402140215866483,0.04021540151758938
Testosterone,123,650,100,2.42,50,4.84,900,5,0.5,0.0735617772660793,0.07356177726607947
Testosterone,124,650,100,2.42,150,4.84,150,5,0.5,0.1110780024054392,0.11108172821898017
Testosterone,125,650,100,2.42,150,4.84,500,5,0.5,0.3736915783809583,0.37369157838095873
Testosterone,126,650,100,2.42,150,4.84,900,5,0.5,0.6738213794958372,0.6738213794958358
Testosterone,127,650,300,1.93,50,3.86,150,5,0.5,0.0110347353671462,0.011038355625066635
Testosterone,128,650,300,1.93,50,3.86,500,5,0.5,0.0402140215866483,0.04022608911304972
Testosterone,129,650,300,1.93,50,3.86,900,5,0.5,0.0735617772660793,0.07356177726607947
Testosterone,130,650,300,1.93,150,3.86,150,5,0.5,0.1110780024054392,0.11107800240543914
Testosterone,131,650,300,1.93,150,3.86,500,5,0.5,0.3736915783809583,0.37369157838095873
Testosterone,132,650,300,1.93,150,3.86,900,5,0.5,0.6738213794958372,0.6738660892583285
Testosterone,133,650,300,1.44,50,2.88,150,5,0.5,0.0110347353671462,0.011034735367146196
Testosterone,134,650,300,1.44,50,2.88,500,5,0.5,0.0402140215866483,0.0402167814485305
Testosterone,135,650,300,1.44,50,2.88,900,5,0.5,0.0735617772660793,0.07356177726607947
Testosterone,136,650,300,1.44,150,2.88,150,5,0.5,0.1110780024054392,0.11108172821898017
Testosterone,137,650,300,1.44,150,2.88,500,5,0.5,0.3736915783809583,0.37369157838095873
Testosterone,138,650,300,1.44,150,2.88,900,5,0.5,0.6738213794958372,0.6738213794958358
Testosterone,139,650,300,2.42,50,4.84,150,5,0.5,0.0110347353671462,0.011038355625066635
Testosterone,140,650,300,2.42,50,4.84,500,5,0.5,0.0402140215866483,0.040214021586648246
Testosterone,141,650,300,2.42,50,4.84,900,5,0.5,0.0735617772660793,0.0736077042368188
Testosterone,142,650,300,2.42,150,4.84,150,5,0.5,0.1110780024054392,0.11108545403252122
Testosterone,143,650,300,2.42,150,4.84,500,5,0.5,0.3736915783809583,0.37381260549704215
Testosterone,144,650,300,2.42,150,4.84,900,5,0.5,0.6738213794958372,0.6740392283047859
Nicotine,1,350,100,1.93,50,3.86,150,5,0.5,0.0075082607857616,0.007494466120135409
Nicotine,2,350,100,1.93,50,3.86,500,5,0.5,0.0284591063153663,0.0284437648468092
Nicotine,3,350,100,1.93,50,3.86,900,5,0.5,0.0524029297777717,0.05240292977777169
Nicotine,4,350,100,1.93,150,3.86,150,5,0.5,0.0793397311729777,0.07907559838471234
Nicotine,5,350,100,1.93,150,3.86,500,5,0.5,0.2678973409394199,0.26759214204356785
Nicotine,6,350,100,1.93,150,3.86,900,5,0.5,0.4833917521010683,0.48339175210106866
Nicotine,7,350,100,1.44,50,2.88,150,5,0.5,0.0075082607857616,0.007504639416663822
Nicotine,8,350,100,1.44,50,2.88,500,5,0.5,0.0284591063153663,0.028459106315366238
Nicotine,9,350,100,1.44,50,2.88,900,5,0.5,0.0524029297777717,0.05240292977777169
Nicotine,10,350,100,1.44,150,2.88,150,5,0.5,0.0793397311729777,0.07929830920787354
Nicotine,11,350,100,1.44,150,2.88,500,5,0.5,0.2678973409394199,0.2681995132405357
Nicotine,12,350,100,1.44,150,2.88,900,5,0.5,0.4833917521010683,0.48319619816978815
Nicotine,13,350,100,2.42,50,4.84,150,5,0.5,0.0075082607857616,0.007508260785761609
Nicotine,14,350,100,2.42,50,4.84,500,5,0.5,0.0284591063153663,0.028459106315366238
Nicotine,15,350,100,2.42,50,4.84,900,5,0.5,0.0524029297777717,0.05234311031823737
Nicotine,16,350,100,2.42,150,4.84,150,5,0.5,0.0793397311729777,0.07933973117297753
Nicotine,17,350,100,2.42,150,4.84,500,5,0.5,0.2678973409394199,0.26789734093942025
Nicotine,18,350,100,2.42,150,4.84,900,5,0.5,0.4833917521010683,0.48339175210106866
Nicotine,19,350,300,1.93,50,3.86,150,5,0.5,0.0075082607857616,0.007508260785761609
Nicotine,20,350,300,1.93,50,3.86,500,5,0.5,0.0284591063153663,0.028492681015490184
Nicotine,21,350,300,1.93,50,3.86,900,5,0.5,0.0524029297777717,0.05235947334859824
Nicotine,22,350,300,1.93,150,3.86,150,5,0.5,0.0793397311729777,0.07933973117297753
Nicotine,23,350,300,1.93,150,3.86,500,5,0.5,0.2678973409394199,0.26789734093942025
Nicotine,24,350,300,1.93,150,3.86,900,5,0.5,0.4833917521010683,0.48339175210106866
Nicotine,25,350,300,1.44,50,2.88,150,5,0.5,0.0075082607857616,0.007503658345194497
Nicotine,26,350,300,1.44,50,2.88,500,5,0.5,0.0284591063153663,0.0284437648468092
Nicotine,27,350,300,1.44,50,2.88,900,5,0.5,0.0524029297777717,0.05238818648193067
Nicotine,28,350,300,1.44,150,2.88,150,5,0.5,0.0793397311729777,0.07933973117297753
Nicotine,29,350,300,1.44,150,2.88,500,5,0.5,0.2678973409394199,0.26789734093942025
Nicotine,30,350,300,1.44,150,2.88,900,5,0.5,0.4833917521010683,0.48284239408853435
Nicotine,31,350,300,2.42,50,4.84,150,5,0.5,0.0075082607857616,0.007494466120135409
Nicotine,32,350,300,2.42,50,4.84,500,5,0.5,0.0284591063153663,0.028447035085040283
Nicotine,33,350,300,2.42,50,4.84,900,5,0.5,0.0524029297777717,0.05240292977777169
Nicotine,34,350,300,2.42,150,4.84,150,5,0.5,0.0793397311729777,0.07907559838471234
Nicotine,35,350,300,2.42,150,4.84,500,5,0.5,0.2678973409394199,0.26759214204356785
Nicotine,36,350,300,2.42,150,4.84,900,5,0.5,0.4833917521010683,0.48339175210106866
Nicotine,37,450,100,1.93,50,3.86,150,5,0.5,0.0100736704424479,0.010051278397802767
Nicotine,38,450,100,1.93,50,3.86,500,5,0.5,0.0370104718376539,0.03696687199538923
Nicotine,39,450,100,1.93,50,3.86,900,5,0.5,0.0677953877178894,0.06773194690047432
Nicotine,40,450,100,1.93,150,3.86,150,5,0.5,0.1024284180831543,0.10221553728291738
Nicotine,41,450,100,1.93,150,3.86,500,5,0.5,0.3448596306400087,0.34454242655293443
Nicotine,42,450,100,1.93,150,3.86,900,5,0.5,0.621923873562128,0.6212175561174396
Nicotine,43,450,100,1.44,50,2.88,150,5,0.5,0.0100736704424479,0.010060590489768506
Nicotine,44,450,100,1.44,50,2.88,500,5,0.5,0.0370104718376539,0.03701047183765385
Nicotine,45,450,100,1.44,50,2.88,900,5,0.5,0.0677953877178894,0.06779538771788925
Nicotine,46,450,100,1.44,150,2.88,150,5,0.5,0.1024284180831543,0.10242841808315427
Nicotine,47,450,100,1.44,150,2.88,500,5,0.5,0.3448596306400087,0.34428970935203884
Nicotine,48,450,100,1.44,150,2.88,900,5,0.5,0.621923873562128,0.6219238735621264
Nicotine,49,450,100,2.42,50,4.84,150,5,0.5,0.0100736704424479,0.010060590489768506
Nicotine,50,450,100,2.42,50,4.84,500,5,0.5,0.0370104718376539,0.03695222349899597
Nicotine,51,450,100,2.42,50,4.84,900,5,0.5,0.0677953877178894,0.06779538771788925
Nicotine,52,450,100,2.42,150,4.84,150,5,0.5,0.1024284180831543,0.10242841808315427
Nicotine,53,450,100,2.42,150,4.84,500,5,0.5,0.3448596306400087,0.34471994926052296
Nicotine,54,450,100,2.42,150,4.84,900,5,0.5,0.621923873562128,0.6219238735621264
Nicotine,55,450,300,1.93,50,3.86,150,5,0.5,0.0100736704424479,0.010060851986833397
Nicotine,56,450,300,1.93,50,3.86,500,5,0.5,0.0370104718376539,0.03699074709236623
Nicotine,57,450,300,1.93,50,3.86,900,5,0.5,0.0677953877178894,0.06787308916674753
Nicotine,58,450,300,1.93,150,3.86,150,5,0.5,0.1024284180831543,0.10242841808315427
Nicotine,59,450,300,1.93,150,3.86,500,5,0.5,0.3448596306400087,0.34468210793242043
Nicotine,60,450,300,1.93,150,3.86,900,5,0.5,0.621923873562128,0.6219238735621264
Nicotine,61,450,300,1.44,50,2.88,150,5,0.5,0.0100736704424479,0.010069014396465023
Nicotine,62,450,300,1.44,50,2.88,500,5,0.5,0.0370104718376539,0.03699495168437762
Nicotine,63,450,300,1.44,50,2.88,900,5,0.5,0.0677953877178894,0.06779538771788925
Nicotine,64,450,300,1.44,150,2.88,150,5,0.5,0.1024284180831543,0.10233325685703187
Nicotine,65,450,300,1.44,150,2.88,500,5,0.5,0.3448596306400087,0.3448596306400091
Nicotine,66,450,300,1.44,150,2.88,900,5,0.5,0.621923873562128,0.6208767612651535
Nicotine,67,450,300,2.42,50,4.84,150,5,0.5,0.0100736704424479,0.010051278397802767
Nicotine,68,450,300,2.42,50,4.84,500,5,0.5,0.0370104718376539,0.03696687199538923
Nicotine,69,450,300,2.42,50,4.84,900,5,0.5,0.0677953877178894,0.06773194690047432
Nicotine,70,450,300,2.42,150,4.84,150,5,0.5,0.1024284180831543,0.10221553728291738
Nicotine,71,450,300,2.42,150,4.84,500,5,0.5,0.3448596306400087,0.34454242655293443
Nicotine,72,450,300,2.42,150,4.84,900,5,0.5,0.621923873562128,0.6212175561174396
Nicotine,73,550,100,1.93,50,3.86,150,5,0.5,0.0126390800991342,0.012666713833969459
Nicotine,74,550,100,1.93,50,3.86,500,5,0.5,0.0455618373599416,0.04558222049011399
Nicotine,75,550,100,1.93,50,3.86,900,5,0.5,0.0831878456580071,0.08315370132079951
Nicotine,76,550,100,1.93,150,3.86,150,5,0.5,0.1255171049933309,0.12590826126308854
Nicotine,77,550,100,1.93,150,3.86,500,5,0.5,0.4218219203405973,0.4226509323856552
Nicotine,78,550,100,1.93,150,3.86,900,5,0.5,0.7604559950231875,0.7610935007668498
Nicotine,79,550,100,1.44,50,2.88,150,5,0.5,0.0126390800991342,0.012654908172049784
Nicotine,80,550,100,1.44,50,2.88,500,5,0.5,0.0455618373599416,0.04554233983066577
Nicotine,81,550,100,1.44,50,2.88,900,5,0.5,0.0831878456580071,0.08318784565800721
Nicotine,82,550,100,1.44,150,2.88,150,5,0.5,0.1255171049933309,0.12551710499333113
Nicotine,83,550,100,1.44,150,2.88,500,5,0.5,0.4218219203405973,0.4218219203405978
Nicotine,84,550,100,1.44,150,2.88,900,5,0.5,0.7604559950231875,0.7598413969534488
Nicotine,85,550,100,2.42,50,4.84,150,5,0.5,0.0126390800991342,0.012654908172049784
Nicotine,86,550,100,2.42,50,4.84,500,5,0.5,0.0455618373599416,0.04556183735994158
Nicotine,87,550,100,2.42,50,4.84,900,5,0.5,0.0831878456580071,0.08318784565800721
Nicotine,88,550,100,2.42,150,4.84,150,5,0.5,0.1255171049933309,0.12551710499333113
Nicotine,89,550,100,2.42,150,4.84,500,5,0.5,0.4218219203405973,0.422176090198188
Nicotine,90,550,100,2.42,150,4.84,900,5,0.5,0.7604559950231875,0.7604559950231874
Nicotine,91,550,300,1.93,50,3.86,150,5,0.5,0.0126390800991342,0.01266671383396946
Nicotine,92,550,300,1.93,50,3.86,500,5,0.5,0.0455618373599416,0.04556183735994158
Nicotine,93,550,300,1.93,50,3.86,900,5,0.5,0.0831878456580071,0.08311030688116673
Nicotine,94,550,300,1.93,150,3.86,150,5,0.5,0.1255171049933309,0.12551710499333113
Nicotine,95,550,300,1.93,150,3.86,500,5,0.5,0.4218219203405973,0.42182192034059773
Nicotine,96,550,300,1.93,150,3.86,900,5,0.5,0.7604559950231875,0.7613107109606284
Nicotine,97,550,300,1.44,50,2.88,150,5,0.5,0.0126390800991342,0.012654908172049785
Nicotine,98,550,300,1.44,50,2.88,500,5,0.5,0.0455618373599416,0.04556183735994158
Nicotine,99,550,300,1.44,50,2.88,900,5,0.5,0.0831878456580071,0.08314445121837444
Nicotine,100,550,300,1.44,150,2.88,150,5,0.5,0.1255171049933309,0.12551710499333113
Nicotine,101,550,300,1.44,150,2.88,500,5,0.5,0.4218219203405973,0.42182192034059773
Nicotine,102,550,300,1.44,150,2.88,900,5,0.5,0.7604559950231875,0.7610935007668499
Nicotine,103,550,300,2.42,50,4.84,150,5,0.5,0.0126390800991342,0.012666713833969459
Nicotine,104,550,300,2.42,50,4.84,500,5,0.5,0.0455618373599416,0.045601189566340496
Nicotine,105,550,300,2.42,50,4.84,900,5,0.5,0.0831878456580071,0.08315370132079951
Nicotine,106,550,300,2.42,150,4.84,150,5,0.5,0.1255171049933309,0.12590826126308854
Nicotine,107,550,300,2.42,150,4.84,500,5,0.5,0.4218219203405973,0.422296762528065
Nicotine,108,550,300,2.42,150,4.84,900,5,0.5,0.7604559950231875,0.7607862017319804
Nicotine,109,650,100,1.93,50,3.86,150,5,0.5,0.0152044897558205,0.015189216966442837
Nicotine,110,650,100,1.93,50,3.86,500,5,0.5,0.0541132028822292,0.05398850684229574
Nicotine,111,650,100,1.93,50,3.86,900,5,0.5,0.0985803035981249,0.09841565967048888
Nicotine,112,650,100,1.93,150,3.86,150,5,0.5,0.1486057919035075,0.1485452633057303
Nicotine,113,650,100,1.93,150,3.86,500,5,0.5,0.498784210041186,0.49711781081130196
Nicotine,114,650,100,1.93,150,3.86,900,5,0.5,0.8989881164842471,0.8971431495488609
Nicotine,115,650,100,1.44,50,2.88,150,5,0.5,0.0152044897558205,0.01519594236619587
Nicotine,116,650,100,1.44,50,2.88,500,5,0.5,0.0541132028822292,0.054113202882229254
Nicotine,117,650,100,1.44,50,2.88,900,5,0.5,0.0985803035981249,0.0984288579176142
Nicotine,118,650,100,1.44,150,2.88,150,5,0.5,0.1486057919035075,0.14860579190350762
Nicotine,119,650,100,1.44,150,2.88,500,5,0.5,0.498784210041186,0.49852778835244754
Nicotine,120,650,100,1.44,150,2.88,900,5,0.5,0.8989881164842471,0.8989881164842471
Nicotine,121,650,100,2.42,50,4.84,150,5,0.5,0.0152044897558205,0.015204489755820505
Nicotine,122,650,100,2.42,50,4.84,500,5,0.5,0.0541132028822292,0.05408471158348047
Nicotine,123,650,100,2.42,50,4.84,900,5,0.5,0.0985803035981249,0.09858030359812471
Nicotine,124,650,100,2.42,150,4.84,150,5,0.5,0.1486057919035075,0.14835882601205388
Nicotine,125,650,100,2.42,150,4.84,500,5,0.5,0.498784210041186,0.4987842100411866
Nicotine,126,650,100,2.42,150,4.84,900,5,0.5,0.8989881164842471,0.8969680406373243
Nicotine,127,650,300,1.93,50,3.86,150,5,0.5,0.0152044897558205,0.01516670322585783
Nicotine,128,650,300,1.93,50,3.86,500,5,0.5,0.0541132028822292,0.054113202882229254
Nicotine,129,650,300,1.93,50,3.86,900,5,0.5,0.0985803035981249,0.09858030359812471
Nicotine,130,650,300,1.93,150,3.86,150,5,0.5,0.1486057919035075,0.14860579190350762
Nicotine,131,650,300,1.93,150,3.86,500,5,0.5,0.498784210041186,0.4987842100411866
Nicotine,132,650,300,1.93,150,3.86,900,5,0.5,0.8989881164842471,0.8976047085885912
Nicotine,133,650,300,1.44,50,2.88,150,5,0.5,0.0152044897558205,0.01518597420882179
Nicotine,134,650,300,1.44,50,2.88,500,5,0.5,0.0541132028822292,0.054113202882229254
Nicotine,135,650,300,1.44,50,2.88,900,5,0.5,0.0985803035981249,0.09858030359812471
Nicotine,136,650,300,1.44,150,2.88,150,5,0.5,0.1486057919035075,0.14860579190350762
Nicotine,137,650,300,1.44,150,2.88,500,5,0.5,0.498784210041186,0.4987842100411866
Nicotine,138,650,300,1.44,150,2.88,900,5,0.5,0.8989881164842471,0.8966048690506605
Nicotine,139,650,300,2.42,50,4.84,150,5,0.5,0.0152044897558205,0.015204489755820505
Nicotine,140,650,300,2.42,50,4.84,500,5,0.5,0.0541132028822292,0.05398850684229574
Nicotine,141,650,300,2.42,50,4.84,900,5,0.5,0.0985803035981249,0.09841565967048888
Nicotine,142,650,300,2.42,150,4.84,150,5,0.5,0.1486057919035075,0.1485452633057303
Nicotine,143,650,300,2.42,150,4.84,500,5,0.5,0.498784210041186,0.49711781081130196
Nicotine,144,650,300,2.42,150,4.84,900,5,0.5,0.8989881164842471,0.8975063211355248
Lidocaine,1,350,100,1.93,50,3.86,150,5,0.5,0.0060000743497923,0.006009891485454877
Lidocaine,2,350,100,1.93,50,3.86,500,5,0.5,0.0234318181954687,0.02351362765932338
Lidocaine,3,350,100,1.93,50,3.86,900,5,0.5,0.0433538111619559,0.043412713975931314
Lidocaine,4,350,100,1.93,150,3.86,150,5,0.5,0.0657660532492541,0.06585440747021702
Lidocaine,5,350,100,1.93,150,3.86,500,5,0.5,0.2226517478603414,0.22353529006997172
Lidocaine,6,350,100,1.93,150,3.86,900,5,0.5,0.4019496845587268,0.4021870602449088
Lidocaine,7,350,100,1.44,50,2.88,150,5,0.5,0.0060000743497923,0.006000074349792316
Lidocaine,8,350,100,1.44,50,2.88,500,5,0.5,0.0234318181954687,0.023431818195468693
Lidocaine,9,350,100,1.44,50,2.88,900,5,0.5,0.0433538111619559,0.04335381116195594
Lidocaine,10,350,100,1.44,150,2.88,150,5,0.5,0.0657660532492541,0.06576605324925396
Lidocaine,11,350,100,1.44,150,2.88,500,5,0.5,0.2226517478603414,0.22265174786034106
Lidocaine,12,350,100,1.44,150,2.88,900,5,0.5,0.4019496845587268,0.4022147472216163
Lidocaine,13,350,100,2.42,50,4.84,150,5,0.5,0.0060000743497923,0.006000074349792316
Lidocaine,14,350,100,2.42,50,4.84,500,5,0.5,0.0234318181954687,0.023431818195468693
Lidocaine,15,350,100,2.42,50,4.84,900,5,0.5,0.0433538111619559,0.04338326256894363
Lidocaine,16,350,100,2.42,150,4.84,150,5,0.5,0.0657660532492541,0.06576605324925396
Lidocaine,17,350,100,2.42,150,4.84,500,5,0.5,0.2226517478603414,0.22265174786034106
Lidocaine,18,350,100,2.42,150,4.84,900,5,0.5,0.4019496845587268,0.4024798098845055
Lidocaine,19,350,300,1.93,50,3.86,150,5,0.5,0.0060000743497923,0.006000074349792316
Lidocaine,20,350,300,1.93,50,3.86,500,5,0.5,0.0234318181954687,0.02346454198101057
Lidocaine,21,350,300,1.93,50,3.86,900,5,0.5,0.0433538111619559,0.04335381116195594
Lidocaine,22,350,300,1.93,150,3.86,150,5,0.5,0.0657660532492541,0.06576605324925396
Lidocaine,23,350,300,1.93,150,3.86,500,5,0.5,0.2226517478603414,0.2227990048952795
Lidocaine,24,350,300,1.93,150,3.86,900,5,0.5,0.4019496845587268,0.4016569349191304
Lidocaine,25,350,300,1.44,50,2.88,150,5,0.5,0.0060000743497923,0.006000074349792316
Lidocaine,26,350,300,1.44,50,2.88,500,5,0.5,0.0234318181954687,0.02344818008823963
Lidocaine,27,350,300,1.44,50,2.88,900,5,0.5,0.0433538111619559,0.04335381116195594
Lidocaine,28,350,300,1.44,150,2.88,150,5,0.5,0.0657660532492541,0.0657172616426545
Lidocaine,29,350,300,1.44,150,2.88,500,5,0.5,0.2226517478603414,0.22265174786034106
Lidocaine,30,350,300,1.44,150,2.88,900,5,0.5,0.4019496845587268,0.4022147472216163
Lidocaine,31,350,300,2.42,50,4.84,150,5,0.5,0.0060000743497923,0.006009891485454877
Lidocaine,32,350,300,2.42,50,4.84,500,5,0.5,0.0234318181954687,0.023481581829134922
Lidocaine,33,350,300,2.42,50,4.84,900,5,0.5,0.0433538111619559,0.043412713975931314
Lidocaine,34,350,300,2.42,150,4.84,150,5,0.5,0.0657660532492541,0.06585440747021702
Lidocaine,35,350,300,2.42,150,4.84,500,5,0.5,0.2226517478603414,0.22353529006997172
Lidocaine,36,350,300,2.42,150,4.84,900,5,0.5,0.4019496845587268,0.4021870602449088
Lidocaine,37,450,100,1.93,50,3.86,150,5,0.5,0.0081345735962017,0.0081302749435831
Lidocaine,38,450,100,1.93,50,3.86,500,5,0.5,0.0305468156834998,0.030521384206015276
Lidocaine,39,450,100,1.93,50,3.86,900,5,0.5,0.056160806640412,0.056111074698553046
Lidocaine,40,450,100,1.93,150,3.86,150,5,0.5,0.0849765464669383,0.08485108233568261
Lidocaine,41,450,100,1.93,150,3.86,500,5,0.5,0.2866867252526219,0.2866867252526219
Lidocaine,42,450,100,1.93,150,3.86,900,5,0.5,0.5172126438648318,0.517212643864831
Lidocaine,43,450,100,1.44,50,2.88,150,5,0.5,0.0081345735962017,0.008127603366687497
Lidocaine,44,450,100,1.44,50,2.88,500,5,0.5,0.0305468156834998,0.030546815683499737
Lidocaine,45,450,100,1.44,50,2.88,900,5,0.5,0.056160806640412,0.05611898526332663
Lidocaine,46,450,100,1.44,150,2.88,150,5,0.5,0.0849765464669383,0.08497654646693836
Lidocaine,47,450,100,1.44,150,2.88,500,5,0.5,0.2866867252526219,0.2866867252526219
Lidocaine,48,450,100,1.44,150,2.88,900,5,0.5,0.5172126438648318,0.517212643864831
Lidocaine,49,450,100,2.42,50,4.84,150,5,0.5,0.0081345735962017,0.008134573596201707
Lidocaine,50,450,100,2.42,50,4.84,500,5,0.5,0.0305468156834998,0.030546815683499737
Lidocaine,51,450,100,2.42,50,4.84,900,5,0.5,0.056160806640412,0.05616080664041188
Lidocaine,52,450,100,2.42,150,4.84,150,5,0.5,0.0849765464669383,0.08497654646693836
Lidocaine,53,450,100,2.42,150,4.84,500,5,0.5,0.2866867252526219,0.28647761836719565
Lidocaine,54,450,100,2.42,150,4.84,900,5,0.5,0.5172126438648318,0.5168362514710637
Lidocaine,55,450,300,1.93,50,3.86,150,5,0.5,0.0081345735962017,0.008134573596201707
Lidocaine,56,450,300,1.93,50,3.86,500,5,0.5,0.0305468156834998,0.03058888912205358
Lidocaine,57,450,300,1.93,50,3.86,900,5,0.5,0.056160806640412,0.05616080664041188
Lidocaine,58,450,300,1.93,150,3.86,150,5,0.5,0.0849765464669383,0.08497654646693836
Lidocaine,59,450,300,1.93,150,3.86,500,5,0.5,0.2866867252526219,0.28605940459634316
Lidocaine,60,450,300,1.93,150,3.86,900,5,0.5,0.5172126438648318,0.5168147747710867
Lidocaine,61,450,300,1.44,50,2.88,150,5,0.5,0.0081345735962017,0.008133914382470572
Lidocaine,62,450,300,1.44,50,2.88,500,5,0.5,0.0305468156834998,0.030523581585119048
Lidocaine,63,450,300,1.44,50,2.88,900,5,0.5,0.056160806640412,0.05619867273511034
Lidocaine,64,450,300,1.44,150,2.88,150,5,0.5,0.0849765464669383,0.08497654646693836
Lidocaine,65,450,300,1.44,150,2.88,500,5,0.5,0.2866867252526219,0.2868760557261142
Lidocaine,66,450,300,1.44,150,2.88,900,5,0.5,0.5172126438648318,0.517212643864831
Lidocaine,67,450,300,2.42,50,4.84,150,5,0.5,0.0081345735962017,0.008123963927800026
Lidocaine,68,450,300,2.42,50,4.84,500,5,0.5,0.0305468156834998,0.030500347486738355
Lidocaine,69,450,300,2.42,50,4.84,900,5,0.5,0.056160806640412,0.055993521132070886
Lidocaine,70,450,300,2.42,150,4.84,150,5,0.5,0.0849765464669383,0.08491381440131049
Lidocaine,71,450,300,2.42,150,4.84,500,5,0.5,0.2866867252526219,0.2866867252526219
Lidocaine,72,450,300,2.42,150,4.84,900,5,0.5,0.5172126438648318,0.517212643864831
Lidocaine,73,550,100,1.93,50,3.86,150,5,0.5,0.010269072842611,0.010284499770080757
Lidocaine,74,550,100,1.93,50,3.86,500,5,0.5,0.037661813171531,0.03776465935466256
Lidocaine,75,550,100,1.93,50,3.86,900,5,0.5,0.0689678021188681,0.06906228132882898
Lidocaine,76,550,100,1.93,150,3.86,150,5,0.5,0.1041870396846224,0.10425646085823635
Lidocaine,77,550,100,1.93,150,3.86,500,5,0.5,0.3507217026449024,0.3509531065569494
Lidocaine,78,550,100,1.93,150,3.86,900,5,0.5,0.6324756031709367,0.6337251842959869
Lidocaine,79,550,100,1.44,50,2.88,150,5,0.5,0.010269072842611,0.010284499770080757
Lidocaine,80,550,100,1.44,50,2.88,500,5,0.5,0.037661813171531,0.03766181317153095
Lidocaine,81,550,100,1.44,50,2.88,900,5,0.5,0.0689678021188681,0.06901408290127724
Lidocaine,82,550,100,1.44,150,2.88,150,5,0.5,0.1041870396846224,0.10417978833358005
Lidocaine,83,550,100,1.44,150,2.88,500,5,0.5,0.3507217026449024,0.3509531065569494
Lidocaine,84,550,100,1.44,150,2.88,900,5,0.5,0.6324756031709367,0.6320155680230002
Lidocaine,85,550,100,2.42,50,4.84,150,5,0.5,0.010269072842611,0.010276786306345886
Lidocaine,86,550,100,2.42,50,4.84,500,5,0.5,0.037661813171531,0.03771323626309676
Lidocaine,87,550,100,2.42,50,4.84,900,5,0.5,0.0689678021188681,0.06906036368368645
Lidocaine,88,550,100,2.42,150,4.84,150,5,0.5,0.1041870396846224,0.1042492095071939
Lidocaine,89,550,100,2.42,150,4.84,500,5,0.5,0.3507217026449024,0.3509531065569494
Lidocaine,90,550,100,2.42,150,4.84,900,5,0.5,0.6324756031709367,0.632475603170938
Lidocaine,91,550,300,1.93,50,3.86,150,5,0.5,0.010269072842611,0.010269072842611018
Lidocaine,92,550,300,1.93,50,3.86,500,5,0.5,0.037661813171531,0.03766181317153095
Lidocaine,93,550,300,1.93,50,3.86,900,5,0.5,0.0689678021188681,0.06906036368368645
Lidocaine,94,550,300,1.93,150,3.86,150,5,0.5,0.1041870396846224,0.10432588203185018
Lidocaine,95,550,300,1.93,150,3.86,500,5,0.5,0.3507217026449024,0.3511845104689955
Lidocaine,96,550,300,1.93,150,3.86,900,5,0.5,0.6324756031709367,0.632475603170938
Lidocaine,97,550,300,1.44,50,2.88,150,5,0.5,0.010269072842611,0.010276786306345886
Lidocaine,98,550,300,1.44,50,2.88,500,5,0.5,0.037661813171531,0.03766181317153095
Lidocaine,99,550,300,1.44,50,2.88,900,5,0.5,0.0689678021188681,0.06896780211886801
Lidocaine,100,550,300,1.44,150,2.88,150,5,0.5,0.1041870396846224,0.10425646085823635
Lidocaine,101,550,300,1.44,150,2.88,500,5,0.5,0.3507217026449024,0.3507217026449033
Lidocaine,102,550,300,1.44,150,2.88,900,5,0.5,0.6324756031709367,0.6328921302126209
Lidocaine,103,550,300,2.42,50,4.84,150,5,0.5,0.010269072842611,0.010276786306345886
Lidocaine,104,550,300,2.42,50,4.84,500,5,0.5,0.037661813171531,0.03776465935466256
Lidocaine,105,550,300,2.42,50,4.84,900,5,0.5,0.0689678021188681,0.06910856211123821
Lidocaine,106,550,300,2.42,150,4.84,150,5,0.5,0.1041870396846224,0.10425646085823635
Lidocaine,107,550,300,2.42,150,4.84,500,5,0.5,0.3507217026449024,0.3509531065569494
Lidocaine,108,550,300,2.42,150,4.84,900,5,0.5,0.6324756031709367,0.6337251842959869
Lidocaine,109,650,100,1.93,50,3.86,150,5,0.5,0.0124035720890204,0.012393503979722092
Lidocaine,110,650,100,1.93,50,3.86,500,5,0.5,0.0447768106595622,0.044740076303195805
Lidocaine,111,650,100,1.93,50,3.86,900,5,0.5,0.0817747975973243,0.08171438894153457
Lidocaine,112,650,100,1.93,150,3.86,150,5,0.5,0.1233975329023066,0.12303508096756766
Lidocaine,113,650,100,1.93,150,3.86,500,5,0.5,0.4147566800371829,0.4147281141088344
Lidocaine,114,650,100,1.93,150,3.86,900,5,0.5,0.7477385624770415,0.7471948845749321
Lidocaine,115,650,100,1.44,50,2.88,150,5,0.5,0.0124035720890204,0.012403572089020393
Lidocaine,116,650,100,1.44,50,2.88,500,5,0.5,0.0447768106595622,0.044776810659562266
Lidocaine,117,650,100,1.44,50,2.88,900,5,0.5,0.0817747975973243,0.08171438894153457
Lidocaine,118,650,100,1.44,150,2.88,150,5,0.5,0.1233975329023066,0.12330691991862176
Lidocaine,119,650,100,1.44,150,2.88,500,5,0.5,0.4147566800371829,0.4147566800371835
Lidocaine,120,650,100,1.44,150,2.88,900,5,0.5,0.7477385624770415,0.7477385624770405
Lidocaine,121,650,100,2.42,50,4.84,150,5,0.5,0.0124035720890204,0.012403572089020393
Lidocaine,122,650,100,2.42,50,4.84,500,5,0.5,0.0447768106595622,0.044807197031851154
Lidocaine,123,650,100,2.42,50,4.84,900,5,0.5,0.0817747975973243,0.08164981013148281
Lidocaine,124,650,100,2.42,150,4.84,150,5,0.5,0.1233975329023066,0.12330691991862176
Lidocaine,125,650,100,2.42,150,4.84,500,5,0.5,0.4147566800371829,0.4147281141088344
Lidocaine,126,650,100,2.42,150,4.84,900,5,0.5,0.7477385624770415,0.7471948845749321
Lidocaine,127,650,300,1.93,50,3.86,150,5,0.5,0.0124035720890204,0.012393503979722092
Lidocaine,128,650,300,1.93,50,3.86,500,5,0.5,0.0447768106595622,0.0447432502952346
Lidocaine,129,650,300,1.93,50,3.86,900,5,0.5,0.0817747975973243,0.08176908441165455
Lidocaine,130,650,300,1.93,150,3.86,150,5,0.5,0.1233975329023066,0.1232743375973378
Lidocaine,131,650,300,1.93,150,3.86,500,5,0.5,0.4147566800371829,0.41415259347928546
Lidocaine,132,650,300,1.93,150,3.86,900,5,0.5,0.7477385624770415,0.7471948845749321
Lidocaine,133,650,300,1.44,50,2.88,150,5,0.5,0.0124035720890204,0.012393503979722092
Lidocaine,134,650,300,1.44,50,2.88,500,5,0.5,0.0447768106595622,0.044776810659562266
Lidocaine,135,650,300,1.44,50,2.88,900,5,0.5,0.0817747975973243,0.08177479759732437
Lidocaine,136,650,300,1.44,150,2.88,150,5,0.5,0.1233975329023066,0.12339146301832736
Lidocaine,137,650,300,1.44,150,2.88,500,5,0.5,0.4147566800371829,0.41415259347928546
Lidocaine,138,650,300,1.44,150,2.88,900,5,0.5,0.7477385624770415,0.7471948845749323
Lidocaine,139,650,300,2.42,50,4.84,150,5,0.5,0.0124035720890204,0.012393503979722092
Lidocaine,140,650,300,2.42,50,4.84,500,5,0.5,0.0447768106595622,0.04470968993090693
Lidocaine,141,650,300,2.42,50,4.84,900,5,0.5,0.0817747975973243,0.08165398028574476
Lidocaine,142,650,300,2.42,150,4.84,150,5,0.5,0.1233975329023066,0.12303508096756766
Lidocaine,143,650,300,2.42,150,4.84,500,5,0.5,0.4147566800371829,0.41445463675823446
Lidocaine,144,650,300,2.42,150,4.84,900,5,0.5,0.7477385624770415,0.7471948845749321
Aspirin,1,350,100,1.93,50,3.86,150,5,0.5,0.0070480167290505,0.007053600241086938
Aspirin,2,350,100,1.93,50,3.86,500,5,0.5,0.0269249594596625,0.026938040412586864
Aspirin,3,350,100,1.93,50,3.86,900,5,0.5,0.0496414654375049,0.04984796276731806
Aspirin,4,350,100,1.93,150,3.86,150,5,0.5,0.0751975346625775,0.0753330598028932
Aspirin,5,350,100,1.93,150,3.86,500,5,0.5,0.254090019238086,0.2542575245991787
Aspirin,6,350,100,1.93,150,3.86,900,5,0.5,0.4585385730386672,0.4598470075663942
Aspirin,7,350,100,1.44,50,2.88,150,5,0.5,0.0070480167290505,0.007074806714170791
Aspirin,8,350,100,1.44,50,2.88,500,5,0.5,0.0269249594596625,0.02694030092821958
Aspirin,9,350,100,1.44,50,2.88,900,5,0.5,0.0496414654375049,0.049641465437504834
Aspirin,10,350,100,1.44,150,2.88,150,5,0.5,0.0751975346625775,0.0751975346625775
Aspirin,11,350,100,1.44,150,2.88,500,5,0.5,0.254090019238086,0.25409001923808566
Aspirin,12,350,100,1.44,150,2.88,900,5,0.5,0.4585385730386672,0.4585385730386667
Aspirin,13,350,100,2.42,50,4.84,150,5,0.5,0.0070480167290505,0.007064653722593445
Aspirin,14,350,100,2.42,50,4.84,500,5,0.5,0.0269249594596625,0.026924959459662542
Aspirin,15,350,100,2.42,50,4.84,900,5,0.5,0.0496414654375049,0.049641465437504834
Aspirin,16,350,100,2.42,150,4.84,150,5,0.5,0.0751975346625775,0.07514922743838003
Aspirin,17,350,100,2.42,150,4.84,500,5,0.5,0.254090019238086,0.2541194513821654
Aspirin,18,350,100,2.42,150,4.84,900,5,0.5,0.4585385730386672,0.45859155089801024
Aspirin,19,350,300,1.93,50,3.86,150,5,0.5,0.0070480167290505,0.007062094006505146
Aspirin,20,350,300,1.93,50,3.86,500,5,0.5,0.0269249594596625,0.026931499936124707
Aspirin,21,350,300,1.93,50,3.86,900,5,0.5,0.0496414654375049,0.049641465437504834
Aspirin,22,350,300,1.93,150,3.86,150,5,0.5,0.0751975346625775,0.07530657087322146
Aspirin,23,350,300,1.93,150,3.86,500,5,0.5,0.254090019238086,0.25409001923808566
Aspirin,24,350,300,1.93,150,3.86,900,5,0.5,0.4585385730386672,0.4585385730386667
Aspirin,25,350,300,1.44,50,2.88,150,5,0.5,0.0070480167290505,0.0070829499422955244
Aspirin,26,350,300,1.44,50,2.88,500,5,0.5,0.0269249594596625,0.026971883717844692
Aspirin,27,350,300,1.44,50,2.88,900,5,0.5,0.0496414654375049,0.049641465437504834
Aspirin,28,350,300,1.44,150,2.88,150,5,0.5,0.0751975346625775,0.07531540051644538
Aspirin,29,350,300,1.44,150,2.88,500,5,0.5,0.254090019238086,0.25409001923808566
Aspirin,30,350,300,1.44,150,2.88,900,5,0.5,0.4585385730386672,0.4585385730386667
Aspirin,31,350,300,2.42,50,4.84,150,5,0.5,0.0070480167290505,0.00705458131255626
Aspirin,32,350,300,2.42,50,4.84,500,5,0.5,0.0269249594596625,0.026934770174355784
Aspirin,33,350,300,2.42,50,4.84,900,5,0.5,0.0496414654375049,0.04984207633850211
Aspirin,34,350,300,2.42,150,4.84,150,5,0.5,0.0751975346625775,0.07534188944611712
Aspirin,35,350,300,2.42,150,4.84,500,5,0.5,0.254090019238086,0.254228092455099
Aspirin,36,350,300,2.42,150,4.84,900,5,0.5,0.4585385730386672,0.4598470075663942
Aspirin,37,450,100,1.93,50,3.86,150,5,0.5,0.0094819280838193,0.009490368262612429
Aspirin,38,450,100,1.93,50,3.86,500,5,0.5,0.0350379973088919,0.035022531395937674
Aspirin,39,450,100,1.93,50,3.86,900,5,0.5,0.0642449335661178,0.0642525018317384
Aspirin,40,450,100,1.93,150,3.86,150,5,0.5,0.0971027368554969,0.09704962649208987
Aspirin,41,450,100,1.93,150,3.86,500,5,0.5,0.3271073598811508,0.32739840657304675
Aspirin,42,450,100,1.93,150,3.86,900,5,0.5,0.5899697861961837,0.5893324618352991
Aspirin,43,450,100,1.44,50,2.88,150,5,0.5,0.0094819280838193,0.0094750270517911
Aspirin,44,450,100,1.44,50,2.88,500,5,0.5,0.0350379973088919,0.035046406492914677
Aspirin,45,450,100,1.44,50,2.88,900,5,0.5,0.0642449335661178,0.06424493356611789
Aspirin,46,450,100,1.44,150,2.88,150,5,0.5,0.0971027368554969,0.09711408925392778
Aspirin,47,450,100,1.44,150,2.88,500,5,0.5,0.3271073598811508,0.32710735988115064
Aspirin,48,450,100,1.44,150,2.88,900,5,0.5,0.5899697861961837,0.5900379005867695
Aspirin,49,450,100,2.42,50,4.84,150,5,0.5,0.0094819280838193,0.009483189461422728
Aspirin,50,450,100,2.42,50,4.84,500,5,0.5,0.0350379973088919,0.03510088952576745
Aspirin,51,450,100,2.42,50,4.84,900,5,0.5,0.0642449335661178,0.06428800637325612
Aspirin,52,450,100,2.42,150,4.84,150,5,0.5,0.0971027368554969,0.09711408925392778
Aspirin,53,450,100,2.42,150,4.84,500,5,0.5,0.3271073598811508,0.3269381702484068
Aspirin,54,450,100,2.42,150,4.84,900,5,0.5,0.5899697861961837,0.5898283103964865
Aspirin,55,450,300,1.93,50,3.86,150,5,0.5,0.0094819280838193,0.00947881118460135
Aspirin,56,450,300,1.93,50,3.86,500,5,0.5,0.0350379973088919,0.03504220190090329
Aspirin,57,450,300,1.93,50,3.86,900,5,0.5,0.0642449335661178,0.06424493356611789
Aspirin,58,450,300,1.93,150,3.86,150,5,0.5,0.0971027368554969,0.09712544165235854
Aspirin,59,450,300,1.93,150,3.86,500,5,0.5,0.3271073598811508,0.3272848825887392
Aspirin,60,450,300,1.93,150,3.86,900,5,0.5,0.5899697861961837,0.59087903706888
Aspirin,61,450,300,1.44,50,2.88,150,5,0.5,0.0094819280838193,0.009487845507405597
Aspirin,62,450,300,1.44,50,2.88,500,5,0.5,0.0350379973088919,0.035094123905971844
Aspirin,63,450,300,1.44,50,2.88,900,5,0.5,0.0642449335661178,0.06424493356611789
Aspirin,64,450,300,1.44,150,2.88,150,5,0.5,0.0971027368554969,0.09712544165235854
Aspirin,65,450,300,1.44,150,2.88,500,5,0.5,0.3271073598811508,0.3272208838654582
Aspirin,66,450,300,1.44,150,2.88,900,5,0.5,0.5899697861961837,0.589210353895634
Aspirin,67,450,300,2.42,50,4.84,150,5,0.5,0.0094819280838193,0.009491629640215847
Aspirin,68,450,300,2.42,50,4.84,500,5,0.5,0.0350379973088919,0.035026735987949066
Aspirin,69,450,300,2.42,50,4.84,900,5,0.5,0.0642449335661178,0.0642525018317384
Aspirin,70,450,300,2.42,150,4.84,150,5,0.5,0.0971027368554969,0.09704962649208987
Aspirin,71,450,300,2.42,150,4.84,500,5,0.5,0.3271073598811508,0.3272848825887392
Aspirin,72,450,300,2.42,150,4.84,900,5,0.5,0.5899697861961837,0.5892643474447145
Aspirin,73,550,100,1.93,50,3.86,150,5,0.5,0.0119158394385881,0.011962689665981338
Aspirin,74,550,100,1.93,50,3.86,500,5,0.5,0.0431510351581213,0.043147027864469
Aspirin,75,550,100,1.93,50,3.86,900,5,0.5,0.0788484016947308,0.07887615200200586
Aspirin,76,550,100,1.93,150,3.86,150,5,0.5,0.1190079390484163,0.11902181420205382
Aspirin,77,550,100,1.93,150,3.86,500,5,0.5,0.4001247005242154,0.40043417374663015
Aspirin,78,550,100,1.93,150,3.86,900,5,0.5,0.7214009993537003,0.7237672067677928
Aspirin,79,550,100,1.44,50,2.88,150,5,0.5,0.0119158394385881,0.011942109913718696
Aspirin,80,550,100,1.44,50,2.88,500,5,0.5,0.0431510351581213,0.04329650259740021
Aspirin,81,550,100,1.44,50,2.88,900,5,0.5,0.0788484016947308,0.07891935499495714
Aspirin,82,550,100,1.44,150,2.88,150,5,0.5,0.1190079390484163,0.11900793904841624
Aspirin,83,550,100,1.44,150,2.88,500,5,0.5,0.4001247005242154,0.40017095103634104
Aspirin,84,550,100,1.44,150,2.88,900,5,0.5,0.7214009993537003,0.7225123059758828
Aspirin,85,550,100,2.42,50,4.84,150,5,0.5,0.0119158394385881,0.011908946527624458
Aspirin,86,550,100,2.42,50,4.84,500,5,0.5,0.0431510351581213,0.0432279034231914
Aspirin,87,550,100,2.42,50,4.84,900,5,0.5,0.0788484016947308,0.07904475115367554
Aspirin,88,550,100,2.42,150,4.84,150,5,0.5,0.1190079390484163,0.11900793904841624
Aspirin,89,550,100,2.42,150,4.84,500,5,0.5,0.4001247005242154,0.4001247005242158
Aspirin,90,550,100,2.42,150,4.84,900,5,0.5,0.7214009993537003,0.7214009993536998
Aspirin,91,550,300,1.93,50,3.86,150,5,0.5,0.0119158394385881,0.011936419190850742
Aspirin,92,550,300,1.93,50,3.86,500,5,0.5,0.0431510351581213,0.043166451995496374
Aspirin,93,550,300,1.93,50,3.86,900,5,0.5,0.0788484016947308,0.0787977941265238
Aspirin,94,550,300,1.93,150,3.86,150,5,0.5,0.1190079390484163,0.11900793904841624
Aspirin,95,550,300,1.93,150,3.86,500,5,0.5,0.4001247005242154,0.40017095103634104
Aspirin,96,550,300,1.93,150,3.86,900,5,0.5,0.7214009993537003,0.7214009993536998
Aspirin,97,550,300,1.44,50,2.88,150,5,0.5,0.0119158394385881,0.011940441601846642
Aspirin,98,550,300,1.44,50,2.88,500,5,0.5,0.0431510351581213,0.04312699342982998
Aspirin,99,550,300,1.44,50,2.88,900,5,0.5,0.0788484016947308,0.07879587648138127
Aspirin,100,550,300,1.44,150,2.88,150,5,0.5,0.1190079390484163,0.11902181420205382
Aspirin,101,550,300,1.44,150,2.88,500,5,0.5,0.4001247005242154,0.400862765421972
Aspirin,102,550,300,1.44,150,2.88,900,5,0.5,0.7214009993537003,0.7214009993536998
Aspirin,103,550,300,2.42,50,4.84,150,5,0.5,0.0119158394385881,0.011966712076977238
Aspirin,104,550,300,2.42,50,4.84,500,5,0.5,0.0431510351581213,0.0431711358864872
Aspirin,105,550,300,2.42,50,4.84,900,5,0.5,0.0788484016947308,0.07887615200200586
Aspirin,106,550,300,2.42,150,4.84,150,5,0.5,0.1190079390484163,0.11902181420205382
Aspirin,107,550,300,2.42,150,4.84,500,5,0.5,0.4001247005242154,0.4003416727223796
Aspirin,108,550,300,2.42,150,4.84,900,5,0.5,0.7214009993537003,0.7237672067677927
Aspirin,109,650,100,1.93,50,3.86,150,5,0.5,0.0143497507933569,0.01433940491800021
Aspirin,110,650,100,1.93,50,3.86,500,5,0.5,0.0512640730073508,0.05126415135448256
Aspirin,111,650,100,1.93,50,3.86,900,5,0.5,0.0934518698233437,0.09340299281832895
Aspirin,112,650,100,1.93,150,3.86,150,5,0.5,0.1409131412413358,0.140856435179914
Aspirin,113,650,100,1.93,150,3.86,500,5,0.5,0.4731420411672802,0.47258727988150384
Aspirin,114,650,100,1.93,150,3.86,900,5,0.5,0.8528322125112167,0.8538820599728251
Aspirin,115,650,100,1.44,50,2.88,150,5,0.5,0.0143497507933569,0.014341604625854433
Aspirin,116,650,100,1.44,50,2.88,500,5,0.5,0.0512640730073508,0.051264073007350766
Aspirin,117,650,100,1.44,50,2.88,900,5,0.5,0.0934518698233437,0.09345186982334383
Aspirin,118,650,100,1.44,150,2.88,150,5,0.5,0.1409131412413358,0.14091314124133614
Aspirin,119,650,100,1.44,150,2.88,500,5,0.5,0.4731420411672802,0.4731967008634273
Aspirin,120,650,100,1.44,150,2.88,900,5,0.5,0.8528322125112167,0.8529305999642832
Aspirin,121,650,100,2.42,50,4.84,150,5,0.5,0.0143497507933569,0.01436012017285315
Aspirin,122,650,100,2.42,50,4.84,500,5,0.5,0.0512640730073508,0.051264073007350766
Aspirin,123,650,100,2.42,50,4.84,900,5,0.5,0.0934518698233437,0.09359779897575166
Aspirin,124,650,100,2.42,150,4.84,150,5,0.5,0.1409131412413358,0.14091314124133614
Aspirin,125,650,100,2.42,150,4.84,500,5,0.5,0.4731420411672802,0.4731420411672792
Aspirin,126,650,100,2.42,150,4.84,900,5,0.5,0.8528322125112167,0.8523719226950215
Aspirin,127,650,300,1.93,50,3.86,150,5,0.5,0.0143497507933569,0.01436372644340152
Aspirin,128,650,300,1.93,50,3.86,500,5,0.5,0.0512640730073508,0.051264073007350766
Aspirin,129,650,300,1.93,50,3.86,900,5,0.5,0.0934518698233437,0.09359779897575166
Aspirin,130,650,300,1.93,150,3.86,150,5,0.5,0.1409131412413358,0.14096233496786936
Aspirin,131,650,300,1.93,150,3.86,500,5,0.5,0.4731420411672802,0.47381702723317043
Aspirin,132,650,300,1.93,150,3.86,900,5,0.5,0.8528322125112167,0.8530289874173498
Aspirin,133,650,300,1.44,50,2.88,150,5,0.5,0.0143497507933569,0.014349750793356913
Aspirin,134,650,300,1.44,50,2.88,500,5,0.5,0.0512640730073508,0.05127014630692277
Aspirin,135,650,300,1.44,50,2.88,900,5,0.5,0.0934518698233437,0.09346280176257343
Aspirin,136,650,300,1.44,150,2.88,150,5,0.5,0.1409131412413358,0.14131813288087083
Aspirin,137,650,300,1.44,150,2.88,500,5,0.5,0.4731420411672802,0.47289765614220486
Aspirin,138,650,300,1.44,150,2.88,900,5,0.5,0.8528322125112167,0.8528322125112168
Aspirin,139,650,300,2.42,50,4.84,150,5,0.5,0.0143497507933569,0.014349774297496452
Aspirin,140,650,300,2.42,50,4.84,500,5,0.5,0.0512640730073508,0.051270224654054564
Aspirin,141,650,300,2.42,50,4.84,900,5,0.5,0.0934518698233437,0.09340299281832895
Aspirin,142,650,300,2.42,150,4.84,150,5,0.5,0.1409131412413358,0.140856435179914
Aspirin,143,650,300,2.42,150,4.84,500,5,0.5,0.4731420411672802,0.47258727988150384
Aspirin,144,650,300,2.42,150,4.84,900,5,0.5,0.8528322125112167,0.8541468441064224
Fluoxetine,1,350,100,1.93,50,3.86,150,5,0.5,0.0050315256504758,0.005031578270041457
Fluoxetine,2,350,100,1.93,50,3.86,500,5,0.5,0.0202033225310803,0.020202595272784805
Fluoxetine,3,350,100,1.93,50,3.86,900,5,0.5,0.0375425189660569,0.03754480457780794
Fluoxetine,4,350,100,1.93,150,3.86,150,5,0.5,0.0570491149554055,0.057050062107587084
Fluoxetine,5,350,100,1.93,150,3.86,500,5,0.5,0.193595286880846,0.19360160122872416
Fluoxetine,6,350,100,1.93,150,3.86,900,5,0.5,0.3496480547956351,0.3496743082144848
Fluoxetine,7,350,100,1.44,50,2.88,150,5,0.5,0.0050315256504758,0.005031630889607106
Fluoxetine,8,350,100,1.44,50,2.88,500,5,0.5,0.0202033225310803,0.020203673328184606
Fluoxetine,9,350,100,1.44,50,2.88,900,5,0.5,0.0375425189660569,0.037543150400844744
Fluoxetine,10,350,100,1.44,150,2.88,150,5,0.5,0.0570491149554055,0.057050062107587084
Fluoxetine,11,350,100,1.44,150,2.88,500,5,0.5,0.193595286880846,0.1935984440547852
Fluoxetine,12,350,100,1.44,150,2.88,900,5,0.5,0.3496480547956351,0.34965373770872593
Fluoxetine,13,350,100,2.42,50,4.84,150,5,0.5,0.0050315256504758,0.005031788748304052
Fluoxetine,14,350,100,2.42,50,4.84,500,5,0.5,0.0202033225310803,0.020203848726736768
Fluoxetine,15,350,100,2.42,50,4.84,900,5,0.5,0.0375425189660569,0.03754283468345085
Fluoxetine,16,350,100,2.42,150,4.84,150,5,0.5,0.0570491149554055,0.057050062107587084
Fluoxetine,17,350,100,2.42,150,4.84,500,5,0.5,0.193595286880846,0.19359844405478518
Fluoxetine,18,350,100,2.42,150,4.84,900,5,0.5,0.3496480547956351,0.34965089625218093
Fluoxetine,19,350,300,1.93,50,3.86,150,5,0.5,0.0050315256504758,0.005031733714605361
Fluoxetine,20,350,300,1.93,50,3.86,500,5,0.5,0.0202033225310803,0.020203497929632438
Fluoxetine,21,350,300,1.93,50,3.86,900,5,0.5,0.0375425189660569,0.037543150400844744
Fluoxetine,22,350,300,1.93,150,3.86,150,5,0.5,0.0570491149554055,0.05704958853149624
Fluoxetine,23,350,300,1.93,150,3.86,500,5,0.5,0.193595286880846,0.19359528688084626
Fluoxetine,24,350,300,1.93,150,3.86,900,5,0.5,0.3496480547956351,0.3496480547956359
Fluoxetine,25,350,300,1.44,50,2.88,150,5,0.5,0.0050315256504758,0.005031525650475808
Fluoxetine,26,350,300,1.44,50,2.88,500,5,0.5,0.0202033225310803,0.020203497929632438
Fluoxetine,27,350,300,1.44,50,2.88,900,5,0.5,0.0375425189660569,0.037543150400844744
Fluoxetine,28,350,300,1.44,150,2.88,150,5,0.5,0.0570491149554055,0.05705053568367793
Fluoxetine,29,350,300,1.44,150,2.88,500,5,0.5,0.193595286880846,0.19360671493960122
Fluoxetine,30,350,300,1.44,150,2.88,900,5,0.5,0.3496480547956351,0.34966862530139475
Fluoxetine,31,350,300,2.42,50,4.84,150,5,0.5,0.0050315256504758,0.005031578270041457
Fluoxetine,32,350,300,2.42,50,4.84,500,5,0.5,0.0202033225310803,0.020202419874232644
Fluoxetine,33,350,300,2.42,50,4.84,900,5,0.5,0.0375425189660569,0.03754283468345085
Fluoxetine,34,350,300,2.42,150,4.84,150,5,0.5,0.0570491149554055,0.057050535683677926
Fluoxetine,35,350,300,2.42,150,4.84,500,5,0.5,0.193595286880846,0.19360160122872416
Fluoxetine,36,350,300,2.42,150,4.84,900,5,0.5,0.3496480547956351,0.34967714967102986
Fluoxetine,37,450,100,1.93,50,3.86,150,5,0.5,0.0068892966970804,0.0068898541247542945
Fluoxetine,38,450,100,1.93,50,3.86,500,5,0.5,0.0263958926864291,0.026394732127625033
Fluoxetine,39,450,100,1.93,50,3.86,900,5,0.5,0.0486891452456847,0.048687056239837316
Fluoxetine,40,450,100,1.93,150,3.86,150,5,0.5,0.0737690543748472,0.07375075427068564
Fluoxetine,41,450,100,1.93,150,3.86,500,5,0.5,0.249328418278985,0.24933247750262078
Fluoxetine,42,450,100,1.93,150,3.86,900,5,0.5,0.4499676913122852,0.44994523695838723
Fluoxetine,43,450,100,1.44,50,2.88,150,5,0.5,0.0068892966970804,0.00688929669708039
Fluoxetine,44,450,100,1.44,50,2.88,500,5,0.5,0.0263958926864291,0.026396343711277557
Fluoxetine,45,450,100,1.44,50,2.88,900,5,0.5,0.0486891452456847,0.04868955116804827
Fluoxetine,46,450,100,1.44,150,2.88,150,5,0.5,0.0737690543748472,0.07376905437484725
Fluoxetine,47,450,100,1.44,150,2.88,500,5,0.5,0.249328418278985,0.249328418278985
Fluoxetine,48,450,100,1.44,150,2.88,900,5,0.5,0.4499676913122852,0.4499676913122858
Fluoxetine,49,450,100,2.42,50,4.84,150,5,0.5,0.0068892966970804,0.006889364350807654
Fluoxetine,50,450,100,2.42,50,4.84,500,5,0.5,0.0263958926864291,0.026396343711277557
Fluoxetine,51,450,100,2.42,50,4.84,900,5,0.5,0.0486891452456847,0.04868955116804827
Fluoxetine,52,450,100,2.42,150,4.84,150,5,0.5,0.0737690543748472,0.07376966325839261
Fluoxetine,53,450,100,2.42,150,4.84,500,5,0.5,0.249328418278985,0.24933247750262078
Fluoxetine,54,450,100,2.42,150,4.84,900,5,0.5,0.4499676913122852,0.4499749979148302
Fluoxetine,55,450,300,1.93,50,3.86,150,5,0.5,0.0068892966970804,0.006889718817299768
Fluoxetine,56,450,300,1.93,50,3.86,500,5,0.5,0.0263958926864291,0.026396569223701767
Fluoxetine,57,450,300,1.93,50,3.86,900,5,0.5,0.0486891452456847,0.04868995709041185
Fluoxetine,58,450,300,1.93,150,3.86,150,5,0.5,0.0737690543748472,0.07377027214193799
Fluoxetine,59,450,300,1.93,150,3.86,500,5,0.5,0.249328418278985,0.2493304478908029
Fluoxetine,60,450,300,1.93,150,3.86,900,5,0.5,0.4499676913122852,0.4499941391054043
Fluoxetine,61,450,300,1.44,50,2.88,150,5,0.5,0.0068892966970804,0.00688929669708039
Fluoxetine,62,450,300,1.44,50,2.88,500,5,0.5,0.0263958926864291,0.026397299753827055
Fluoxetine,63,450,300,1.44,50,2.88,900,5,0.5,0.0486891452456847,0.04868995709041185
Fluoxetine,64,450,300,1.44,150,2.88,150,5,0.5,0.0737690543748472,0.07376905437484725
Fluoxetine,65,450,300,1.44,150,2.88,500,5,0.5,0.249328418278985,0.249328418278985
Fluoxetine,66,450,300,1.44,150,2.88,900,5,0.5,0.4499676913122852,0.4499676913122858
Fluoxetine,67,450,300,2.42,50,4.84,150,5,0.5,0.0068892966970804,0.006889718817299768
Fluoxetine,68,450,300,2.42,50,4.84,500,5,0.5,0.0263958926864291,0.026394957640049243
Fluoxetine,69,450,300,2.42,50,4.84,900,5,0.5,0.0486891452456847,0.048687056239837316
Fluoxetine,70,450,300,2.42,150,4.84,150,5,0.5,0.0737690543748472,0.07374634630516588
Fluoxetine,71,450,300,2.42,150,4.84,500,5,0.5,0.249328418278985,0.24932203247338386
Fluoxetine,72,450,300,2.42,150,4.84,900,5,0.5,0.4499676913122852,0.4499749979148302
Fluoxetine,73,550,100,1.93,50,3.86,150,5,0.5,0.0087470677436851,0.008747666356286534
Fluoxetine,74,550,100,1.93,50,3.86,500,5,0.5,0.0325884628417778,0.03258901409437036
Fluoxetine,75,550,100,1.93,50,3.86,900,5,0.5,0.0598357715253125,0.05983626765264585
Fluoxetine,76,550,100,1.93,150,3.86,150,5,0.5,0.0904889937942889,0.09048579925218127
Fluoxetine,77,550,100,1.93,150,3.86,500,5,0.5,0.3050615496771239,0.3050512641669449
Fluoxetine,78,550,100,1.93,150,3.86,900,5,0.5,0.5502873278289355,0.550268813910613
Fluoxetine,79,550,100,1.44,50,2.88,150,5,0.5,0.0087470677436851,0.008747583668397656
Fluoxetine,80,550,100,1.44,50,2.88,500,5,0.5,0.0325884628417778,0.03258846284177785
Fluoxetine,81,550,100,1.44,50,2.88,900,5,0.5,0.0598357715253125,0.05983577152531259
Fluoxetine,82,550,100,1.44,150,2.88,150,5,0.5,0.0904889937942889,0.09048973798528884
Fluoxetine,83,550,100,1.44,150,2.88,500,5,0.5,0.3050615496771239,0.3050615496771237
Fluoxetine,84,550,100,1.44,150,2.88,900,5,0.5,0.5502873278289355,0.5502917929749341
Fluoxetine,85,550,100,2.42,50,4.84,150,5,0.5,0.0087470677436851,0.008747067743685085
Fluoxetine,86,550,100,2.42,50,4.84,500,5,0.5,0.0325884628417778,0.03258928972066662
Fluoxetine,87,550,100,2.42,50,4.84,900,5,0.5,0.0598357715253125,0.05983626765264585
Fluoxetine,88,550,100,2.42,150,4.84,150,5,0.5,0.0904889937942889,0.09048899379428894
Fluoxetine,89,550,100,2.42,150,4.84,500,5,0.5,0.3050615496771239,0.3050615496771237
Fluoxetine,90,550,100,2.42,150,4.84,900,5,0.5,0.5502873278289355,0.5503096535589316
Fluoxetine,91,550,300,1.93,50,3.86,150,5,0.5,0.0087470677436851,0.008747150431573963
Fluoxetine,92,550,300,1.93,50,3.86,500,5,0.5,0.0325884628417778,0.03258901409437036
Fluoxetine,93,550,300,1.93,50,3.86,900,5,0.5,0.0598357715253125,0.05983626765264585
Fluoxetine,94,550,300,1.93,150,3.86,150,5,0.5,0.0904889937942889,0.09049122636728862
Fluoxetine,95,550,300,1.93,150,3.86,500,5,0.5,0.3050615496771239,0.30506651095045634
Fluoxetine,96,550,300,1.93,150,3.86,900,5,0.5,0.5502873278289355,0.5502873278289347
Fluoxetine,97,550,300,1.44,50,2.88,150,5,0.5,0.0087470677436851,0.008746559517568038
Fluoxetine,98,550,300,1.44,50,2.88,500,5,0.5,0.0325884628417778,0.0325887384680741
Fluoxetine,99,550,300,1.44,50,2.88,900,5,0.5,0.0598357715253125,0.05983577152531259
Fluoxetine,100,550,300,1.44,150,2.88,150,5,0.5,0.0904889937942889,0.09048899379428894
Fluoxetine,101,550,300,1.44,150,2.88,500,5,0.5,0.3050615496771239,0.30507147222378894
Fluoxetine,102,550,300,1.44,150,2.88,900,5,0.5,0.5502873278289355,0.5502917929749341
Fluoxetine,103,550,300,2.42,50,4.84,150,5,0.5,0.0087470677436851,0.00874774904417541
Fluoxetine,104,550,300,2.42,50,4.84,500,5,0.5,0.0325884628417778,0.03258928972066662
Fluoxetine,105,550,300,2.42,50,4.84,900,5,0.5,0.0598357715253125,0.05983676377997911
Fluoxetine,106,550,300,2.42,150,4.84,150,5,0.5,0.0904889937942889,0.09048505506118136
Fluoxetine,107,550,300,2.42,150,4.84,500,5,0.5,0.3050615496771239,0.3050512641669449
Fluoxetine,108,550,300,2.42,150,4.84,900,5,0.5,0.5502873278289355,0.5502324394082938
Fluoxetine,109,650,100,1.93,50,3.86,150,5,0.5,0.0106048387902897,0.010605522844643157
Fluoxetine,110,650,100,1.93,50,3.86,500,5,0.5,0.0387810329971266,0.038781063324927104
Fluoxetine,111,650,100,1.93,50,3.86,900,5,0.5,0.0709823978049403,0.07098298413724313
Fluoxetine,112,650,100,1.93,150,3.86,150,5,0.5,0.1072089332137306,0.10721793877040002
Fluoxetine,113,650,100,1.93,150,3.86,500,5,0.5,0.3607946810752629,0.360782525472324
Fluoxetine,114,650,100,1.93,150,3.86,900,5,0.5,0.6506069643455856,0.6506061922232017
Fluoxetine,115,650,100,1.44,50,2.88,150,5,0.5,0.0106048387902897,0.010605034234390702
Fluoxetine,116,650,100,1.44,50,2.88,500,5,0.5,0.0387810329971266,0.03878201021763147
Fluoxetine,117,650,100,1.44,50,2.88,900,5,0.5,0.0709823978049403,0.07098415680184902
Fluoxetine,118,650,100,1.44,150,2.88,150,5,0.5,0.1072089332137306,0.10720616603130327
Fluoxetine,119,650,100,1.44,150,2.88,500,5,0.5,0.3607946810752629,0.36080054439829196
Fluoxetine,120,650,100,1.44,150,2.88,900,5,0.5,0.6506069643455856,0.650606964345585
Fluoxetine,121,650,100,2.42,50,4.84,150,5,0.5,0.0106048387902897,0.01060493651234021
Fluoxetine,122,650,100,2.42,50,4.84,500,5,0.5,0.0387810329971266,0.03878135873729485
Fluoxetine,123,650,100,2.42,50,4.84,900,5,0.5,0.0709823978049403,0.07097996668435247
Fluoxetine,124,650,100,2.42,150,4.84,150,5,0.5,0.1072089332137306,0.10721069221063927
Fluoxetine,125,650,100,2.42,150,4.84,500,5,0.5,0.3607946810752629,0.36079468107526247
Fluoxetine,126,650,100,2.42,150,4.84,900,5,0.5,0.6506069643455856,0.6505745302788425
Fluoxetine,127,650,300,1.93,50,3.86,150,5,0.5,0.0106048387902897,0.010605034234390702
Fluoxetine,128,650,300,1.93,50,3.86,500,5,0.5,0.0387810329971266,0.03878135873729485
Fluoxetine,129,650,300,1.93,50,3.86,900,5,0.5,0.0709823978049403,0.07098722884478068
Fluoxetine,130,650,300,1.93,150,3.86,150,5,0.5,0.1072089332137306,0.10720893321373043
Fluoxetine,131,650,300,1.93,150,3.86,500,5,0.5,0.3607946810752629,0.3607976127367772
Fluoxetine,132,650,300,1.93,150,3.86,900,5,0.5,0.6506069643455856,0.6506227953177646
Fluoxetine,133,650,300,1.44,50,2.88,150,5,0.5,0.0106048387902897,0.010605131956441194
Fluoxetine,134,650,300,1.44,50,2.88,500,5,0.5,0.0387810329971266,0.03878103299712655
Fluoxetine,135,650,300,1.44,50,2.88,900,5,0.5,0.0709823978049403,0.07097938035204952
Fluoxetine,136,650,300,1.44,150,2.88,150,5,0.5,0.1072089332137306,0.10720981271218484
Fluoxetine,137,650,300,1.44,150,2.88,500,5,0.5,0.3607946810752629,0.3608005443982919
Fluoxetine,138,650,300,1.44,150,2.88,900,5,0.5,0.6506069643455856,0.6506227953177646
Fluoxetine,139,650,300,2.42,50,4.84,150,5,0.5,0.0106048387902897,0.010605522844643157
Fluoxetine,140,650,300,2.42,50,4.84,500,5,0.5,0.0387810329971266,0.03878171480526372
Fluoxetine,141,650,300,2.42,50,4.84,900,5,0.5,0.0709823978049403,0.07098474313415197
Fluoxetine,142,650,300,2.42,150,4.84,150,5,0.5,0.1072089332137306,0.10721253309260961
Fluoxetine,143,650,300,2.42,150,4.84,500,5,0.5,0.3607946810752629,0.36077959381080915
Fluoxetine,144,650,300,2.42,150,4.84,900,5,0.5,0.6506069643455856,0.6505956382417486
Sertraline,1,350,100,1.93,50,3.86,150,5,0.5,0.005064357223094,0.00506444994291256
Sertraline,2,350,100,1.93,50,3.86,500,5,0.5,0.0203127611064744,0.02030616142585033
Sertraline,3,350,100,1.93,50,3.86,900,5,0.5,0.0377395084017662,0.03774304244737084
Sertraline,4,350,100,1.93,150,3.86,150,5,0.5,0.0573445991089695,0.057310265462308864
Sertraline,5,350,100,1.93,150,3.86,500,5,0.5,0.1945802340593926,0.1945606820890092
Sertraline,6,350,100,1.93,150,3.86,900,5,0.5,0.351420959717019,0.35132866234127647
Sertraline,7,350,100,1.44,50,2.88,150,5,0.5,0.005064357223094,0.0050643572230940044
Sertraline,8,350,100,1.44,50,2.88,500,5,0.5,0.0203127611064744,0.0203127611064744
Sertraline,9,350,100,1.44,50,2.88,900,5,0.5,0.0377395084017662,0.0377395084017662
Sertraline,10,350,100,1.44,150,2.88,150,5,0.5,0.0573445991089695,0.05733573458436253
Sertraline,11,350,100,1.44,150,2.88,500,5,0.5,0.1945802340593926,0.19454880365629434
Sertraline,12,350,100,1.44,150,2.88,900,5,0.5,0.351420959717019,0.35141025379918395
Sertraline,13,350,100,2.42,50,4.84,150,5,0.5,0.005064357223094,0.0050643572230940044
Sertraline,14,350,100,2.42,50,4.84,500,5,0.5,0.0203127611064744,0.0203127611064744
Sertraline,15,350,100,2.42,50,4.84,900,5,0.5,0.0377395084017662,0.0377395084017662
Sertraline,16,350,100,2.42,150,4.84,150,5,0.5,0.0573445991089695,0.057344599108969455
Sertraline,17,350,100,2.42,150,4.84,500,5,0.5,0.1945802340593926,0.19455083261722375
Sertraline,18,350,100,2.42,150,4.84,900,5,0.5,0.351420959717019,0.3514657532998962
Sertraline,19,350,300,1.93,50,3.86,150,5,0.5,0.005064357223094,0.005064236971497377
Sertraline,20,350,300,1.93,50,3.86,500,5,0.5,0.0203127611064744,0.020311441280617192
Sertraline,21,350,300,1.93,50,3.86,900,5,0.5,0.0377395084017662,0.0377395084017662
Sertraline,22,350,300,1.93,150,3.86,150,5,0.5,0.0573445991089695,0.057344599108969455
Sertraline,23,350,300,1.93,150,3.86,500,5,0.5,0.1945802340593926,0.19455707454111032
Sertraline,24,350,300,1.93,150,3.86,900,5,0.5,0.351420959717019,0.35137927258411006
Sertraline,25,350,300,1.44,50,2.88,150,5,0.5,0.005064357223094,0.0050643572230940044
Sertraline,26,350,300,1.44,50,2.88,500,5,0.5,0.0203127611064744,0.02031126588206503
Sertraline,27,350,300,1.44,50,2.88,900,5,0.5,0.0377395084017662,0.037737854224803004
Sertraline,28,350,300,1.44,150,2.88,150,5,0.5,0.0573445991089695,0.057338733517854366
Sertraline,29,350,300,1.44,150,2.88,500,5,0.5,0.1945802340593926,0.1945667770397085
Sertraline,30,350,300,1.44,150,2.88,900,5,0.5,0.351420959717019,0.3514144661308006
Sertraline,31,350,300,2.42,50,4.84,150,5,0.5,0.005064357223094,0.00506444994291256
Sertraline,32,350,300,2.42,50,4.84,500,5,0.5,0.0203127611064744,0.020305359748539465
Sertraline,33,350,300,2.42,50,4.84,900,5,0.5,0.0377395084017662,0.03774107255301375
Sertraline,34,350,300,2.42,150,4.84,150,5,0.5,0.0573445991089695,0.0573091831979392
Sertraline,35,350,300,2.42,150,4.84,500,5,0.5,0.1945802340593926,0.1945606820890092
Sertraline,36,350,300,2.42,150,4.84,900,5,0.5,0.351420959717019,0.35132216875505845
Sertraline,37,450,100,1.93,50,3.86,150,5,0.5,0.0069315087190181,0.006929517318600159
Sertraline,38,450,100,1.93,50,3.86,500,5,0.5,0.0265365994262214,0.026535192358823453
Sertraline,39,450,100,1.93,50,3.86,900,5,0.5,0.0489424173773109,0.04893646207260962
Sertraline,40,450,100,1.93,150,3.86,150,5,0.5,0.0741489625722866,0.07413623053326047
Sertraline,41,450,100,1.93,150,3.86,500,5,0.5,0.2505947789371163,0.2505603641377407
Sertraline,42,450,100,1.93,150,3.86,900,5,0.5,0.4522471404969218,0.4522232804974458
Sertraline,43,450,100,1.44,50,2.88,150,5,0.5,0.0069315087190181,0.006930355260188029
Sertraline,44,450,100,1.44,50,2.88,500,5,0.5,0.0265365994262214,0.02653188385621167
Sertraline,45,450,100,1.44,50,2.88,900,5,0.5,0.0489424173773109,0.04894241737731082
Sertraline,46,450,100,1.44,150,2.88,150,5,0.5,0.0741489625722866,0.07414757108952569
Sertraline,47,450,100,1.44,150,2.88,500,5,0.5,0.2505947789371163,0.25059477893711674
Sertraline,48,450,100,1.44,150,2.88,900,5,0.5,0.4522471404969218,0.45220189165117725
Sertraline,49,450,100,2.42,50,4.84,150,5,0.5,0.0069315087190181,0.006931086598798737
Sertraline,50,450,100,2.42,50,4.84,500,5,0.5,0.0265365994262214,0.026534676994837903
Sertraline,51,450,100,2.42,50,4.84,900,5,0.5,0.0489424173773109,0.04893895700082058
Sertraline,52,450,100,2.42,150,4.84,150,5,0.5,0.0741489625722866,0.07414757108952569
Sertraline,53,450,100,2.42,150,4.84,500,5,0.5,0.2505947789371163,0.2505696406894806
Sertraline,54,450,100,2.42,150,4.84,900,5,0.5,0.4522471404969218,0.4522471404969222
Sertraline,55,450,300,1.93,50,3.86,150,5,0.5,0.0069315087190181,0.006929678226646711
Sertraline,56,450,300,1.93,50,3.86,500,5,0.5,0.0265365994262214,0.02653659942622138
Sertraline,57,450,300,1.93,50,3.86,900,5,0.5,0.0489424173773109,0.048941489722136834
Sertraline,58,450,300,1.93,150,3.86,150,5,0.5,0.0741489625722866,0.07414896257228669
Sertraline,59,450,300,1.93,150,3.86,500,5,0.5,0.2505947789371163,0.2505821153305354
Sertraline,60,450,300,1.93,150,3.86,900,5,0.5,0.4522471404969218,0.4522471404969222
Sertraline,61,450,300,1.44,50,2.88,150,5,0.5,0.0069315087190181,0.006931086598798737
Sertraline,62,450,300,1.44,50,2.88,500,5,0.5,0.0265365994262214,0.026536599426221375
Sertraline,63,450,300,1.44,50,2.88,900,5,0.5,0.0489424173773109,0.048941489722136834
Sertraline,64,450,300,1.44,150,2.88,150,5,0.5,0.0741489625722866,0.07414896257228669
Sertraline,65,450,300,1.44,150,2.88,500,5,0.5,0.2505947789371163,0.2505696406894807
Sertraline,66,450,300,1.44,150,2.88,900,5,0.5,0.4522471404969218,0.4521744015640371
Sertraline,67,450,300,2.42,50,4.84,150,5,0.5,0.0069315087190181,0.006929671927795824
Sertraline,68,450,300,2.42,50,4.84,500,5,0.5,0.0265365994262214,0.0265346769948379
Sertraline,69,450,300,2.42,50,4.84,900,5,0.5,0.0489424173773109,0.04893367910708763
Sertraline,70,450,300,2.42,150,4.84,150,5,0.5,0.0741489625722866,0.07413382293404708
Sertraline,71,450,300,2.42,150,4.84,500,5,0.5,0.2505947789371163,0.2505603641377407
Sertraline,72,450,300,2.42,150,4.84,900,5,0.5,0.4522471404969218,0.4522232804974458
Sertraline,73,550,100,1.93,50,3.86,150,5,0.5,0.0087986602149423,0.00879606902652079
Sertraline,74,550,100,1.93,50,3.86,500,5,0.5,0.0327604377459685,0.03275492423582335
Sertraline,75,550,100,1.93,50,3.86,900,5,0.5,0.0601453263528557,0.06014109700381194
Sertraline,76,550,100,1.93,150,3.86,150,5,0.5,0.0909533260356037,0.09095332603560381
Sertraline,77,550,100,1.93,150,3.86,500,5,0.5,0.3066093238148401,0.30657293028611016
Sertraline,78,550,100,1.93,150,3.86,900,5,0.5,0.5530733212768244,0.5529976087181978
Sertraline,79,550,100,1.44,50,2.88,150,5,0.5,0.0087986602149423,0.00879720282728901
Sertraline,80,550,100,1.44,50,2.88,500,5,0.5,0.0327604377459685,0.03275980785665281
Sertraline,81,550,100,1.44,50,2.88,900,5,0.5,0.0601453263528557,0.06014532635285559
Sertraline,82,550,100,1.44,150,2.88,150,5,0.5,0.0909533260356037,0.09095332603560381
Sertraline,83,550,100,1.44,150,2.88,500,5,0.5,0.3066093238148401,0.3066093238148398
Sertraline,84,550,100,1.44,150,2.88,900,5,0.5,0.5530733212768244,0.5530325044491694
Sertraline,85,550,100,2.42,50,4.84,150,5,0.5,0.0087986602149423,0.008798226978118629
Sertraline,86,550,100,2.42,50,4.84,500,5,0.5,0.0327604377459685,0.03276043774596849
Sertraline,87,550,100,2.42,50,4.84,900,5,0.5,0.0601453263528557,0.060136913846341455
Sertraline,88,550,100,2.42,150,4.84,150,5,0.5,0.0909533260356037,0.09095162533445147
Sertraline,89,550,100,2.42,150,4.84,500,5,0.5,0.3066093238148401,0.3066093238148398
Sertraline,90,550,100,2.42,150,4.84,900,5,0.5,0.5530733212768244,0.5530733212768252
Sertraline,91,550,300,1.93,50,3.86,150,5,0.5,0.0087986602149423,0.008798282281352918
Sertraline,92,550,300,1.93,50,3.86,500,5,0.5,0.0327604377459685,0.03275702390986976
Sertraline,93,550,300,1.93,50,3.86,900,5,0.5,0.0601453263528557,0.06013540203459434
Sertraline,94,550,300,1.93,150,3.86,150,5,0.5,0.0909533260356037,0.09095332603560381
Sertraline,95,550,300,1.93,150,3.86,500,5,0.5,0.3066093238148401,0.3065672612822691
Sertraline,96,550,300,1.93,150,3.86,900,5,0.5,0.5530733212768244,0.5530631170699113
Sertraline,97,550,300,1.44,50,2.88,150,5,0.5,0.0087986602149423,0.008798471248147621
Sertraline,98,550,300,1.44,50,2.88,500,5,0.5,0.0327604377459685,0.03276043774596849
Sertraline,99,550,300,1.44,50,2.88,900,5,0.5,0.0601453263528557,0.06015437591596853
Sertraline,100,550,300,1.44,150,2.88,150,5,0.5,0.0909533260356037,0.09095332603560381
Sertraline,101,550,300,1.44,150,2.88,500,5,0.5,0.3066093238148401,0.3066036548109987
Sertraline,102,550,300,1.44,150,2.88,900,5,0.5,0.5530733212768244,0.552990157197547
Sertraline,103,550,300,2.42,50,4.84,150,5,0.5,0.0087986602149423,0.008796824893699602
Sertraline,104,550,300,2.42,50,4.84,500,5,0.5,0.0327604377459685,0.03275429434650767
Sertraline,105,550,300,2.42,50,4.84,900,5,0.5,0.0601453263528557,0.060141097003811955
Sertraline,106,550,300,2.42,150,4.84,150,5,0.5,0.0909533260356037,0.09095332603560381
Sertraline,107,550,300,2.42,150,4.84,500,5,0.5,0.3066093238148401,0.30657293028611016
Sertraline,108,550,300,2.42,150,4.84,900,5,0.5,0.5530733212768244,0.5529976087181978
Sertraline,109,650,100,1.93,50,3.86,150,5,0.5,0.0106658117108664,0.010660989551975657
Sertraline,110,650,100,1.93,50,3.86,500,5,0.5,0.0389842760657156,0.038981824960552275
Sertraline,111,650,100,1.93,50,3.86,900,5,0.5,0.0713482353284004,0.07134689538203806
Sertraline,112,650,100,1.93,150,3.86,150,5,0.5,0.1077576894989208,0.10774906159543608
Sertraline,113,650,100,1.93,150,3.86,500,5,0.5,0.3626238686925638,0.3625625662824374
Sertraline,114,650,100,1.93,150,3.86,900,5,0.5,0.6538995020567272,0.6538753830222022
Sertraline,115,650,100,1.44,50,2.88,150,5,0.5,0.0106658117108664,0.010665811710866422
Sertraline,116,650,100,1.44,50,2.88,500,5,0.5,0.0389842760657156,0.03898353165106985
Sertraline,117,650,100,1.44,50,2.88,900,5,0.5,0.0713482353284004,0.0713445769531659
Sertraline,118,650,100,1.44,150,2.88,150,5,0.5,0.1077576894989208,0.10775768949892087
Sertraline,119,650,100,1.44,150,2.88,500,5,0.5,0.3626238686925638,0.36260557681639055
Sertraline,120,650,100,1.44,150,2.88,900,5,0.5,0.6538995020567272,0.6538995020567261
Sertraline,121,650,100,2.42,50,4.84,150,5,0.5,0.0106658117108664,0.010665588386472682
Sertraline,122,650,100,2.42,50,4.84,500,5,0.5,0.0389842760657156,0.038982569375198076
Sertraline,123,650,100,2.42,50,4.84,900,5,0.5,0.0713482353284004,0.0713445769531659
Sertraline,124,650,100,2.42,150,4.84,150,5,0.5,0.1077576894989208,0.10775768949892087
Sertraline,125,650,100,2.42,150,4.84,500,5,0.5,0.3626238686925638,0.3626171689607514
Sertraline,126,650,100,2.42,150,4.84,900,5,0.5,0.6538995020567272,0.6538995020567261
Sertraline,127,650,300,1.93,50,3.86,150,5,0.5,0.0106658117108664,0.010664406406136188
Sertraline,128,650,300,1.93,50,3.86,500,5,0.5,0.0389842760657156,0.03898427606571566
Sertraline,129,650,300,1.93,50,3.86,900,5,0.5,0.0713482353284004,0.07134097316797229
Sertraline,130,650,300,1.93,150,3.86,150,5,0.5,0.1077576894989208,0.10774679625827856
Sertraline,131,650,300,1.93,150,3.86,500,5,0.5,0.3626238686925638,0.3626238686925636
Sertraline,132,650,300,1.93,150,3.86,900,5,0.5,0.6538995020567272,0.6538597941530792
Sertraline,133,650,300,1.44,50,2.88,150,5,0.5,0.0106658117108664,0.010664089343639778
Sertraline,134,650,300,1.44,50,2.88,500,5,0.5,0.0389842760657156,0.03898278723642406
Sertraline,135,650,300,1.44,50,2.88,900,5,0.5,0.0713482353284004,0.07134440594576848
Sertraline,136,650,300,1.44,150,2.88,150,5,0.5,0.1077576894989208,0.10775768949892087
Sertraline,137,650,300,1.44,150,2.88,500,5,0.5,0.3626238686925638,0.36261046922893925
Sertraline,138,650,300,1.44,150,2.88,900,5,0.5,0.6538995020567272,0.6538995020567261
Sertraline,139,650,300,2.42,50,4.84,150,5,0.5,0.0106658117108664,0.010660989551975657
Sertraline,140,650,300,2.42,50,4.84,500,5,0.5,0.0389842760657156,0.038981824960552275
Sertraline,141,650,300,2.42,50,4.84,900,5,0.5,0.0713482353284004,0.07134421548931319
Sertraline,142,650,300,2.42,150,4.84,150,5,0.5,0.1077576894989208,0.10775107151497973
Sertraline,143,650,300,2.42,150,4.84,500,5,0.5,0.3626238686925638,0.3625625662824374
Sertraline,144,650,300,2.42,150,4.84,900,5,0.5,0.6538995020567272,0.6538995020567261
Escitalopram,1,350,100,1.93,50,3.86,150,5,0.5,0.0048783919640347,0.004876457130130021
Escitalopram,2,350,100,1.93,50,3.86,500,5,0.5,0.0196928769096101,0.0196896521864356
Escitalopram,3,350,100,1.93,50,3.86,900,5,0.5,0.0366237168474105,0.036603401091411206
Escitalopram,4,350,100,1.93,150,3.86,150,5,0.5,0.0556709117774359,0.05566655840115034
Escitalopram,5,350,100,1.93,150,3.86,500,5,0.5,0.189001276287614,0.1889577425247585
Escitalopram,6,350,100,1.93,150,3.86,900,5,0.5,0.3413788357278175,0.34132659521239056
Escitalopram,7,350,100,1.44,50,2.88,150,5,0.5,0.0048783919640347,0.0048774245470823655
Escitalopram,8,350,100,1.44,50,2.88,500,5,0.5,0.0196928769096101,0.019684815101673882
Escitalopram,9,350,100,1.44,50,2.88,900,5,0.5,0.0366237168474105,0.0365973374593462
Escitalopram,10,350,100,1.44,150,2.88,150,5,0.5,0.0556709117774359,0.05566655840115034
Escitalopram,11,350,100,1.44,150,2.88,500,5,0.5,0.189001276287614,0.18898676503332879
Escitalopram,12,350,100,1.44,150,2.88,900,5,0.5,0.3413788357278175,0.3413527154701038
Escitalopram,13,350,100,2.42,50,4.84,150,5,0.5,0.0048783919640347,0.0048774245470823655
Escitalopram,14,350,100,2.42,50,4.84,500,5,0.5,0.0196928769096101,0.019692876909610083
Escitalopram,15,350,100,2.42,50,4.84,900,5,0.5,0.0366237168474105,0.03662081459655339
Escitalopram,16,350,100,2.42,150,4.84,150,5,0.5,0.0556709117774359,0.05565785164857925
Escitalopram,17,350,100,2.42,150,4.84,500,5,0.5,0.189001276287614,0.18900127628761396
Escitalopram,18,350,100,2.42,150,4.84,900,5,0.5,0.3413788357278175,0.3413004749546773
Escitalopram,19,350,300,1.93,50,3.86,150,5,0.5,0.0048783919640347,0.0048759734216538494
Escitalopram,20,350,300,1.93,50,3.86,500,5,0.5,0.0196928769096101,0.019692876909610083
Escitalopram,21,350,300,1.93,50,3.86,900,5,0.5,0.0366237168474105,0.03662081459655339
Escitalopram,22,350,300,1.93,150,3.86,150,5,0.5,0.0556709117774359,0.05565785164857925
Escitalopram,23,350,300,1.93,150,3.86,500,5,0.5,0.189001276287614,0.18898676503332879
Escitalopram,24,350,300,1.93,150,3.86,900,5,0.5,0.3413788357278175,0.3413527154701038
Escitalopram,25,350,300,1.44,50,2.88,150,5,0.5,0.0048783919640347,0.0048774245470823655
Escitalopram,26,350,300,1.44,50,2.88,500,5,0.5,0.0196928769096101,0.0196896521864356
Escitalopram,27,350,300,1.44,50,2.88,900,5,0.5,0.0366237168474105,0.03662371684741042
Escitalopram,28,350,300,1.44,150,2.88,150,5,0.5,0.0556709117774359,0.05565785164857925
Escitalopram,29,350,300,1.44,150,2.88,500,5,0.5,0.189001276287614,0.18900127628761396
Escitalopram,30,350,300,1.44,150,2.88,900,5,0.5,0.3413788357278175,0.3413004749546773
Escitalopram,31,350,300,2.42,50,4.84,150,5,0.5,0.0048783919640347,0.004876457130130021
Escitalopram,32,350,300,2.42,50,4.84,500,5,0.5,0.0196928769096101,0.019691264548022846
Escitalopram,33,350,300,2.42,50,4.84,900,5,0.5,0.0366237168474105,0.03660920559312526
Escitalopram,34,350,300,2.42,150,4.84,150,5,0.5,0.0556709117774359,0.0556622050248648
Escitalopram,35,350,300,2.42,150,4.84,500,5,0.5,0.189001276287614,0.18894323127047336
Escitalopram,36,350,300,2.42,150,4.84,900,5,0.5,0.3413788357278175,0.34132659521239056
Escitalopram,37,450,100,1.93,50,3.86,150,5,0.5,0.0066924105287991,0.006694179599803353
Escitalopram,38,450,100,1.93,50,3.86,500,5,0.5,0.0257396054588245,0.02572716724086583
Escitalopram,39,450,100,1.93,50,3.86,900,5,0.5,0.0475078282359964,0.04749663383983352
Escitalopram,40,450,100,1.93,150,3.86,150,5,0.5,0.0719970788603149,0.07197469006798934
Escitalopram,41,450,100,1.93,150,3.86,500,5,0.5,0.2434218332305438,0.24340317590360633
Escitalopram,42,450,100,1.93,150,3.86,900,5,0.5,0.4393358382250912,0.4392686718481139
Escitalopram,43,450,100,1.44,50,2.88,150,5,0.5,0.0066924105287991,0.0066924105287990985
Escitalopram,44,450,100,1.44,50,2.88,500,5,0.5,0.0257396054588245,0.025733386349845188
Escitalopram,45,450,100,1.44,50,2.88,900,5,0.5,0.0475078282359964,0.047507828235996356
Escitalopram,46,450,100,1.44,150,2.88,150,5,0.5,0.0719970788603149,0.07199148166223361
Escitalopram,47,450,100,1.44,150,2.88,500,5,0.5,0.2434218332305438,0.24340317590360633
Escitalopram,48,450,100,1.44,150,2.88,900,5,0.5,0.4393358382250912,0.4392015054711369
Escitalopram,49,450,100,2.42,50,4.84,150,5,0.5,0.0066924105287991,0.0066924105287990985
Escitalopram,50,450,100,2.42,50,4.84,500,5,0.5,0.0257396054588245,0.025737532422498096
Escitalopram,51,450,100,2.42,50,4.84,900,5,0.5,0.0475078282359964,0.047504096770608746
Escitalopram,52,450,100,2.42,150,4.84,150,5,0.5,0.0719970788603149,0.07199148166223361
Escitalopram,53,450,100,2.42,150,4.84,500,5,0.5,0.2434218332305438,0.24338451857666826
Escitalopram,54,450,100,2.42,150,4.84,900,5,0.5,0.4393358382250912,0.4392686718481139
Escitalopram,55,450,300,1.93,50,3.86,150,5,0.5,0.0066924105287991,0.006691788617901162
Escitalopram,56,450,300,1.93,50,3.86,500,5,0.5,0.0257396054588245,0.025739605458824547
Escitalopram,57,450,300,1.93,50,3.86,900,5,0.5,0.0475078282359964,0.047504096770608746
Escitalopram,58,450,300,1.93,150,3.86,150,5,0.5,0.0719970788603149,0.07199148166223361
Escitalopram,59,450,300,1.93,150,3.86,500,5,0.5,0.2434218332305438,0.24340317590360633
Escitalopram,60,450,300,1.93,150,3.86,900,5,0.5,0.4393358382250912,0.439268671848114
Escitalopram,61,450,300,1.44,50,2.88,150,5,0.5,0.0066924105287991,0.006691788617901163
Escitalopram,62,450,300,1.44,50,2.88,500,5,0.5,0.0257396054588245,0.025735459386171642
Escitalopram,63,450,300,1.44,50,2.88,900,5,0.5,0.0475078282359964,0.04749663383983352
Escitalopram,64,450,300,1.44,150,2.88,150,5,0.5,0.0719970788603149,0.07198028726607077
Escitalopram,65,450,300,1.44,150,2.88,500,5,0.5,0.2434218332305438,0.24340317590360633
Escitalopram,66,450,300,1.44,150,2.88,900,5,0.5,0.4393358382250912,0.439335838225091
Escitalopram,67,450,300,2.42,50,4.84,150,5,0.5,0.0066924105287991,0.00669293577800748
Escitalopram,68,450,300,2.42,50,4.84,500,5,0.5,0.0257396054588245,0.025729240277192283
Escitalopram,69,450,300,2.42,50,4.84,900,5,0.5,0.0475078282359964,0.047504096770608746
Escitalopram,70,450,300,2.42,150,4.84,150,5,0.5,0.0719970788603149,0.07197469006798934
Escitalopram,71,450,300,2.42,150,4.84,500,5,0.5,0.2434218332305438,0.2433845185766683
Escitalopram,72,450,300,2.42,150,4.84,900,5,0.5,0.4393358382250912,0.439335838225091
Escitalopram,73,550,100,1.93,50,3.86,150,5,0.5,0.0085064290935634,0.00850566898024369
Escitalopram,74,550,100,1.93,50,3.86,500,5,0.5,0.0317863340080389,0.031781266585907554
Escitalopram,75,550,100,1.93,50,3.86,900,5,0.5,0.0583919396245824,0.0583873789446641
Escitalopram,76,550,100,1.93,150,3.86,150,5,0.5,0.0883232459431938,0.08831640492331645
Escitalopram,77,550,100,1.93,150,3.86,500,5,0.5,0.2978423901734737,0.29770556977592827
Escitalopram,78,550,100,1.93,150,3.86,900,5,0.5,0.537292840722365,0.5372928407223653
Escitalopram,79,550,100,1.44,50,2.88,150,5,0.5,0.0085064290935634,0.008505668980243688
Escitalopram,80,550,100,1.44,50,2.88,500,5,0.5,0.0317863340080389,0.03177873287484189
Escitalopram,81,550,100,1.44,50,2.88,900,5,0.5,0.0583919396245824,0.058391939624582306
Escitalopram,82,550,100,1.44,150,2.88,150,5,0.5,0.0883232459431938,0.08831640492331645
Escitalopram,83,550,100,1.44,150,2.88,500,5,0.5,0.2978423901734737,0.2975895167537875
Escitalopram,84,550,100,1.44,150,2.88,900,5,0.5,0.537292840722365,0.5372517946031016
Escitalopram,85,550,100,2.42,50,4.84,150,5,0.5,0.0085064290935634,0.008505668980243688
Escitalopram,86,550,100,2.42,50,4.84,500,5,0.5,0.0317863340080389,0.03178380029697322
Escitalopram,87,550,100,2.42,50,4.84,900,5,0.5,0.0583919396245824,0.058391939624582306
Escitalopram,88,550,100,2.42,150,4.84,150,5,0.5,0.0883232459431938,0.08832324594319375
Escitalopram,89,550,100,2.42,150,4.84,500,5,0.5,0.2978423901734737,0.29779678337429216
Escitalopram,90,550,100,2.42,150,4.84,900,5,0.5,0.537292840722365,0.5372107484838379
Escitalopram,91,550,300,1.93,50,3.86,150,5,0.5,0.0085064290935634,0.008505668980243688
Escitalopram,92,550,300,1.93,50,3.86,500,5,0.5,0.0317863340080389,0.03178380029697322
Escitalopram,93,550,300,1.93,50,3.86,900,5,0.5,0.0583919396245824,0.058391939624582306
Escitalopram,94,550,300,1.93,150,3.86,150,5,0.5,0.0883232459431938,0.08831640492331645
Escitalopram,95,550,300,1.93,150,3.86,500,5,0.5,0.2978423901734737,0.29784239017347414
Escitalopram,96,550,300,1.93,150,3.86,900,5,0.5,0.537292840722365,0.5372107484838379
Escitalopram,97,550,300,1.44,50,2.88,150,5,0.5,0.0085064290935634,0.008505668980243688
Escitalopram,98,550,300,1.44,50,2.88,500,5,0.5,0.0317863340080389,0.03178633400803888
Escitalopram,99,550,300,1.44,50,2.88,900,5,0.5,0.0583919396245824,0.0583873789446641
Escitalopram,100,550,300,1.44,150,2.88,150,5,0.5,0.0883232459431938,0.08831640492331645
Escitalopram,101,550,300,1.44,150,2.88,500,5,0.5,0.2978423901734737,0.2977511765751102
Escitalopram,102,550,300,1.44,150,2.88,900,5,0.5,0.537292840722365,0.5372517946031016
Escitalopram,103,550,300,2.42,50,4.84,150,5,0.5,0.0085064290935634,0.008505668980243688
Escitalopram,104,550,300,2.42,50,4.84,500,5,0.5,0.0317863340080389,0.031781266585907554
Escitalopram,105,550,300,2.42,50,4.84,900,5,0.5,0.0583919396245824,0.058382818264745916
Escitalopram,106,550,300,2.42,150,4.84,150,5,0.5,0.0883232459431938,0.08831640492331645
Escitalopram,107,550,300,2.42,150,4.84,500,5,0.5,0.2978423901734737,0.2977511765751102
Escitalopram,108,550,300,2.42,150,4.84,900,5,0.5,0.537292840722365,0.5371697023645742
Escitalopram,109,650,100,1.93,50,3.86,150,5,0.5,0.0103204476583277,0.010320447658327712
Escitalopram,110,650,100,1.93,50,3.86,500,5,0.5,0.0378330625572534,0.037830068171448614
Escitalopram,111,650,100,1.93,50,3.86,900,5,0.5,0.0692760510131684,0.06925988132982198
Escitalopram,112,650,100,1.93,150,3.86,150,5,0.5,0.1046494130260728,0.10462515850105328
Escitalopram,113,650,100,1.93,150,3.86,500,5,0.5,0.3522629471164035,0.3521551492274281
Escitalopram,114,650,100,1.93,150,3.86,900,5,0.5,0.6352498432196386,0.6353757712407094
Escitalopram,115,650,100,1.44,50,2.88,150,5,0.5,0.0103204476583277,0.01031954934258625
Escitalopram,116,650,100,1.44,50,2.88,500,5,0.5,0.0378330625572534,0.037830068171448614
Escitalopram,117,650,100,1.44,50,2.88,900,5,0.5,0.0692760510131684,0.06927066111871953
Escitalopram,118,650,100,1.44,150,2.88,150,5,0.5,0.1046494130260728,0.10463324334272645
Escitalopram,119,650,100,1.44,150,2.88,500,5,0.5,0.3522629471164035,0.3522090481719158
Escitalopram,120,650,100,1.44,150,2.88,900,5,0.5,0.6352498432196386,0.6352498432196395
Escitalopram,121,650,100,2.42,50,4.84,150,5,0.5,0.0103204476583277,0.010317752711103325
Escitalopram,122,650,100,2.42,50,4.84,500,5,0.5,0.0378330625572534,0.037830068171448614
Escitalopram,123,650,100,2.42,50,4.84,900,5,0.5,0.0692760510131684,0.06926527122427074
Escitalopram,124,650,100,2.42,150,4.84,150,5,0.5,0.1046494130260728,0.1046413281843996
Escitalopram,125,650,100,2.42,150,4.84,500,5,0.5,0.3522629471164035,0.35226294711640355
Escitalopram,126,650,100,2.42,150,4.84,900,5,0.5,0.6352498432196386,0.6351528251195615
Escitalopram,127,650,300,1.93,50,3.86,150,5,0.5,0.0103204476583277,0.010318651026844787
Escitalopram,128,650,300,1.93,50,3.86,500,5,0.5,0.0378330625572534,0.03782707378564374
Escitalopram,129,650,300,1.93,50,3.86,900,5,0.5,0.0692760510131684,0.06927066111871953
Escitalopram,130,650,300,1.93,150,3.86,150,5,0.5,0.1046494130260728,0.10464941302607278
Escitalopram,131,650,300,1.93,150,3.86,500,5,0.5,0.3522629471164035,0.3522090481719158
Escitalopram,132,650,300,1.93,150,3.86,900,5,0.5,0.6352498432196386,0.6352498432196395
Escitalopram,133,650,300,1.44,50,2.88,150,5,0.5,0.0103204476583277,0.01031954934258625
Escitalopram,134,650,300,1.44,50,2.88,500,5,0.5,0.0378330625572534,0.037830068171448614
Escitalopram,135,650,300,1.44,50,2.88,900,5,0.5,0.0692760510131684,0.06927066111871953
Escitalopram,136,650,300,1.44,150,2.88,150,5,0.5,0.1046494130260728,0.1046413281843996
Escitalopram,137,650,300,1.44,150,2.88,500,5,0.5,0.3522629471164035,0.35223599764415964
Escitalopram,138,650,300,1.44,150,2.88,900,5,0.5,0.6352498432196386,0.6352498432196395
Escitalopram,139,650,300,2.42,50,4.84,150,5,0.5,0.0103204476583277,0.010320447658327712
Escitalopram,140,650,300,2.42,50,4.84,500,5,0.5,0.0378330625572534,0.03782707378564374
Escitalopram,141,650,300,2.42,50,4.84,900,5,0.5,0.0692760510131684,0.0692544914353732
Escitalopram,142,650,300,2.42,150,4.84,150,5,0.5,0.1046494130260728,0.10460898881770696
Escitalopram,143,650,300,2.42,150,4.84,500,5,0.5,0.3522629471164035,0.3521281997551842
Escitalopram,144,650,300,2.42,150,4.84,900,5,0.5,0.6352498432196386,0.6353272621906705
Paroxetine,1,350,100,1.93,50,3.86,150,5,0.5,0.0048300211164175,0.004831955950322191
Paroxetine,2,350,100,1.93,50,3.86,500,5,0.5,0.019531640750886,0.019533253112473278
Paroxetine,3,350,100,1.93,50,3.86,900,5,0.5,0.0363334917617072,0.03633929626342134
Paroxetine,4,350,100,1.93,150,3.86,150,5,0.5,0.055235574148881,0.055248634277737664
Paroxetine,5,350,100,1.93,150,3.86,500,5,0.5,0.1875501508590978,0.18759368462195333
Paroxetine,6,350,100,1.93,150,3.86,900,5,0.5,0.3387668099564884,0.3388451707296287
Paroxetine,7,350,100,1.44,50,2.88,150,5,0.5,0.0048300211164175,0.004830988533369848
Paroxetine,8,350,100,1.44,50,2.88,500,5,0.5,0.019531640750886,0.01953486547406052
Paroxetine,9,350,100,1.44,50,2.88,900,5,0.5,0.0363334917617072,0.036333491761707276
Paroxetine,10,350,100,1.44,150,2.88,150,5,0.5,0.055235574148881,0.05523992752516657
Paroxetine,11,350,100,1.44,150,2.88,500,5,0.5,0.1875501508590978,0.18756466211338302
Paroxetine,12,350,100,1.44,150,2.88,900,5,0.5,0.3387668099564884,0.3387668099564889
Paroxetine,13,350,100,2.42,50,4.84,150,5,0.5,0.0048300211164175,0.00483147224184602
Paroxetine,14,350,100,2.42,50,4.84,500,5,0.5,0.019531640750886,0.01953486547406052
Paroxetine,15,350,100,2.42,50,4.84,900,5,0.5,0.0363334917617072,0.036333491761707276
Paroxetine,16,350,100,2.42,150,4.84,150,5,0.5,0.055235574148881,0.05523992752516657
Paroxetine,17,350,100,2.42,150,4.84,500,5,0.5,0.1875501508590978,0.18757917336766816
Paroxetine,18,350,100,2.42,150,4.84,900,5,0.5,0.3387668099564884,0.33881905047191546
Paroxetine,19,350,300,1.93,50,3.86,150,5,0.5,0.0048300211164175,0.0048300211164175036
Paroxetine,20,350,300,1.93,50,3.86,500,5,0.5,0.019531640750886,0.01953486547406052
Paroxetine,21,350,300,1.93,50,3.86,900,5,0.5,0.0363334917617072,0.03633929626342134
Paroxetine,22,350,300,1.93,150,3.86,150,5,0.5,0.055235574148881,0.05523557414888102
Paroxetine,23,350,300,1.93,150,3.86,500,5,0.5,0.1875501508590978,0.18755015085909787
Paroxetine,24,350,300,1.93,150,3.86,900,5,0.5,0.3387668099564884,0.33879293021420215
Paroxetine,25,350,300,1.44,50,2.88,150,5,0.5,0.0048300211164175,0.004830504824893675
Paroxetine,26,350,300,1.44,50,2.88,500,5,0.5,0.019531640750886,0.01953164075088604
Paroxetine,27,350,300,1.44,50,2.88,900,5,0.5,0.0363334917617072,0.036336394012564305
Paroxetine,28,350,300,1.44,150,2.88,150,5,0.5,0.055235574148881,0.05523557414888102
Paroxetine,29,350,300,1.44,150,2.88,500,5,0.5,0.1875501508590978,0.18756466211338302
Paroxetine,30,350,300,1.44,150,2.88,900,5,0.5,0.3387668099564884,0.33879293021420215
Paroxetine,31,350,300,2.42,50,4.84,150,5,0.5,0.0048300211164175,0.004831955950322191
Paroxetine,32,350,300,2.42,50,4.84,500,5,0.5,0.019531640750886,0.019534865474060522
Paroxetine,33,350,300,2.42,50,4.84,900,5,0.5,0.0363334917617072,0.0363451007651354
Paroxetine,34,350,300,2.42,150,4.84,150,5,0.5,0.055235574148881,0.055244280901452114
Paroxetine,35,350,300,2.42,150,4.84,500,5,0.5,0.1875501508590978,0.1875791733676682
Paroxetine,36,350,300,2.42,150,4.84,900,5,0.5,0.3387668099564884,0.3388451707296287
Paroxetine,37,450,100,1.93,50,3.86,150,5,0.5,0.0066302194390055,0.006632085171699315
Paroxetine,38,450,100,1.93,50,3.86,500,5,0.5,0.0255323018261793,0.025536447898832183
Paroxetine,39,450,100,1.93,50,3.86,900,5,0.5,0.0471346816972351,0.04713841316262266
Paroxetine,40,450,100,1.93,150,3.86,150,5,0.5,0.0714373590521729,0.07143735905217306
Paroxetine,41,450,100,1.93,150,3.86,500,5,0.5,0.2415561005367373,0.24157475786367535
Paroxetine,42,450,100,1.93,150,3.86,900,5,0.5,0.4359775193762394,0.4360111025647279
Paroxetine,43,450,100,1.44,50,2.88,150,5,0.5,0.0066302194390055,0.006630219439005507
Paroxetine,44,450,100,1.44,50,2.88,500,5,0.5,0.0255323018261793,0.025532301826179275
Paroxetine,45,450,100,1.44,50,2.88,900,5,0.5,0.0471346816972351,0.04713841316262266
Paroxetine,46,450,100,1.44,150,2.88,150,5,0.5,0.0714373590521729,0.07143735905217306
Paroxetine,47,450,100,1.44,150,2.88,500,5,0.5,0.2415561005367373,0.2415561005367373
Paroxetine,48,450,100,1.44,150,2.88,900,5,0.5,0.4359775193762394,0.4359775193762394
Paroxetine,49,450,100,2.42,50,4.84,150,5,0.5,0.0066302194390055,0.006630219439005507
Paroxetine,50,450,100,2.42,50,4.84,500,5,0.5,0.0255323018261793,0.02553437486250573
Paroxetine,51,450,100,2.42,50,4.84,900,5,0.5,0.0471346816972351,0.04713841316262266
Paroxetine,52,450,100,2.42,150,4.84,150,5,0.5,0.0714373590521729,0.07144295625025449
Paroxetine,53,450,100,2.42,150,4.84,500,5,0.5,0.2415561005367373,0.2415561005367373
Paroxetine,54,450,100,2.42,150,4.84,900,5,0.5,0.4359775193762394,0.43601110256472786
Paroxetine,55,450,300,1.93,50,3.86,150,5,0.5,0.0066302194390055,0.006632085171699316
Paroxetine,56,450,300,1.93,50,3.86,500,5,0.5,0.0255323018261793,0.02553437486250573
Paroxetine,57,450,300,1.93,50,3.86,900,5,0.5,0.0471346816972351,0.04714214462801028
Paroxetine,58,450,300,1.93,150,3.86,150,5,0.5,0.0714373590521729,0.07143735905217306
Paroxetine,59,450,300,1.93,150,3.86,500,5,0.5,0.2415561005367373,0.24159341519061342
Paroxetine,60,450,300,1.93,150,3.86,900,5,0.5,0.4359775193762394,0.4360111025647279
Paroxetine,61,450,300,1.44,50,2.88,150,5,0.5,0.0066302194390055,0.006630219439005507
Paroxetine,62,450,300,1.44,50,2.88,500,5,0.5,0.0255323018261793,0.025541624699879913
Paroxetine,63,450,300,1.44,50,2.88,900,5,0.5,0.0471346816972351,0.04713841316262266
Paroxetine,64,450,300,1.44,150,2.88,150,5,0.5,0.0714373590521729,0.07144295625025449
Paroxetine,65,450,300,1.44,150,2.88,500,5,0.5,0.2415561005367373,0.24157475786367538
Paroxetine,66,450,300,1.44,150,2.88,900,5,0.5,0.4359775193762394,0.4359775193762394
Paroxetine,67,450,300,2.42,50,4.84,150,5,0.5,0.0066302194390055,0.006630841349903442
Paroxetine,68,450,300,2.42,50,4.84,500,5,0.5,0.0255323018261793,0.025538520935158637
Paroxetine,69,450,300,2.42,50,4.84,900,5,0.5,0.0471346816972351,0.04714587609339789
Paroxetine,70,450,300,2.42,150,4.84,150,5,0.5,0.0714373590521729,0.07143735905217306
Paroxetine,71,450,300,2.42,150,4.84,500,5,0.5,0.2415561005367373,0.2415561005367373
Paroxetine,72,450,300,2.42,150,4.84,900,5,0.5,0.4359775193762394,0.436078268941705
Paroxetine,73,550,100,1.93,50,3.86,150,5,0.5,0.0084304177615935,0.008433458214872284
Paroxetine,74,550,100,1.93,50,3.86,500,5,0.5,0.0315329629014726,0.03153803032360397
Paroxetine,75,550,100,1.93,50,3.86,900,5,0.5,0.057935871632763,0.05794499299259934
Paroxetine,76,550,100,1.93,150,3.86,150,5,0.5,0.0876391439554647,0.08765282599521936
Paroxetine,77,550,100,1.93,150,3.86,500,5,0.5,0.2955620502143768,0.2956076570135581
Paroxetine,78,550,100,1.93,150,3.86,900,5,0.5,0.5331882287959906,0.5333524132730462
Paroxetine,79,550,100,1.44,50,2.88,150,5,0.5,0.0084304177615935,0.008430417761593485
Paroxetine,80,550,100,1.44,50,2.88,500,5,0.5,0.0315329629014726,0.031532962901472644
Paroxetine,81,550,100,1.44,50,2.88,900,5,0.5,0.057935871632763,0.057935871632762946
Paroxetine,82,550,100,1.44,150,2.88,150,5,0.5,0.0876391439554647,0.08764598497534205
Paroxetine,83,550,100,1.44,150,2.88,500,5,0.5,0.2955620502143768,0.29560765701355807
Paroxetine,84,550,100,1.44,150,2.88,900,5,0.5,0.5331882287959906,0.533229274915255
Paroxetine,85,550,100,2.42,50,4.84,150,5,0.5,0.0084304177615935,0.008430417761593485
Paroxetine,86,550,100,2.42,50,4.84,500,5,0.5,0.0315329629014726,0.03153549661253831
Paroxetine,87,550,100,2.42,50,4.84,900,5,0.5,0.057935871632763,0.05794499299259934
Paroxetine,88,550,100,2.42,150,4.84,150,5,0.5,0.0876391439554647,0.08763914395546477
Paroxetine,89,550,100,2.42,150,4.84,500,5,0.5,0.2955620502143768,0.29560765701355807
Paroxetine,90,550,100,2.42,150,4.84,900,5,0.5,0.5331882287959906,0.533229274915255
Paroxetine,91,550,300,1.93,50,3.86,150,5,0.5,0.0084304177615935,0.008431177874913185
Paroxetine,92,550,300,1.93,50,3.86,500,5,0.5,0.0315329629014726,0.031532962901472644
Paroxetine,93,550,300,1.93,50,3.86,900,5,0.5,0.057935871632763,0.05794499299259934
Paroxetine,94,550,300,1.93,150,3.86,150,5,0.5,0.0876391439554647,0.08763914395546477
Paroxetine,95,550,300,1.93,150,3.86,500,5,0.5,0.2955620502143768,0.29558485361396714
Paroxetine,96,550,300,1.93,150,3.86,900,5,0.5,0.5331882287959906,0.5332703210345187
Paroxetine,97,550,300,1.44,50,2.88,150,5,0.5,0.0084304177615935,0.008430417761593485
Paroxetine,98,550,300,1.44,50,2.88,500,5,0.5,0.0315329629014726,0.031532962901472644
Paroxetine,99,550,300,1.44,50,2.88,900,5,0.5,0.057935871632763,0.05794043231268113
Paroxetine,100,550,300,1.44,150,2.88,150,5,0.5,0.0876391439554647,0.08763914395546477
Paroxetine,101,550,300,1.44,150,2.88,500,5,0.5,0.2955620502143768,0.29558485361396714
Paroxetine,102,550,300,1.44,150,2.88,900,5,0.5,0.5331882287959906,0.533229274915255
Paroxetine,103,550,300,2.42,50,4.84,150,5,0.5,0.0084304177615935,0.008433458214872284
Paroxetine,104,550,300,2.42,50,4.84,500,5,0.5,0.0315329629014726,0.03153803032360397
Paroxetine,105,550,300,2.42,50,4.84,900,5,0.5,0.057935871632763,0.05794043231268113
Paroxetine,106,550,300,2.42,150,4.84,150,5,0.5,0.0876391439554647,0.08765282599521936
Paroxetine,107,550,300,2.42,150,4.84,500,5,0.5,0.2955620502143768,0.2956532638127401
Paroxetine,108,550,300,2.42,150,4.84,900,5,0.5,0.5331882287959906,0.533229274915255
Paroxetine,109,650,100,1.93,50,3.86,150,5,0.5,0.0102306160841815,0.010230616084181512
Paroxetine,110,650,100,1.93,50,3.86,500,5,0.5,0.0375336239767659,0.03754560151998546
Paroxetine,111,650,100,1.93,50,3.86,900,5,0.5,0.0687370615682909,0.0687532312516371
Paroxetine,112,650,100,1.93,150,3.86,150,5,0.5,0.1038409288587566,0.10386518338377627
Paroxetine,113,650,100,1.93,150,3.86,500,5,0.5,0.3495679998920163,0.3496488483087482
Paroxetine,114,650,100,1.93,150,3.86,900,5,0.5,0.6303989382157416,0.6304474472657802
Paroxetine,115,650,100,1.44,50,2.88,150,5,0.5,0.0102306160841815,0.010222133948054681
Paroxetine,116,650,100,1.44,50,2.88,500,5,0.5,0.0375336239767659,0.037536618362570835
Paroxetine,117,650,100,1.44,50,2.88,900,5,0.5,0.0687370615682909,0.0687532312516371
Paroxetine,118,650,100,1.44,150,2.88,150,5,0.5,0.1038409288587566,0.10384901370042994
Paroxetine,119,650,100,1.44,150,2.88,500,5,0.5,0.3495679998920163,0.34956799989201665
Paroxetine,120,650,100,1.44,150,2.88,900,5,0.5,0.6303989382157416,0.6304474472657802
Paroxetine,121,650,100,2.42,50,4.84,150,5,0.5,0.0102306160841815,0.010231514399922974
Paroxetine,122,650,100,2.42,50,4.84,500,5,0.5,0.0375336239767659,0.037536618362570835
Paroxetine,123,650,100,2.42,50,4.84,900,5,0.5,0.0687370615682909,0.06874784135718832
Paroxetine,124,650,100,2.42,150,4.84,150,5,0.5,0.1038409288587566,0.10384092885875679
Paroxetine,125,650,100,2.42,150,4.84,500,5,0.5,0.3495679998920163,0.3496488483087482
Paroxetine,126,650,100,2.42,150,4.84,900,5,0.5,0.6303989382157416,0.6303989382157412
Paroxetine,127,650,300,1.93,50,3.86,150,5,0.5,0.0102306160841815,0.010230616084181512
Paroxetine,128,650,300,1.93,50,3.86,500,5,0.5,0.0375336239767659,0.03753362397676596
Paroxetine,129,650,300,1.93,50,3.86,900,5,0.5,0.0687370615682909,0.06874245146273954
Paroxetine,130,650,300,1.93,150,3.86,150,5,0.5,0.1038409288587566,0.10384092885875679
Paroxetine,131,650,300,1.93,150,3.86,500,5,0.5,0.3495679998920163,0.3496488483087482
Paroxetine,132,650,300,1.93,150,3.86,900,5,0.5,0.6303989382157416,0.6303989382157412
Paroxetine,133,650,300,1.44,50,2.88,150,5,0.5,0.0102306160841815,0.010230616084181512
Paroxetine,134,650,300,1.44,50,2.88,500,5,0.5,0.0375336239767659,0.037536618362570835
Paroxetine,135,650,300,1.44,50,2.88,900,5,0.5,0.0687370615682909,0.06873706156829078
Paroxetine,136,650,300,1.44,150,2.88,150,5,0.5,0.1038409288587566,0.10384901370042994
Paroxetine,137,650,300,1.44,150,2.88,500,5,0.5,0.3495679998920163,0.3495949493642605
Paroxetine,138,650,300,1.44,150,2.88,900,5,0.5,0.6303989382157416,0.6303989382157412
Paroxetine,139,650,300,2.42,50,4.84,150,5,0.5,0.0102306160841815,0.010230616084181512
Paroxetine,140,650,300,2.42,50,4.84,500,5,0.5,0.0375336239767659,0.03754260713418059
Paroxetine,141,650,300,2.42,50,4.84,900,5,0.5,0.0687370615682909,0.06874784135718832
Paroxetine,142,650,300,2.42,150,4.84,150,5,0.5,0.1038409288587566,0.10384901370042994
Paroxetine,143,650,300,2.42,150,4.84,500,5,0.5,0.3495679998920163,0.3496218988365044
Paroxetine,144,650,300,2.42,150,4.84,900,5,0.5,0.6303989382157416,0.6303989382157412
Duloxetine,1,350,100,1.93,50,3.86,150,5,0.5,0.0051603374379283,0.00516048284273453
Duloxetine,2,350,100,1.93,50,3.86,500,5,0.5,0.0206326951559221,0.02063317983860953
Duloxetine,3,350,100,1.93,50,3.86,900,5,0.5,0.0383153896907721,0.03831713454844671
Duloxetine,4,350,100,1.93,150,3.86,150,5,0.5,0.0582084210424783,0.058211038328990376
Duloxetine,5,350,100,1.93,150,3.86,500,5,0.5,0.197459640504422,0.1974727269369819
Duloxetine,6,350,100,1.93,150,3.86,900,5,0.5,0.3566038913180719,0.35666718550934706
Duloxetine,7,350,100,1.44,50,2.88,150,5,0.5,0.0051603374379283,0.005160337437928308
Duloxetine,8,350,100,1.44,50,2.88,500,5,0.5,0.0206326951559221,0.02063317983860953
Duloxetine,9,350,100,1.44,50,2.88,900,5,0.5,0.0383153896907721,0.03831626211960939
Duloxetine,10,350,100,1.44,150,2.88,150,5,0.5,0.0582084210424783,0.05820972968573439
Duloxetine,11,350,100,1.44,150,2.88,500,5,0.5,0.197459640504422,0.197459640504422
Duloxetine,12,350,100,1.44,150,2.88,900,5,0.5,0.3566038913180719,0.3566117431776085
Duloxetine,13,350,100,2.42,50,4.84,150,5,0.5,0.0051603374379283,0.005161364147775318
Duloxetine,14,350,100,2.42,50,4.84,500,5,0.5,0.0206326951559221,0.020637086887453634
Duloxetine,15,350,100,2.42,50,4.84,900,5,0.5,0.0383153896907721,0.03832904768046373
Duloxetine,16,350,100,2.42,150,4.84,150,5,0.5,0.0582084210424783,0.058209729685734374
Duloxetine,17,350,100,2.42,150,4.84,500,5,0.5,0.197459640504422,0.1974770890811685
Duloxetine,18,350,100,2.42,150,4.84,900,5,0.5,0.3566038913180719,0.3566117431776085
Duloxetine,19,350,300,1.93,50,3.86,150,5,0.5,0.0051603374379283,0.00516048284273453
Duloxetine,20,350,300,1.93,50,3.86,500,5,0.5,0.0206326951559221,0.020633664521296936
Duloxetine,21,350,300,1.93,50,3.86,900,5,0.5,0.0383153896907721,0.03831626211960939
Duloxetine,22,350,300,1.93,150,3.86,150,5,0.5,0.0582084210424783,0.058209729685734374
Duloxetine,23,350,300,1.93,150,3.86,500,5,0.5,0.197459640504422,0.19749712915747009
Duloxetine,24,350,300,1.93,150,3.86,900,5,0.5,0.3566038913180719,0.35665933364981106
Duloxetine,25,350,300,1.44,50,2.88,150,5,0.5,0.0051603374379283,0.005161364147775318
Duloxetine,26,350,300,1.44,50,2.88,500,5,0.5,0.0206326951559221,0.02063269515592213
Duloxetine,27,350,300,1.44,50,2.88,900,5,0.5,0.0383153896907721,0.03831538969077206
Duloxetine,28,350,300,1.44,150,2.88,150,5,0.5,0.0582084210424783,0.058211038328990376
Duloxetine,29,350,300,1.44,150,2.88,500,5,0.5,0.197459640504422,0.1974640026486086
Duloxetine,30,350,300,1.44,150,2.88,900,5,0.5,0.3566038913180719,0.3566038913180726
Duloxetine,31,350,300,2.42,50,4.84,150,5,0.5,0.0051603374379283,0.00516048284273453
Duloxetine,32,350,300,2.42,50,4.84,500,5,0.5,0.0206326951559221,0.02063317983860953
Duloxetine,33,350,300,2.42,50,4.84,900,5,0.5,0.0383153896907721,0.03831713454844671
Duloxetine,34,350,300,2.42,150,4.84,150,5,0.5,0.0582084210424783,0.058211038328990376
Duloxetine,35,350,300,2.42,150,4.84,500,5,0.5,0.197459640504422,0.19746400264860864
Duloxetine,36,350,300,2.42,150,4.84,900,5,0.5,0.3566038913180719,0.35669074108795484
Duloxetine,37,450,100,1.93,50,3.86,150,5,0.5,0.0070549118523765,0.0070577389124482385
Duloxetine,38,450,100,1.93,50,3.86,500,5,0.5,0.0269479432040828,0.02695798990111049
Duloxetine,39,450,100,1.93,50,3.86,900,5,0.5,0.0496828361774613,0.04970039644992201
Duloxetine,40,450,100,1.93,150,3.86,150,5,0.5,0.0752595907725122,0.07526295585517026
Duloxetine,41,450,100,1.93,150,3.86,500,5,0.5,0.2542968729378684,0.25438467430017164
Duloxetine,42,450,100,1.93,150,3.86,900,5,0.5,0.4589109096982754,0.45891090969827536
Duloxetine,43,450,100,1.44,50,2.88,150,5,0.5,0.0070549118523765,0.007056231907894084
Duloxetine,44,450,100,1.44,50,2.88,500,5,0.5,0.0269479432040828,0.026947943204082794
Duloxetine,45,450,100,1.44,50,2.88,900,5,0.5,0.0496828361774613,0.04968283617746128
Duloxetine,46,450,100,1.44,150,2.88,150,5,0.5,0.0752595907725122,0.07527315381349939
Duloxetine,47,450,100,1.44,150,2.88,500,5,0.5,0.2542968729378684,0.2543846743001717
Duloxetine,48,450,100,1.44,150,2.88,900,5,0.5,0.4589109096982754,0.45891090969827536
Duloxetine,49,450,100,2.42,50,4.84,150,5,0.5,0.0070549118523765,0.0070549118523765
Duloxetine,50,450,100,2.42,50,4.84,500,5,0.5,0.0269479432040828,0.026947943204082794
Duloxetine,51,450,100,2.42,50,4.84,900,5,0.5,0.0496828361774613,0.04968283617746128
Duloxetine,52,450,100,2.42,150,4.84,150,5,0.5,0.0752595907725122,0.07527147127217025
Duloxetine,53,450,100,2.42,150,4.84,500,5,0.5,0.2542968729378684,0.25429687293786807
Duloxetine,54,450,100,2.42,150,4.84,900,5,0.5,0.4589109096982754,0.45891090969827536
Duloxetine,55,450,300,1.93,50,3.86,150,5,0.5,0.0070549118523765,0.0070549118523765
Duloxetine,56,450,300,1.93,50,3.86,500,5,0.5,0.0269479432040828,0.026948566367538028
Duloxetine,57,450,300,1.93,50,3.86,900,5,0.5,0.0496828361774613,0.04968283617746128
Duloxetine,58,450,300,1.93,150,3.86,150,5,0.5,0.0752595907725122,0.07527315381349939
Duloxetine,59,450,300,1.93,150,3.86,500,5,0.5,0.2542968729378684,0.25429687293786807
Duloxetine,60,450,300,1.93,150,3.86,900,5,0.5,0.4589109096982754,0.4589210049462501
Duloxetine,61,450,300,1.44,50,2.88,150,5,0.5,0.0070549118523765,0.0070549118523765
Duloxetine,62,450,300,1.44,50,2.88,500,5,0.5,0.0269479432040828,0.026949812694448495
Duloxetine,63,450,300,1.44,50,2.88,900,5,0.5,0.0496828361774613,0.04968283617746128
Duloxetine,64,450,300,1.44,150,2.88,150,5,0.5,0.0752595907725122,0.07526632093782853
Duloxetine,65,450,300,1.44,150,2.88,500,5,0.5,0.2542968729378684,0.25430248140896516
Duloxetine,66,450,300,1.44,150,2.88,900,5,0.5,0.4589109096982754,0.45891090969827536
Duloxetine,67,450,300,2.42,50,4.84,150,5,0.5,0.0070549118523765,0.007057551963411668
Duloxetine,68,450,300,2.42,50,4.84,500,5,0.5,0.0269479432040828,0.026957989901110486
Duloxetine,69,450,300,2.42,50,4.84,900,5,0.5,0.0496828361774613,0.04970151814414143
Duloxetine,70,450,300,2.42,150,4.84,150,5,0.5,0.0752595907725122,0.07526295585517026
Duloxetine,71,450,300,2.42,150,4.84,500,5,0.5,0.2542968729378684,0.2543958912423659
Duloxetine,72,450,300,2.42,150,4.84,900,5,0.5,0.4589109096982754,0.4589210049462501
Duloxetine,73,550,100,1.93,50,3.86,150,5,0.5,0.0089494862668248,0.008951556654546788
Duloxetine,74,550,100,1.93,50,3.86,500,5,0.5,0.0332631912522435,0.0332677611175819
Duloxetine,75,550,100,1.93,50,3.86,900,5,0.5,0.0610502826641506,0.06106964347840848
Duloxetine,76,550,100,1.93,150,3.86,150,5,0.5,0.0923107605025461,0.09235843521343073
Duloxetine,77,550,100,1.93,150,3.86,500,5,0.5,0.3111341053713148,0.3111998709098269
Duloxetine,78,550,100,1.93,150,3.86,900,5,0.5,0.5612179280784789,0.561242605351305
Duloxetine,79,550,100,1.44,50,2.88,150,5,0.5,0.0089494862668248,0.008949486266824793
Duloxetine,80,550,100,1.44,50,2.88,500,5,0.5,0.0332631912522435,0.03326471454068966
Duloxetine,81,550,100,1.44,50,2.88,900,5,0.5,0.0610502826641506,0.061051653623752096
Duloxetine,82,550,100,1.44,150,2.88,150,5,0.5,0.0923107605025461,0.09232939399204387
Duloxetine,83,550,100,1.44,150,2.88,500,5,0.5,0.3111341053713148,0.31114096016932286
Duloxetine,84,550,100,1.44,150,2.88,900,5,0.5,0.5612179280784789,0.5612179280784777
Duloxetine,85,550,100,2.42,50,4.84,150,5,0.5,0.0089494862668248,0.008949714760091711
Duloxetine,86,550,100,2.42,50,4.84,500,5,0.5,0.0332631912522435,0.03326933090042713
Duloxetine,87,550,100,2.42,50,4.84,900,5,0.5,0.0610502826641506,0.06106133403088105
Duloxetine,88,550,100,2.42,150,4.84,150,5,0.5,0.0923107605025461,0.0923708993847219
Duloxetine,89,550,100,2.42,150,4.84,500,5,0.5,0.3111341053713148,0.31114781496733035
Duloxetine,90,550,100,2.42,150,4.84,900,5,0.5,0.5612179280784789,0.5612179280784777
Duloxetine,91,550,300,1.93,50,3.86,150,5,0.5,0.0089494862668248,0.008949486266824793
Duloxetine,92,550,300,1.93,50,3.86,500,5,0.5,0.0332631912522435,0.03326623782913578
Duloxetine,93,550,300,1.93,50,3.86,900,5,0.5,0.0610502826641506,0.0610516536237521
Duloxetine,94,550,300,1.93,150,3.86,150,5,0.5,0.0923107605025461,0.09231281694194818
Duloxetine,95,550,300,1.93,150,3.86,500,5,0.5,0.3111341053713148,0.31114096016932286
Duloxetine,96,550,300,1.93,150,3.86,900,5,0.5,0.5612179280784789,0.5612179280784777
Duloxetine,97,550,300,1.44,50,2.88,150,5,0.5,0.0089494862668248,0.008949714760091711
Duloxetine,98,550,300,1.44,50,2.88,500,5,0.5,0.0332631912522435,0.03326471454068966
Duloxetine,99,550,300,1.44,50,2.88,900,5,0.5,0.0610502826641506,0.061050282664150586
Duloxetine,100,550,300,1.44,150,2.88,150,5,0.5,0.0923107605025461,0.09231281694194818
Duloxetine,101,550,300,1.44,150,2.88,500,5,0.5,0.3111341053713148,0.31118936220496757
Duloxetine,102,550,300,1.44,150,2.88,900,5,0.5,0.5612179280784789,0.5612179280784777
Duloxetine,103,550,300,2.42,50,4.84,150,5,0.5,0.0089494862668248,0.008951556654546788
Duloxetine,104,550,300,2.42,50,4.84,500,5,0.5,0.0332631912522435,0.0332677611175819
Duloxetine,105,550,300,2.42,50,4.84,900,5,0.5,0.0610502826641506,0.06106964347840848
Duloxetine,106,550,300,2.42,150,4.84,150,5,0.5,0.0923107605025461,0.09235637877402846
Duloxetine,107,550,300,2.42,150,4.84,500,5,0.5,0.3111341053713148,0.3111998709098269
Duloxetine,108,550,300,2.42,150,4.84,900,5,0.5,0.5612179280784789,0.561242605351305
Duloxetine,109,650,100,1.93,50,3.86,150,5,0.5,0.010844060681273,0.010844330718770258
Duloxetine,110,650,100,1.93,50,3.86,500,5,0.5,0.0395784393004042,0.039588395623230174
Duloxetine,111,650,100,1.93,50,3.86,900,5,0.5,0.0724177291508399,0.07243565053192672
Duloxetine,112,650,100,1.93,150,3.86,150,5,0.5,0.1093619302325801,0.10937909095430866
Duloxetine,113,650,100,1.93,150,3.86,500,5,0.5,0.3679713378047612,0.36803664133544095
Duloxetine,114,650,100,1.93,150,3.86,900,5,0.5,0.6635249464586825,0.6636862388884623
Duloxetine,115,650,100,1.44,50,2.88,150,5,0.5,0.010844060681273,0.010844330718770258
Duloxetine,116,650,100,1.44,50,2.88,500,5,0.5,0.0395784393004042,0.03958479512326662
Duloxetine,117,650,100,1.44,50,2.88,900,5,0.5,0.0724177291508399,0.07242916963199228
Duloxetine,118,650,100,1.44,150,2.88,150,5,0.5,0.1093619302325801,0.10936436057005547
Duloxetine,119,650,100,1.44,150,2.88,500,5,0.5,0.3679713378047612,0.368028540210523
Duloxetine,120,650,100,1.44,150,2.88,900,5,0.5,0.6635249464586825,0.6635395284835335
Duloxetine,121,650,100,2.42,50,4.84,150,5,0.5,0.010844060681273,0.010844330718770258
Duloxetine,122,650,100,2.42,50,4.84,500,5,0.5,0.0395784393004042,0.039578439300404174
Duloxetine,123,650,100,2.42,50,4.84,900,5,0.5,0.0724177291508399,0.07242916963199228
Duloxetine,124,650,100,2.42,150,4.84,150,5,0.5,0.1093619302325801,0.10936193023258006
Duloxetine,125,650,100,2.42,150,4.84,500,5,0.5,0.3679713378047612,0.3680490607139111
Duloxetine,126,650,100,2.42,150,4.84,900,5,0.5,0.6635249464586825,0.6635249464586809
Duloxetine,127,650,300,1.93,50,3.86,150,5,0.5,0.010844060681273,0.010844060681272992
Duloxetine,128,650,300,1.93,50,3.86,500,5,0.5,0.0395784393004042,0.039579339425395065
Duloxetine,129,650,300,1.93,50,3.86,900,5,0.5,0.0724177291508399,0.0724177291508399
Duloxetine,130,650,300,1.93,150,3.86,150,5,0.5,0.1093619302325801,0.10936436057005547
Duloxetine,131,650,300,1.93,150,3.86,500,5,0.5,0.3679713378047612,0.36797943892967894
Duloxetine,132,650,300,1.93,150,3.86,900,5,0.5,0.6635249464586825,0.6635249464586809
Duloxetine,133,650,300,1.44,50,2.88,150,5,0.5,0.010844060681273,0.010844330718770258
Duloxetine,134,650,300,1.44,50,2.88,500,5,0.5,0.0395784393004042,0.03958479512326662
Duloxetine,135,650,300,1.44,50,2.88,900,5,0.5,0.0724177291508399,0.07243165350768631
Duloxetine,136,650,300,1.44,150,2.88,150,5,0.5,0.1093619302325801,0.10936436057005547
Duloxetine,137,650,300,1.44,150,2.88,500,5,0.5,0.3679713378047612,0.36797133780476093
Duloxetine,138,650,300,1.44,150,2.88,900,5,0.5,0.6635249464586825,0.6635395284835335
Duloxetine,139,650,300,2.42,50,4.84,150,5,0.5,0.010844060681273,0.010844870793764793
Duloxetine,140,650,300,2.42,50,4.84,500,5,0.5,0.0395784393004042,0.039588395623230174
Duloxetine,141,650,300,2.42,50,4.84,900,5,0.5,0.0724177291508399,0.0724340303069431
Duloxetine,142,650,300,2.42,150,4.84,150,5,0.5,0.1093619302325801,0.10938152129178408
Duloxetine,143,650,300,2.42,150,4.84,500,5,0.5,0.3679713378047612,0.36803664133544095
Duloxetine,144,650,300,2.42,150,4.84,900,5,0.5,0.6635249464586825,0.6636862388884623
Alprazolam,1,350,100,1.93,50,3.86,150,5,0.5,0.0050367876070407,0.005036958064069929
Alprazolam,2,350,100,1.93,50,3.86,500,5,0.5,0.0202208623862967,0.020221271508196147
Alprazolam,3,350,100,1.93,50,3.86,900,5,0.5,0.0375740907054463,0.03757739905937277
Alprazolam,4,350,100,1.93,150,3.86,150,5,0.5,0.0570964725644897,0.05709552541230797
Alprazolam,5,350,100,1.93,150,3.86,500,5,0.5,0.1937531455777932,0.19375314557779316
Alprazolam,6,350,100,1.93,150,3.86,900,5,0.5,0.34993220045014,0.34992909826722696
Alprazolam,7,350,100,1.44,50,2.88,150,5,0.5,0.0050367876070407,0.005036734987475045
Alprazolam,8,350,100,1.44,50,2.88,500,5,0.5,0.0202208623862967,0.020220686987744554
Alprazolam,9,350,100,1.44,50,2.88,900,5,0.5,0.0375740907054463,0.03757409070544637
Alprazolam,10,350,100,1.44,150,2.88,150,5,0.5,0.0570964725644897,0.057096472564489645
Alprazolam,11,350,100,1.44,150,2.88,500,5,0.5,0.1937531455777932,0.19375156699082371
Alprazolam,12,350,100,1.44,150,2.88,900,5,0.5,0.34993220045014,0.3499357222166292
Alprazolam,13,350,100,2.42,50,4.84,150,5,0.5,0.0050367876070407,0.0050366823679093954
Alprazolam,14,350,100,2.42,50,4.84,500,5,0.5,0.0202208623862967,0.02022051158919239
Alprazolam,15,350,100,2.42,50,4.84,900,5,0.5,0.0375740907054463,0.03757314355326469
Alprazolam,16,350,100,2.42,150,4.84,150,5,0.5,0.0570964725644897,0.05710035283100958
Alprazolam,17,350,100,2.42,150,4.84,500,5,0.5,0.1937531455777932,0.19375668070170074
Alprazolam,18,350,100,2.42,150,4.84,900,5,0.5,0.34993220045014,0.34994424658626433
Alprazolam,19,350,300,1.93,50,3.86,150,5,0.5,0.0050367876070407,0.0050368904320389485
Alprazolam,20,350,300,1.93,50,3.86,500,5,0.5,0.0202208623862967,0.02022051158919239
Alprazolam,21,350,300,1.93,50,3.86,900,5,0.5,0.0375740907054463,0.03757409070544637
Alprazolam,22,350,300,1.93,150,3.86,150,5,0.5,0.0570964725644897,0.05709599898839881
Alprazolam,23,350,300,1.93,150,3.86,500,5,0.5,0.1937531455777932,0.1937484098168848
Alprazolam,24,350,300,1.93,150,3.86,900,5,0.5,0.34993220045014,0.3499322004501406
Alprazolam,25,350,300,1.44,50,2.88,150,5,0.5,0.0050367876070407,0.005036682367909396
Alprazolam,26,350,300,1.44,50,2.88,500,5,0.5,0.0202208623862967,0.02022086238629672
Alprazolam,27,350,300,1.44,50,2.88,900,5,0.5,0.0375740907054463,0.03757409070544637
Alprazolam,28,350,300,1.44,150,2.88,150,5,0.5,0.0570964725644897,0.05709599898839881
Alprazolam,29,350,300,1.44,150,2.88,500,5,0.5,0.1937531455777932,0.19375668070170074
Alprazolam,30,350,300,1.44,150,2.88,900,5,0.5,0.34993220045014,0.34992935899359556
Alprazolam,31,350,300,2.42,50,4.84,150,5,0.5,0.0050367876070407,0.005036958064069929
Alprazolam,32,350,300,2.42,50,4.84,500,5,0.5,0.0202208623862967,0.020220695270988555
Alprazolam,33,350,300,2.42,50,4.84,900,5,0.5,0.0375740907054463,0.037575429165015675
Alprazolam,34,350,300,2.42,150,4.84,150,5,0.5,0.0570964725644897,0.05709599898839881
Alprazolam,35,350,300,2.42,150,4.84,500,5,0.5,0.1937531455777932,0.19375314557779316
Alprazolam,36,350,300,2.42,150,4.84,900,5,0.5,0.34993220045014,0.349931939723772
Alprazolam,37,450,100,1.93,50,3.86,150,5,0.5,0.0068960620698067,0.0068962619271031615
Alprazolam,38,450,100,1.93,50,3.86,500,5,0.5,0.0264184439288501,0.02641615580792499
Alprazolam,39,450,100,1.93,50,3.86,900,5,0.5,0.0487297374820425,0.04872971885873038
Alprazolam,40,450,100,1.93,150,3.86,150,5,0.5,0.073829942729384,0.07383252404426772
Alprazolam,41,450,100,1.93,150,3.86,500,5,0.5,0.2495313794607742,0.24953795423190173
Alprazolam,42,450,100,1.93,150,3.86,900,5,0.5,0.4503330214395059,0.45035199502027123
Alprazolam,43,450,100,1.44,50,2.88,150,5,0.5,0.0068960620698067,0.006895926762352186
Alprazolam,44,450,100,1.44,50,2.88,500,5,0.5,0.0264184439288501,0.026417992904001722
Alprazolam,45,450,100,1.44,50,2.88,900,5,0.5,0.0487297374820425,0.048729331559678846
Alprazolam,46,450,100,1.44,150,2.88,150,5,0.5,0.073829942729384,0.0738317414450521
Alprazolam,47,450,100,1.44,150,2.88,500,5,0.5,0.2495313794607742,0.24952732023713828
Alprazolam,48,450,100,1.44,150,2.88,900,5,0.5,0.4503330214395059,0.4503293681382332
Alprazolam,49,450,100,2.42,50,4.84,150,5,0.5,0.0068960620698067,0.006896416536298826
Alprazolam,50,450,100,2.42,50,4.84,500,5,0.5,0.0264184439288501,0.026417992904001722
Alprazolam,51,450,100,2.42,50,4.84,900,5,0.5,0.0487297374820425,0.04872770787022453
Alprazolam,52,450,100,2.42,150,4.84,150,5,0.5,0.073829942729384,0.07382872496229333
Alprazolam,53,450,100,2.42,150,4.84,500,5,0.5,0.2495313794607742,0.24952934984895617
Alprazolam,54,450,100,2.42,150,4.84,900,5,0.5,0.4503330214395059,0.45032936813823327
Alprazolam,55,450,300,1.93,50,3.86,150,5,0.5,0.0068960620698067,0.0068959944160794494
Alprazolam,56,450,300,1.93,50,3.86,500,5,0.5,0.0264184439288501,0.026418443928850142
Alprazolam,57,450,300,1.93,50,3.86,900,5,0.5,0.0487297374820425,0.048733991079947796
Alprazolam,58,450,300,1.93,150,3.86,150,5,0.5,0.073829942729384,0.07382872496229334
Alprazolam,59,450,300,1.93,150,3.86,500,5,0.5,0.2495313794607742,0.24953137946077406
Alprazolam,60,450,300,1.93,150,3.86,900,5,0.5,0.4503330214395059,0.45033302143950543
Alprazolam,61,450,300,1.44,50,2.88,150,5,0.5,0.0068960620698067,0.006896062069806712
Alprazolam,62,450,300,1.44,50,2.88,500,5,0.5,0.0264184439288501,0.026418443928850142
Alprazolam,63,450,300,1.44,50,2.88,900,5,0.5,0.0487297374820425,0.048729331559678846
Alprazolam,64,450,300,1.44,150,2.88,150,5,0.5,0.073829942729384,0.073829914794416
Alprazolam,65,450,300,1.44,150,2.88,500,5,0.5,0.2495313794607742,0.2495373751796675
Alprazolam,66,450,300,1.44,150,2.88,900,5,0.5,0.4503330214395059,0.4503438137335137
Alprazolam,67,450,300,2.42,50,4.84,150,5,0.5,0.0068960620698067,0.006896126619648635
Alprazolam,68,450,300,2.42,50,4.84,500,5,0.5,0.0264184439288501,0.0264163813203492
Alprazolam,69,450,300,2.42,50,4.84,900,5,0.5,0.0487297374820425,0.04872971885873038
Alprazolam,70,450,300,2.42,150,4.84,150,5,0.5,0.073829942729384,0.07382872496229333
Alprazolam,71,450,300,2.42,150,4.84,500,5,0.5,0.2495313794607742,0.24952547959084692
Alprazolam,72,450,300,2.42,150,4.84,900,5,0.5,0.4503330214395059,0.4503593016228157
Alprazolam,73,550,100,1.93,50,3.86,150,5,0.5,0.0087553365325728,0.008755848663647724
Alprazolam,74,550,100,1.93,50,3.86,500,5,0.5,0.0326160254714035,0.032615474218811016
Alprazolam,75,550,100,1.93,50,3.86,900,5,0.5,0.0598853842586387,0.059888457045088266
Alprazolam,76,550,100,1.93,150,3.86,150,5,0.5,0.0905634128942783,0.090559548907486
Alprazolam,77,550,100,1.93,150,3.86,500,5,0.5,0.3053096133437553,0.3053071327070892
Alprazolam,78,550,100,1.93,150,3.86,900,5,0.5,0.5507338424288718,0.5507204469908729
Alprazolam,79,550,100,1.44,50,2.88,150,5,0.5,0.0087553365325728,0.008755415426824028
Alprazolam,80,550,100,1.44,50,2.88,500,5,0.5,0.0326160254714035,0.032614922966218506
Alprazolam,81,550,100,1.44,50,2.88,900,5,0.5,0.0598853842586387,0.05988389587663888
Alprazolam,82,550,100,1.44,150,2.88,150,5,0.5,0.0905634128942783,0.09056266870327839
Alprazolam,83,550,100,1.44,150,2.88,500,5,0.5,0.3053096133437553,0.30530961334375556
Alprazolam,84,550,100,1.44,150,2.88,900,5,0.5,0.5507338424288718,0.5507338424288709
Alprazolam,85,550,100,2.42,50,4.84,150,5,0.5,0.0087553365325728,0.00875533653257279
Alprazolam,86,550,100,2.42,50,4.84,500,5,0.5,0.0326160254714035,0.032615474218811016
Alprazolam,87,550,100,2.42,50,4.84,900,5,0.5,0.0598853842586387,0.05988538425863866
Alprazolam,88,550,100,2.42,150,4.84,150,5,0.5,0.0905634128942783,0.09056266870327839
Alprazolam,89,550,100,2.42,150,4.84,500,5,0.5,0.3053096133437553,0.30533312691651093
Alprazolam,90,550,100,2.42,150,4.84,900,5,0.5,0.5507338424288718,0.5507249121368722
Alprazolam,91,550,300,1.93,50,3.86,150,5,0.5,0.0087553365325728,0.008755769769396486
Alprazolam,92,550,300,1.93,50,3.86,500,5,0.5,0.0326160254714035,0.032615474218811016
Alprazolam,93,550,300,1.93,50,3.86,900,5,0.5,0.0598853842586387,0.05988290362197236
Alprazolam,94,550,300,1.93,150,3.86,150,5,0.5,0.0905634128942783,0.09056192451227849
Alprazolam,95,550,300,1.93,150,3.86,500,5,0.5,0.3053096133437553,0.30532261044846637
Alprazolam,96,550,300,1.93,150,3.86,900,5,0.5,0.5507338424288718,0.5507338424288709
Alprazolam,97,550,300,1.44,50,2.88,150,5,0.5,0.0087553365325728,0.008755178855390563
Alprazolam,98,550,300,1.44,50,2.88,500,5,0.5,0.0326160254714035,0.03261602547140353
Alprazolam,99,550,300,1.44,50,2.88,900,5,0.5,0.0598853842586387,0.05988585762414609
Alprazolam,100,550,300,1.44,150,2.88,150,5,0.5,0.0905634128942783,0.09056266870327839
Alprazolam,101,550,300,1.44,150,2.88,500,5,0.5,0.3053096133437553,0.3053071327070892
Alprazolam,102,550,300,1.44,150,2.88,900,5,0.5,0.5507338424288718,0.5507249121368722
Alprazolam,103,550,300,2.42,50,4.84,150,5,0.5,0.0087553365325728,0.008755931351536602
Alprazolam,104,550,300,2.42,50,4.84,500,5,0.5,0.0326160254714035,0.03261574984510727
Alprazolam,105,550,300,2.42,50,4.84,900,5,0.5,0.0598853842586387,0.05988895317242153
Alprazolam,106,550,300,2.42,150,4.84,150,5,0.5,0.0905634128942783,0.09055880471648611
Alprazolam,107,550,300,2.42,150,4.84,500,5,0.5,0.3053096133437553,0.3053071327070892
Alprazolam,108,550,300,2.42,150,4.84,900,5,0.5,0.5507338424288718,0.5506796073425543
Alprazolam,109,650,100,1.93,50,3.86,150,5,0.5,0.0106146109953388,0.010614415551237811
Alprazolam,110,650,100,1.93,50,3.86,500,5,0.5,0.038813607013957,0.03881062769056681
Alprazolam,111,650,100,1.93,50,3.86,900,5,0.5,0.0710410310352349,0.07103980456994981
Alprazolam,112,650,100,1.93,150,3.86,150,5,0.5,0.1072968830591726,0.107296842708663
Alprazolam,113,650,100,1.93,150,3.86,500,5,0.5,0.3610878472267363,0.3610849155652221
Alprazolam,114,650,100,1.93,150,3.86,900,5,0.5,0.6511346634182377,0.6511346634182387
Alprazolam,115,650,100,1.44,50,2.88,150,5,0.5,0.0106146109953388,0.01061461099533879
Alprazolam,116,650,100,1.44,50,2.88,500,5,0.5,0.038813607013957,0.03881456928982885
Alprazolam,117,650,100,1.44,50,2.88,900,5,0.5,0.0710410310352349,0.07103985837062905
Alprazolam,118,650,100,1.44,150,2.88,150,5,0.5,0.1072968830591726,0.10729319602778142
Alprazolam,119,650,100,1.44,150,2.88,500,5,0.5,0.3610878472267363,0.3611032074413951
Alprazolam,120,650,100,1.44,150,2.88,900,5,0.5,0.6511346634182377,0.6511293864275122
Alprazolam,121,650,100,2.42,50,4.84,150,5,0.5,0.0106146109953388,0.010614513273288299
Alprazolam,122,650,100,2.42,50,4.84,500,5,0.5,0.038813607013957,0.038814662224138034
Alprazolam,123,650,100,2.42,50,4.84,900,5,0.5,0.0710410310352349,0.07103625458543546
Alprazolam,124,650,100,2.42,150,4.84,150,5,0.5,0.1072968830591726,0.10729688305917243
Alprazolam,125,650,100,2.42,150,4.84,500,5,0.5,0.3610878472267363,0.3610790522421926
Alprazolam,126,650,100,2.42,150,4.84,900,5,0.5,0.6511346634182377,0.6511623118046237
Alprazolam,127,650,300,1.93,50,3.86,150,5,0.5,0.0106146109953388,0.010614513273288302
Alprazolam,128,650,300,1.93,50,3.86,500,5,0.5,0.038813607013957,0.038813281273788754
Alprazolam,129,650,300,1.93,50,3.86,900,5,0.5,0.0710410310352349,0.07103985837062905
Alprazolam,130,650,300,1.93,150,3.86,150,5,0.5,0.1072968830591726,0.10729424456380916
Alprazolam,131,650,300,1.93,150,3.86,500,5,0.5,0.3610878472267363,0.3610849155652221
Alprazolam,132,650,300,1.93,150,3.86,900,5,0.5,0.6511346634182377,0.6511346634182387
Alprazolam,133,650,300,1.44,50,2.88,150,5,0.5,0.0106146109953388,0.010615123002494066
Alprazolam,134,650,300,1.44,50,2.88,500,5,0.5,0.038813607013957,0.03881360701395706
Alprazolam,135,650,300,1.44,50,2.88,900,5,0.5,0.0710410310352349,0.0710368409177384
Alprazolam,136,650,300,1.44,150,2.88,150,5,0.5,0.1072968830591726,0.10729688305917243
Alprazolam,137,650,300,1.44,150,2.88,500,5,0.5,0.3610878472267363,0.3610790522421926
Alprazolam,138,650,300,1.44,150,2.88,900,5,0.5,0.6511346634182377,0.6511346634182387
Alprazolam,139,650,300,2.42,50,4.84,150,5,0.5,0.0106146109953388,0.010614415551237811
Alprazolam,140,650,300,2.42,50,4.84,500,5,0.5,0.038813607013957,0.03881127917090342
Alprazolam,141,650,300,2.42,50,4.84,900,5,0.5,0.0710410310352349,0.07104156356685866
Alprazolam,142,650,300,2.42,150,4.84,150,5,0.5,0.1072968830591726,0.10729055753241817
Alprazolam,143,650,300,2.42,150,4.84,500,5,0.5,0.3610878472267363,0.3610819839037074
Alprazolam,144,650,300,2.42,150,4.84,900,5,0.5,0.6511346634182377,0.6511241094367856
Olanzapine,1,350,100,1.93,50,3.86,150,5,0.5,0.0049991839884819,0.004999507405101851
Olanzapine,2,350,100,1.93,50,3.86,500,5,0.5,0.0200955169911007,0.02009875115730013
Olanzapine,3,350,100,1.93,50,3.86,900,5,0.5,0.0373484689940936,0.037350409493813165
Olanzapine,4,350,100,1.93,150,3.86,150,5,0.5,0.0567580399974606,0.0567580399974607
Olanzapine,5,350,100,1.93,150,3.86,500,5,0.5,0.1926250370210296,0.19262503702102973
Olanzapine,6,350,100,1.93,150,3.86,900,5,0.5,0.3479016050479655,0.34798892753534916
Olanzapine,7,350,100,1.44,50,2.88,150,5,0.5,0.0049991839884819,0.00499983082172179
Olanzapine,8,350,100,1.44,50,2.88,500,5,0.5,0.0200955169911007,0.02009551699110074
Olanzapine,9,350,100,1.44,50,2.88,900,5,0.5,0.0373484689940936,0.037348468994093525
Olanzapine,10,350,100,1.44,150,2.88,150,5,0.5,0.0567580399974606,0.0567580399974607
Olanzapine,11,350,100,1.44,150,2.88,500,5,0.5,0.1926250370210296,0.19262503702102973
Olanzapine,12,350,100,1.44,150,2.88,900,5,0.5,0.3479016050479655,0.3479016050479657
Olanzapine,13,350,100,2.42,50,4.84,150,5,0.5,0.0049991839884819,0.004999183988481912
Olanzapine,14,350,100,2.42,50,4.84,500,5,0.5,0.0200955169911007,0.02009551699110074
Olanzapine,15,350,100,2.42,50,4.84,900,5,0.5,0.0373484689940936,0.0373523499935328
Olanzapine,16,350,100,2.42,150,4.84,150,5,0.5,0.0567580399974606,0.05676095074704015
Olanzapine,17,350,100,2.42,150,4.84,500,5,0.5,0.1926250370210296,0.19262503702102973
Olanzapine,18,350,100,2.42,150,4.84,900,5,0.5,0.3479016050479655,0.3479016050479657
Olanzapine,19,350,300,1.93,50,3.86,150,5,0.5,0.0049991839884819,0.004999183988481912
Olanzapine,20,350,300,1.93,50,3.86,500,5,0.5,0.0200955169911007,0.020096595046500534
Olanzapine,21,350,300,1.93,50,3.86,900,5,0.5,0.0373484689940936,0.037348468994093525
Olanzapine,22,350,300,1.93,150,3.86,150,5,0.5,0.0567580399974606,0.0567580399974607
Olanzapine,23,350,300,1.93,150,3.86,500,5,0.5,0.1926250370210296,0.19262503702102973
Olanzapine,24,350,300,1.93,150,3.86,900,5,0.5,0.3479016050479655,0.3479190695454424
Olanzapine,25,350,300,1.44,50,2.88,150,5,0.5,0.0049991839884819,0.004999183988481912
Olanzapine,26,350,300,1.44,50,2.88,500,5,0.5,0.0200955169911007,0.02009551699110074
Olanzapine,27,350,300,1.44,50,2.88,900,5,0.5,0.0373484689940936,0.037348468994093525
Olanzapine,28,350,300,1.44,150,2.88,150,5,0.5,0.0567580399974606,0.0567580399974607
Olanzapine,29,350,300,1.44,150,2.88,500,5,0.5,0.1926250370210296,0.1926347395196279
Olanzapine,30,350,300,1.44,150,2.88,900,5,0.5,0.3479016050479655,0.3479016050479657
Olanzapine,31,350,300,2.42,50,4.84,150,5,0.5,0.0049991839884819,0.004999507405101851
Olanzapine,32,350,300,2.42,50,4.84,500,5,0.5,0.0200955169911007,0.02009875115730013
Olanzapine,33,350,300,2.42,50,4.84,900,5,0.5,0.0373484689940936,0.037350409493813165
Olanzapine,34,350,300,2.42,150,4.84,150,5,0.5,0.0567580399974606,0.0567580399974607
Olanzapine,35,350,300,2.42,150,4.84,500,5,0.5,0.1926250370210296,0.19262503702102973
Olanzapine,36,350,300,2.42,150,4.84,900,5,0.5,0.3479016050479655,0.34798892753534916
Olanzapine,37,450,100,1.93,50,3.86,150,5,0.5,0.0068477145602312,0.00684637125175594
Olanzapine,38,450,100,1.93,50,3.86,500,5,0.5,0.0262572855635981,0.026260057706054753
Olanzapine,39,450,100,1.93,50,3.86,900,5,0.5,0.048439652424589,0.04844214735280002
Olanzapine,40,450,100,1.93,150,3.86,150,5,0.5,0.0733948151432037,0.07337898297460993
Olanzapine,41,450,100,1.93,150,3.86,500,5,0.5,0.2480809541735067,0.24810590345561592
Olanzapine,42,450,100,1.93,150,3.86,900,5,0.5,0.4477222559224244,0.44776716463022126
Olanzapine,43,450,100,1.44,50,2.88,150,5,0.5,0.0068477145602312,0.006848130381599707
Olanzapine,44,450,100,1.44,50,2.88,500,5,0.5,0.0262572855635981,0.026257285563598128
Olanzapine,45,450,100,1.44,50,2.88,900,5,0.5,0.048439652424589,0.04843965242458907
Olanzapine,46,450,100,1.44,150,2.88,150,5,0.5,0.0733948151432037,0.07339481514320381
Olanzapine,47,450,100,1.44,150,2.88,500,5,0.5,0.2480809541735067,0.24809342881456115
Olanzapine,48,450,100,1.44,150,2.88,900,5,0.5,0.4477222559224244,0.4477222559224241
Olanzapine,49,450,100,2.42,50,4.84,150,5,0.5,0.0068477145602312,0.006847714560231215
Olanzapine,50,450,100,2.42,50,4.84,500,5,0.5,0.0262572855635981,0.026260057706054753
Olanzapine,51,450,100,2.42,50,4.84,900,5,0.5,0.048439652424589,0.04844214735280002
Olanzapine,52,450,100,2.42,150,4.84,150,5,0.5,0.0733948151432037,0.07339481514320381
Olanzapine,53,450,100,2.42,150,4.84,500,5,0.5,0.2480809541735067,0.24809342881456115
Olanzapine,54,450,100,2.42,150,4.84,900,5,0.5,0.4477222559224244,0.4477222559224241
Olanzapine,55,450,300,1.93,50,3.86,150,5,0.5,0.0068477145602312,0.006848130381599707
Olanzapine,56,450,300,1.93,50,3.86,500,5,0.5,0.0262572855635981,0.026258671634826442
Olanzapine,57,450,300,1.93,50,3.86,900,5,0.5,0.048439652424589,0.04844214735280002
Olanzapine,58,450,300,1.93,150,3.86,150,5,0.5,0.0733948151432037,0.07339481514320381
Olanzapine,59,450,300,1.93,150,3.86,500,5,0.5,0.2480809541735067,0.24809342881456115
Olanzapine,60,450,300,1.93,150,3.86,900,5,0.5,0.4477222559224244,0.44776716463022126
Olanzapine,61,450,300,1.44,50,2.88,150,5,0.5,0.0068477145602312,0.006847714560231215
Olanzapine,62,450,300,1.44,50,2.88,500,5,0.5,0.0262572855635981,0.026257285563598128
Olanzapine,63,450,300,1.44,50,2.88,900,5,0.5,0.048439652424589,0.04843965242458907
Olanzapine,64,450,300,1.44,150,2.88,150,5,0.5,0.0733948151432037,0.07339481514320381
Olanzapine,65,450,300,1.44,150,2.88,500,5,0.5,0.2480809541735067,0.24808095417350637
Olanzapine,66,450,300,1.44,150,2.88,900,5,0.5,0.4477222559224244,0.44774471027632273
Olanzapine,67,450,300,2.42,50,4.84,150,5,0.5,0.0068477145602312,0.00684637125175594
Olanzapine,68,450,300,2.42,50,4.84,500,5,0.5,0.0262572855635981,0.026260057706054753
Olanzapine,69,450,300,2.42,50,4.84,900,5,0.5,0.048439652424589,0.04844214735280002
Olanzapine,70,450,300,2.42,150,4.84,150,5,0.5,0.0733948151432037,0.07337898297460993
Olanzapine,71,450,300,2.42,150,4.84,500,5,0.5,0.2480809541735067,0.24809342881456115
Olanzapine,72,450,300,2.42,150,4.84,900,5,0.5,0.4477222559224244,0.44778961898411984
Olanzapine,73,550,100,1.93,50,3.86,150,5,0.5,0.0086962451319804,0.00869937717657157
Olanzapine,74,550,100,1.93,50,3.86,500,5,0.5,0.0324190541360956,0.03242244231020923
Olanzapine,75,550,100,1.93,50,3.86,900,5,0.5,0.0595308358550844,0.05957000989808496
Olanzapine,76,550,100,1.93,150,3.86,150,5,0.5,0.0900315902889468,0.09003616432399998
Olanzapine,77,550,100,1.93,150,3.86,500,5,0.5,0.3035368713259838,0.3035521181094956
Olanzapine,78,550,100,1.93,150,3.86,900,5,0.5,0.5475429067968833,0.5476252394278456
Olanzapine,79,550,100,1.44,50,2.88,150,5,0.5,0.0086962451319804,0.00869675335809746
Olanzapine,80,550,100,1.44,50,2.88,500,5,0.5,0.0324190541360956,0.03241905413609559
Olanzapine,81,550,100,1.44,50,2.88,900,5,0.5,0.0595308358550844,0.05953083585508436
Olanzapine,82,550,100,1.44,150,2.88,150,5,0.5,0.0900315902889468,0.09003159028894656
Olanzapine,83,550,100,1.44,150,2.88,500,5,0.5,0.3035368713259838,0.3035368713259842
Olanzapine,84,550,100,1.44,150,2.88,900,5,0.5,0.5475429067968833,0.5475703510072046
Olanzapine,85,550,100,2.42,50,4.84,150,5,0.5,0.0086962451319804,0.008697261584214504
Olanzapine,86,550,100,2.42,50,4.84,500,5,0.5,0.0324190541360956,0.03241905413609559
Olanzapine,87,550,100,2.42,50,4.84,900,5,0.5,0.0595308358550844,0.05953388521178664
Olanzapine,88,550,100,2.42,150,4.84,150,5,0.5,0.0900315902889468,0.09003159028894656
Olanzapine,89,550,100,2.42,150,4.84,500,5,0.5,0.3035368713259838,0.30355211810949556
Olanzapine,90,550,100,2.42,150,4.84,900,5,0.5,0.5475429067968833,0.5475429067968842
Olanzapine,91,550,300,1.93,50,3.86,150,5,0.5,0.0086962451319804,0.008696245131980411
Olanzapine,92,550,300,1.93,50,3.86,500,5,0.5,0.0324190541360956,0.03241905413609559
Olanzapine,93,550,300,1.93,50,3.86,900,5,0.5,0.0595308358550844,0.05953388521178664
Olanzapine,94,550,300,1.93,150,3.86,150,5,0.5,0.0900315902889468,0.09003690851499987
Olanzapine,95,550,300,1.93,150,3.86,500,5,0.5,0.3035368713259838,0.3035521181094956
Olanzapine,96,550,300,1.93,150,3.86,900,5,0.5,0.5475429067968833,0.5475429067968842
Olanzapine,97,550,300,1.44,50,2.88,150,5,0.5,0.0086962451319804,0.008697769810331551
Olanzapine,98,550,300,1.44,50,2.88,500,5,0.5,0.0324190541360956,0.03241905413609559
Olanzapine,99,550,300,1.44,50,2.88,900,5,0.5,0.0595308358550844,0.05953083585508436
Olanzapine,100,550,300,1.44,150,2.88,150,5,0.5,0.0900315902889468,0.09003616432399998
Olanzapine,101,550,300,1.44,150,2.88,500,5,0.5,0.3035368713259838,0.3035850923131847
Olanzapine,102,550,300,1.44,150,2.88,900,5,0.5,0.5475429067968833,0.5475429067968842
Olanzapine,103,550,300,2.42,50,4.84,150,5,0.5,0.0086962451319804,0.00869937717657157
Olanzapine,104,550,300,2.42,50,4.84,500,5,0.5,0.0324190541360956,0.03242244231020923
Olanzapine,105,550,300,2.42,50,4.84,900,5,0.5,0.0595308358550844,0.05957000989808496
Olanzapine,106,550,300,2.42,150,4.84,150,5,0.5,0.0900315902889468,0.09003616432399998
Olanzapine,107,550,300,2.42,150,4.84,500,5,0.5,0.3035368713259838,0.3035521181094956
Olanzapine,108,550,300,2.42,150,4.84,900,5,0.5,0.5475429067968833,0.5475977952175252
Olanzapine,109,650,100,1.93,50,3.86,150,5,0.5,0.0105447757037296,0.01054597696546079
Olanzapine,110,650,100,1.93,50,3.86,500,5,0.5,0.0385808227085931,0.0385868290172492
Olanzapine,111,650,100,1.93,50,3.86,900,5,0.5,0.0706220192855798,0.07062201928557973
Olanzapine,112,650,100,1.93,150,3.86,150,5,0.5,0.10666836543469,0.10667917679027057
Olanzapine,113,650,100,1.93,150,3.86,500,5,0.5,0.3589927884784609,0.3591577953034533
Olanzapine,114,650,100,1.93,150,3.86,900,5,0.5,0.6473635576713421,0.6472263455435275
Olanzapine,115,650,100,1.44,50,2.88,150,5,0.5,0.0105447757037296,0.010544775703729588
Olanzapine,116,650,100,1.44,50,2.88,500,5,0.5,0.0385808227085931,0.03858515265453217
Olanzapine,117,650,100,1.44,50,2.88,900,5,0.5,0.0706220192855798,0.07062562307077334
Olanzapine,118,650,100,1.44,150,2.88,150,5,0.5,0.10666836543469,0.10666836543468977
Olanzapine,119,650,100,1.44,150,2.88,500,5,0.5,0.3589927884784609,0.3589927884784603
Olanzapine,120,650,100,1.44,150,2.88,900,5,0.5,0.6473635576713421,0.647363557671341
Olanzapine,121,650,100,2.42,50,4.84,150,5,0.5,0.0105447757037296,0.010545976965460788
Olanzapine,122,650,100,2.42,50,4.84,500,5,0.5,0.0385808227085931,0.038583150551646836
Olanzapine,123,650,100,2.42,50,4.84,900,5,0.5,0.0706220192855798,0.07065390074107876
Olanzapine,124,650,100,2.42,150,4.84,150,5,0.5,0.10666836543469,0.10666836543468977
Olanzapine,125,650,100,2.42,150,4.84,500,5,0.5,0.3589927884784609,0.35926640304106655
Olanzapine,126,650,100,2.42,150,4.84,900,5,0.5,0.6473635576713421,0.647363557671341
Olanzapine,127,650,300,1.93,50,3.86,150,5,0.5,0.0105447757037296,0.010546577596326389
Olanzapine,128,650,300,1.93,50,3.86,500,5,0.5,0.0385808227085931,0.0385808227085932
Olanzapine,129,650,300,1.93,50,3.86,900,5,0.5,0.0706220192855798,0.07062201928557973
Olanzapine,130,650,300,1.93,150,3.86,150,5,0.5,0.10666836543469,0.10666836543468977
Olanzapine,131,650,300,1.93,150,3.86,500,5,0.5,0.3589927884784609,0.3590108074044283
Olanzapine,132,650,300,1.93,150,3.86,900,5,0.5,0.6473635576713421,0.6473959917380835
Olanzapine,133,650,300,1.44,50,2.88,150,5,0.5,0.0105447757037296,0.010544775703729588
Olanzapine,134,650,300,1.44,50,2.88,500,5,0.5,0.0385808227085931,0.0385808227085932
Olanzapine,135,650,300,1.44,50,2.88,900,5,0.5,0.0706220192855798,0.07062201928557973
Olanzapine,136,650,300,1.44,150,2.88,150,5,0.5,0.10666836543469,0.10667917679027057
Olanzapine,137,650,300,1.44,150,2.88,500,5,0.5,0.3589927884784609,0.3589927884784603
Olanzapine,138,650,300,1.44,150,2.88,900,5,0.5,0.6473635576713421,0.647363557671341
Olanzapine,139,650,300,2.42,50,4.84,150,5,0.5,0.0105447757037296,0.01054597696546079
Olanzapine,140,650,300,2.42,50,4.84,500,5,0.5,0.0385808227085931,0.0385868290172492
Olanzapine,141,650,300,2.42,50,4.84,900,5,0.5,0.0706220192855798,0.07062201928557973
Olanzapine,142,650,300,2.42,150,4.84,150,5,0.5,0.10666836543469,0.10667377111248016
Olanzapine,143,650,300,2.42,150,4.84,500,5,0.5,0.3589927884784609,0.3591577953034533
Olanzapine,144,650,300,2.42,150,4.84,900,5,0.5,0.6473635576713421,0.6472263455435275
Hyaluronic acid,1,350,100,1.93,50,3.86,150,5,0.5,0.0040738177084314,0.004083971203785376
Hyaluronic acid,2,350,100,1.93,50,3.86,500,5,0.5,0.0170109627242656,0.01702791052767492
Hyaluronic acid,3,350,100,1.93,50,3.86,900,5,0.5,0.0317962713137904,0.03184474573999663
Hyaluronic acid,4,350,100,1.93,150,3.86,150,5,0.5,0.0484297434770059,0.04852533465091766
Hyaluronic acid,5,350,100,1.93,150,3.86,500,5,0.5,0.1648640486195139,0.1651550766951278
Hyaluronic acid,6,350,100,1.93,150,3.86,900,5,0.5,0.2979318259252373,0.29818112204611125
Hyaluronic acid,7,350,100,1.44,50,2.88,150,5,0.5,0.0040738177084314,0.004073817708431403
Hyaluronic acid,8,350,100,1.44,50,2.88,500,5,0.5,0.0170109627242656,0.017019436625970264
Hyaluronic acid,9,350,100,1.44,50,2.88,900,5,0.5,0.0317962713137904,0.031796271313790446
Hyaluronic acid,10,350,100,1.44,150,2.88,150,5,0.5,0.0484297434770059,0.048452623011608395
Hyaluronic acid,11,350,100,1.44,150,2.88,500,5,0.5,0.1648640486195139,0.16500254646444396
Hyaluronic acid,12,350,100,1.44,150,2.88,900,5,0.5,0.2979318259252373,0.2979318259252368
Hyaluronic acid,13,350,100,2.42,50,4.84,150,5,0.5,0.0040738177084314,0.004073817708431403
Hyaluronic acid,14,350,100,2.42,50,4.84,500,5,0.5,0.0170109627242656,0.017019436625970264
Hyaluronic acid,15,350,100,2.42,50,4.84,900,5,0.5,0.0317962713137904,0.031796271313790446
Hyaluronic acid,16,350,100,2.42,150,4.84,150,5,0.5,0.0484297434770059,0.04842974347700582
Hyaluronic acid,17,350,100,2.42,150,4.84,500,5,0.5,0.1648640486195139,0.16495389051986084
Hyaluronic acid,18,350,100,2.42,150,4.84,900,5,0.5,0.2979318259252373,0.29856769537460104
Hyaluronic acid,19,350,300,1.93,50,3.86,150,5,0.5,0.0040738177084314,0.004073817708431403
Hyaluronic acid,20,350,300,1.93,50,3.86,500,5,0.5,0.0170109627242656,0.0170263513737023
Hyaluronic acid,21,350,300,1.93,50,3.86,900,5,0.5,0.0317962713137904,0.03190657274922006
Hyaluronic acid,22,350,300,1.93,150,3.86,150,5,0.5,0.0484297434770059,0.04842974347700582
Hyaluronic acid,23,350,300,1.93,150,3.86,500,5,0.5,0.1648640486195139,0.16486404861951376
Hyaluronic acid,24,350,300,1.93,150,3.86,900,5,0.5,0.2979318259252373,0.29834283746673596
Hyaluronic acid,25,350,300,1.44,50,2.88,150,5,0.5,0.0040738177084314,0.004078902049454197
Hyaluronic acid,26,350,300,1.44,50,2.88,500,5,0.5,0.0170109627242656,0.017010962724265607
Hyaluronic acid,27,350,300,1.44,50,2.88,900,5,0.5,0.0317962713137904,0.031796271313790446
Hyaluronic acid,28,350,300,1.44,150,2.88,150,5,0.5,0.0484297434770059,0.04842974347700582
Hyaluronic acid,29,350,300,1.44,150,2.88,500,5,0.5,0.1648640486195139,0.16486404861951376
Hyaluronic acid,30,350,300,1.44,150,2.88,900,5,0.5,0.2979318259252373,0.2979318259252368
Hyaluronic acid,31,350,300,2.42,50,4.84,150,5,0.5,0.0040738177084314,0.0040809764737738076
Hyaluronic acid,32,350,300,2.42,50,4.84,500,5,0.5,0.0170109627242656,0.01702791052767492
Hyaluronic acid,33,350,300,2.42,50,4.84,900,5,0.5,0.0317962713137904,0.03182949271692825
Hyaluronic acid,34,350,300,2.42,150,4.84,150,5,0.5,0.0484297434770059,0.04852533465091766
Hyaluronic acid,35,350,300,2.42,150,4.84,500,5,0.5,0.1648640486195139,0.1651550766951278
Hyaluronic acid,36,350,300,2.42,150,4.84,900,5,0.5,0.2979318259252373,0.29818112204611125
Hyaluronic acid,37,450,100,1.93,50,3.86,150,5,0.5,0.0056579579144519,0.005642116512391691
Hyaluronic acid,38,450,100,1.93,50,3.86,500,5,0.5,0.0222914300776673,0.02218582073059928
Hyaluronic acid,39,450,100,1.93,50,3.86,900,5,0.5,0.0413011125499135,0.04139195104267986
Hyaluronic acid,40,450,100,1.93,150,3.86,150,5,0.5,0.0626870053311905,0.06260850256155713
Hyaluronic acid,41,450,100,1.93,150,3.86,500,5,0.5,0.2123882548001295,0.21244721871162559
Hyaluronic acid,42,450,100,1.93,150,3.86,900,5,0.5,0.3834753970503453,0.3831484047495941
Hyaluronic acid,43,450,100,1.44,50,2.88,150,5,0.5,0.0056579579144519,0.005657957914451895
Hyaluronic acid,44,450,100,1.44,50,2.88,500,5,0.5,0.0222914300776673,0.022291430077667315
Hyaluronic acid,45,450,100,1.44,50,2.88,900,5,0.5,0.0413011125499135,0.041301112549913546
Hyaluronic acid,46,450,100,1.44,150,2.88,150,5,0.5,0.0626870053311905,0.06271642187567938
Hyaluronic acid,47,450,100,1.44,150,2.88,500,5,0.5,0.2123882548001295,0.21191301273832328
Hyaluronic acid,48,450,100,1.44,150,2.88,900,5,0.5,0.3834753970503453,0.3834753970503463
Hyaluronic acid,49,450,100,2.42,50,4.84,150,5,0.5,0.0056579579144519,0.005645385017334917
Hyaluronic acid,50,450,100,2.42,50,4.84,500,5,0.5,0.0222914300776673,0.022302325094144728
Hyaluronic acid,51,450,100,2.42,50,4.84,900,5,0.5,0.0413011125499135,0.04120606413755232
Hyaluronic acid,52,450,100,2.42,150,4.84,150,5,0.5,0.0626870053311905,0.06268700533119037
Hyaluronic acid,53,450,100,2.42,150,4.84,500,5,0.5,0.2123882548001295,0.2123882548001294
Hyaluronic acid,54,450,100,2.42,150,4.84,900,5,0.5,0.3834753970503453,0.3834753970503463
Hyaluronic acid,55,450,300,1.93,50,3.86,150,5,0.5,0.0056579579144519,0.005657957914451895
Hyaluronic acid,56,450,300,1.93,50,3.86,500,5,0.5,0.0222914300776673,0.022238625404133298
Hyaluronic acid,57,450,300,1.93,50,3.86,900,5,0.5,0.0413011125499135,0.041320723579572886
Hyaluronic acid,58,450,300,1.93,150,3.86,150,5,0.5,0.0626870053311905,0.06268700533119037
Hyaluronic acid,59,450,300,1.93,150,3.86,500,5,0.5,0.2123882548001295,0.2123882548001294
Hyaluronic acid,60,450,300,1.93,150,3.86,900,5,0.5,0.3834753970503453,0.38382839558421444
Hyaluronic acid,61,450,300,1.44,50,2.88,150,5,0.5,0.0056579579144519,0.005657957914451895
Hyaluronic acid,62,450,300,1.44,50,2.88,500,5,0.5,0.0222914300776673,0.022238625404133298
Hyaluronic acid,63,450,300,1.44,50,2.88,900,5,0.5,0.0413011125499135,0.041261288898765146
Hyaluronic acid,64,450,300,1.44,150,2.88,150,5,0.5,0.0626870053311905,0.06268700533119037
Hyaluronic acid,65,450,300,1.44,150,2.88,500,5,0.5,0.2123882548001295,0.21210912303491675
Hyaluronic acid,66,450,300,1.44,150,2.88,900,5,0.5,0.3834753970503453,0.3834753970503463
Hyaluronic acid,67,450,300,2.42,50,4.84,150,5,0.5,0.0056579579144519,0.005642116512391691
Hyaluronic acid,68,450,300,2.42,50,4.84,500,5,0.5,0.0222914300776673,0.02218582073059928
Hyaluronic acid,69,450,300,2.42,50,4.84,900,5,0.5,0.0413011125499135,0.04139195104267986
Hyaluronic acid,70,450,300,2.42,150,4.84,150,5,0.5,0.0626870053311905,0.06260850256155713
Hyaluronic acid,71,450,300,2.42,150,4.84,500,5,0.5,0.2123882548001295,0.21244721871162559
Hyaluronic acid,72,450,300,2.42,150,4.84,900,5,0.5,0.3834753970503453,0.3831169841900108
Hyaluronic acid,73,550,100,1.93,50,3.86,150,5,0.5,0.0072420981204724,0.007246092959847445
Hyaluronic acid,74,550,100,1.93,50,3.86,500,5,0.5,0.0275718974310691,0.027611845824819584
Hyaluronic acid,75,550,100,1.93,50,3.86,900,5,0.5,0.0508059537860366,0.050916978610528796
Hyaluronic acid,76,550,100,1.93,150,3.86,150,5,0.5,0.0769442671853752,0.0770161742941262
Hyaluronic acid,77,550,100,1.93,150,3.86,500,5,0.5,0.259912460980745,0.2600323061619959
Hyaluronic acid,78,550,100,1.93,150,3.86,900,5,0.5,0.4690189681754533,0.4694107192225424
Hyaluronic acid,79,550,100,1.44,50,2.88,150,5,0.5,0.0072420981204724,0.007242098120472392
Hyaluronic acid,80,550,100,1.44,50,2.88,500,5,0.5,0.0275718974310691,0.027585213562319234
Hyaluronic acid,81,550,100,1.44,50,2.88,900,5,0.5,0.0508059537860366,0.05104398868325972
Hyaluronic acid,82,550,100,1.44,150,2.88,150,5,0.5,0.0769442671853752,0.07698662122411032
Hyaluronic acid,83,550,100,1.44,150,2.88,500,5,0.5,0.259912460980745,0.25991246098074433
Hyaluronic acid,84,550,100,1.44,150,2.88,900,5,0.5,0.4690189681754533,0.4694504108279597
Hyaluronic acid,85,550,100,2.42,50,4.84,150,5,0.5,0.0072420981204724,0.0072507989641513405
Hyaluronic acid,86,550,100,2.42,50,4.84,500,5,0.5,0.0275718974310691,0.02757189743106906
Hyaluronic acid,87,550,100,2.42,50,4.84,900,5,0.5,0.0508059537860366,0.05084948168015755
Hyaluronic acid,88,550,100,2.42,150,4.84,150,5,0.5,0.0769442671853752,0.07698662122411032
Hyaluronic acid,89,550,100,2.42,150,4.84,500,5,0.5,0.259912460980745,0.25991246098074433
Hyaluronic acid,90,550,100,2.42,150,4.84,900,5,0.5,0.4690189681754533,0.4692346895017069
Hyaluronic acid,91,550,300,1.93,50,3.86,150,5,0.5,0.0072420981204724,0.007246804124776287
Hyaluronic acid,92,550,300,1.93,50,3.86,500,5,0.5,0.0275718974310691,0.02757189743106906
Hyaluronic acid,93,550,300,1.93,50,3.86,900,5,0.5,0.0508059537860366,0.05090100219839786
Hyaluronic acid,94,550,300,1.93,150,3.86,150,5,0.5,0.0769442671853752,0.07698662122411032
Hyaluronic acid,95,550,300,1.93,150,3.86,500,5,0.5,0.259912460980745,0.25991246098074433
Hyaluronic acid,96,550,300,1.93,150,3.86,900,5,0.5,0.4690189681754533,0.4690189681754541
Hyaluronic acid,97,550,300,1.44,50,2.88,150,5,0.5,0.0072420981204724,0.007246804124776287
Hyaluronic acid,98,550,300,1.44,50,2.88,500,5,0.5,0.0275718974310691,0.027596079594469573
Hyaluronic acid,99,550,300,1.44,50,2.88,900,5,0.5,0.0508059537860366,0.050805953786036626
Hyaluronic acid,100,550,300,1.44,150,2.88,150,5,0.5,0.0769442671853752,0.07694426718537527
Hyaluronic acid,101,550,300,1.44,150,2.88,500,5,0.5,0.259912460980745,0.25991246098074433
Hyaluronic acid,102,550,300,1.44,150,2.88,900,5,0.5,0.4690189681754533,0.4692346895017069
Hyaluronic acid,103,550,300,2.42,50,4.84,150,5,0.5,0.0072420981204724,0.007246092959847445
Hyaluronic acid,104,550,300,2.42,50,4.84,500,5,0.5,0.0275718974310691,0.027611845824819584
Hyaluronic acid,105,550,300,2.42,50,4.84,900,5,0.5,0.0508059537860366,0.050916978610528796
Hyaluronic acid,106,550,300,2.42,150,4.84,150,5,0.5,0.0769442671853752,0.0770161742941262
Hyaluronic acid,107,550,300,2.42,150,4.84,500,5,0.5,0.259912460980745,0.2600323061619959
Hyaluronic acid,108,550,300,2.42,150,4.84,900,5,0.5,0.4690189681754533,0.4694107192225424
Hyaluronic acid,109,650,100,1.93,50,3.86,150,5,0.5,0.0088262383264929,0.008840401847913525
Hyaluronic acid,110,650,100,1.93,50,3.86,500,5,0.5,0.0328523647844708,0.0328438762773421
Hyaluronic acid,111,650,100,1.93,50,3.86,900,5,0.5,0.0603107950221598,0.06017735228311985
Hyaluronic acid,112,650,100,1.93,150,3.86,150,5,0.5,0.0912015290395598,0.09119399232259225
Hyaluronic acid,113,650,100,1.93,150,3.86,500,5,0.5,0.3074366671613605,0.3077703656483644
Hyaluronic acid,114,650,100,1.93,150,3.86,900,5,0.5,0.5545625393005612,0.553824533159398
Hyaluronic acid,115,650,100,1.44,50,2.88,150,5,0.5,0.0088262383264929,0.008830959500299763
Hyaluronic acid,116,650,100,1.44,50,2.88,500,5,0.5,0.0328523647844708,0.032799560110936744
Hyaluronic acid,117,650,100,1.44,50,2.88,900,5,0.5,0.0603107950221598,0.06031079502215975
Hyaluronic acid,118,650,100,1.44,150,2.88,150,5,0.5,0.0912015290395598,0.09120152903955975
Hyaluronic acid,119,650,100,1.44,150,2.88,500,5,0.5,0.3074366671613605,0.3076938774448028
Hyaluronic acid,120,650,100,1.44,150,2.88,900,5,0.5,0.5545625393005612,0.5545625393005618
Hyaluronic acid,121,650,100,2.42,50,4.84,150,5,0.5,0.0088262383264929,0.008826238326492881
Hyaluronic acid,122,650,100,2.42,50,4.84,500,5,0.5,0.0328523647844708,0.032918021314520235
Hyaluronic acid,123,650,100,2.42,50,4.84,900,5,0.5,0.0603107950221598,0.0602440736526398
Hyaluronic acid,124,650,100,2.42,150,4.84,150,5,0.5,0.0912015290395598,0.09120152903955975
Hyaluronic acid,125,650,100,2.42,150,4.84,500,5,0.5,0.3074366671613605,0.30743666716136103
Hyaluronic acid,126,650,100,2.42,150,4.84,900,5,0.5,0.5545625393005612,0.5548628679388649
Hyaluronic acid,127,650,300,1.93,50,3.86,150,5,0.5,0.0088262383264929,0.008831799967942939
Hyaluronic acid,128,650,300,1.93,50,3.86,500,5,0.5,0.0328523647844708,0.03285236478447076
Hyaluronic acid,129,650,300,1.93,50,3.86,900,5,0.5,0.0603107950221598,0.060339122065001034
Hyaluronic acid,130,650,300,1.93,150,3.86,150,5,0.5,0.0912015290395598,0.09124401960382167
Hyaluronic acid,131,650,300,1.93,150,3.86,500,5,0.5,0.3074366671613605,0.30743666716136103
Hyaluronic acid,132,650,300,1.93,150,3.86,900,5,0.5,0.5545625393005612,0.5554181399627395
Hyaluronic acid,133,650,300,1.44,50,2.88,150,5,0.5,0.0088262383264929,0.008826238326492881
Hyaluronic acid,134,650,300,1.44,50,2.88,500,5,0.5,0.0328523647844708,0.03291521975570964
Hyaluronic acid,135,650,300,1.44,50,2.88,900,5,0.5,0.0603107950221598,0.06031079502215975
Hyaluronic acid,136,650,300,1.44,150,2.88,150,5,0.5,0.0912015290395598,0.09124401960382165
Hyaluronic acid,137,650,300,1.44,150,2.88,500,5,0.5,0.3074366671613605,0.30743666716136103
Hyaluronic acid,138,650,300,1.44,150,2.88,900,5,0.5,0.5545625393005612,0.5545625393005618
Hyaluronic acid,139,650,300,2.42,50,4.84,150,5,0.5,0.0088262383264929,0.008840401847913525
Hyaluronic acid,140,650,300,2.42,50,4.84,500,5,0.5,0.0328523647844708,0.0328438762773421
Hyaluronic acid,141,650,300,2.42,50,4.84,900,5,0.5,0.0603107950221598,0.06014902524027857
Hyaluronic acid,142,650,300,2.42,150,4.84,150,5,0.5,0.0912015290395598,0.09119399232259225
Hyaluronic acid,143,650,300,2.42,150,4.84,500,5,0.5,0.3074366671613605,0.3077703656483644
Hyaluronic acid,144,650,300,2.42,150,4.84,900,5,0.5,0.5545625393005612,0.5535695897738264
Ascorbic acid,1,350,100,1.93,50,3.86,150,5,0.5,0.0071461238759829,0.00716800850375657
Ascorbic acid,2,350,100,1.93,50,3.86,500,5,0.5,0.0272519832827706,0.027248713044539505
Ascorbic acid,3,350,100,1.93,50,3.86,900,5,0.5,0.0502301083190995,0.0502137452887386
Ascorbic acid,4,350,100,1.93,150,3.86,150,5,0.5,0.0760804989849694,0.076114739041744
Ascorbic acid,5,350,100,1.93,150,3.86,500,5,0.5,0.2570332336460591,0.2571656740453849
Ascorbic acid,6,350,100,1.93,150,3.86,900,5,0.5,0.4638363589730186,0.4630977387046187
Ascorbic acid,7,350,100,1.44,50,2.88,150,5,0.5,0.0071461238759829,0.0071397753351583005
Ascorbic acid,8,350,100,1.44,50,2.88,500,5,0.5,0.0272519832827706,0.027248713044539505
Ascorbic acid,9,350,100,1.44,50,2.88,900,5,0.5,0.0502301083190995,0.05019201707415188
Ascorbic acid,10,350,100,1.44,150,2.88,150,5,0.5,0.0760804989849694,0.07606283969852144
Ascorbic acid,11,350,100,1.44,150,2.88,500,5,0.5,0.2570332336460591,0.2570038015019791
Ascorbic acid,12,350,100,1.44,150,2.88,900,5,0.5,0.4638363589730186,0.46383635897301895
Ascorbic acid,13,350,100,2.42,50,4.84,150,5,0.5,0.0071461238759829,0.007146123875982901
Ascorbic acid,14,350,100,2.42,50,4.84,500,5,0.5,0.0272519832827706,0.027248713044539505
Ascorbic acid,15,350,100,2.42,50,4.84,900,5,0.5,0.0502301083190995,0.05023010831909947
Ascorbic acid,16,350,100,2.42,150,4.84,150,5,0.5,0.0760804989849694,0.07602336211754787
Ascorbic acid,17,350,100,2.42,150,4.84,500,5,0.5,0.2570332336460591,0.25703323364605885
Ascorbic acid,18,350,100,2.42,150,4.84,900,5,0.5,0.4638363589730186,0.4637833811136754
Ascorbic acid,19,350,300,1.93,50,3.86,150,5,0.5,0.0071461238759829,0.007145142804513577
Ascorbic acid,20,350,300,1.93,50,3.86,500,5,0.5,0.0272519832827706,0.02725198328277058
Ascorbic acid,21,350,300,1.93,50,3.86,900,5,0.5,0.0502301083190995,0.05022422189028353
Ascorbic acid,22,350,300,1.93,150,3.86,150,5,0.5,0.0760804989849694,0.0761718759091654
Ascorbic acid,23,350,300,1.93,150,3.86,500,5,0.5,0.2570332336460591,0.25681334527724115
Ascorbic acid,24,350,300,1.93,150,3.86,900,5,0.5,0.4638363589730186,0.4637304032543319
Ascorbic acid,25,350,300,1.44,50,2.88,150,5,0.5,0.0071461238759829,0.007145142804513577
Ascorbic acid,26,350,300,1.44,50,2.88,500,5,0.5,0.0272519832827706,0.02728909682625949
Ascorbic acid,27,350,300,1.44,50,2.88,900,5,0.5,0.0502301083190995,0.050186130645335926
Ascorbic acid,28,350,300,1.44,150,2.88,150,5,0.5,0.0760804989849694,0.07602336211754787
Ascorbic acid,29,350,300,1.44,150,2.88,500,5,0.5,0.2570332336460591,0.25700380150197916
Ascorbic acid,30,350,300,1.44,150,2.88,900,5,0.5,0.4638363589730186,0.46383635897301895
Ascorbic acid,31,350,300,2.42,50,4.84,150,5,0.5,0.0071461238759829,0.007168989575225894
Ascorbic acid,32,350,300,2.42,50,4.84,500,5,0.5,0.0272519832827706,0.02724544280630842
Ascorbic acid,33,350,300,2.42,50,4.84,900,5,0.5,0.0502301083190995,0.050207858859922655
Ascorbic acid,34,350,300,2.42,150,4.84,150,5,0.5,0.0760804989849694,0.0761235686849679
Ascorbic acid,35,350,300,2.42,150,4.84,500,5,0.5,0.2570332336460591,0.25713624190130513
Ascorbic acid,36,350,300,2.42,150,4.84,900,5,0.5,0.4638363589730186,0.4630977387046187
Ascorbic acid,37,450,100,1.93,50,3.86,150,5,0.5,0.009608065844161,0.009606804466557569
Ascorbic acid,38,450,100,1.93,50,3.86,500,5,0.5,0.0354584565100309,0.03537175616482025
Ascorbic acid,39,450,100,1.93,50,3.86,900,5,0.5,0.065001760128168,0.06524238419777163
Ascorbic acid,40,450,100,1.93,150,3.86,150,5,0.5,0.0982379766985722,0.09822773755901068
Ascorbic acid,41,450,100,1.93,150,3.86,500,5,0.5,0.3308914926914018,0.3308914926914025
Ascorbic acid,42,450,100,1.93,150,3.86,900,5,0.5,0.5967812252546356,0.5972911946573279
Ascorbic acid,43,450,100,1.44,50,2.88,150,5,0.5,0.009608065844161,0.009608065844160985
Ascorbic acid,44,450,100,1.44,50,2.88,500,5,0.5,0.0354584565100309,0.035458456510030885
Ascorbic acid,45,450,100,1.44,50,2.88,900,5,0.5,0.065001760128168,0.06500176012816804
Ascorbic acid,46,450,100,1.44,150,2.88,150,5,0.5,0.0982379766985722,0.09819256710484905
Ascorbic acid,47,450,100,1.44,150,2.88,500,5,0.5,0.3308914926914018,0.33085365136329997
Ascorbic acid,48,450,100,1.44,150,2.88,900,5,0.5,0.5967812252546356,0.596713110864052
Ascorbic acid,49,450,100,2.42,50,4.84,150,5,0.5,0.009608065844161,0.009606804466557569
Ascorbic acid,50,450,100,2.42,50,4.84,500,5,0.5,0.0354584565100309,0.03545425191801949
Ascorbic acid,51,450,100,2.42,50,4.84,900,5,0.5,0.065001760128168,0.06494364842236844
Ascorbic acid,52,450,100,2.42,150,4.84,150,5,0.5,0.0982379766985722,0.09831161920058991
Ascorbic acid,53,450,100,2.42,150,4.84,500,5,0.5,0.3308914926914018,0.3308914926914025
Ascorbic acid,54,450,100,2.42,150,4.84,900,5,0.5,0.5967812252546356,0.5963263342930246
Ascorbic acid,55,450,300,1.93,50,3.86,150,5,0.5,0.009608065844161,0.009606804466557569
Ascorbic acid,56,450,300,1.93,50,3.86,500,5,0.5,0.0354584565100309,0.035458456510030885
Ascorbic acid,57,450,300,1.93,50,3.86,900,5,0.5,0.065001760128168,0.06508765147167093
Ascorbic acid,58,450,300,1.93,150,3.86,150,5,0.5,0.0982379766985722,0.09816451501188743
Ascorbic acid,59,450,300,1.93,150,3.86,500,5,0.5,0.3308914926914018,0.33128310808081446
Ascorbic acid,60,450,300,1.93,150,3.86,900,5,0.5,0.5967812252546356,0.596713110864052
Ascorbic acid,61,450,300,1.44,50,2.88,150,5,0.5,0.009608065844161,0.009608065844160985
Ascorbic acid,62,450,300,1.44,50,2.88,500,5,0.5,0.0354584565100309,0.035458456510030885
Ascorbic acid,63,450,300,1.44,50,2.88,900,5,0.5,0.065001760128168,0.06499419186254754
Ascorbic acid,64,450,300,1.44,150,2.88,150,5,0.5,0.0982379766985722,0.09816451501188743
Ascorbic acid,65,450,300,1.44,150,2.88,500,5,0.5,0.3308914926914018,0.3308914926914025
Ascorbic acid,66,450,300,1.44,150,2.88,900,5,0.5,0.5967812252546356,0.596713110864052
Ascorbic acid,67,450,300,2.42,50,4.84,150,5,0.5,0.009608065844161,0.009608065844160985
Ascorbic acid,68,450,300,2.42,50,4.84,500,5,0.5,0.0354584565100309,0.03537596075683164
Ascorbic acid,69,450,300,2.42,50,4.84,900,5,0.5,0.065001760128168,0.06524238419777163
Ascorbic acid,70,450,300,2.42,150,4.84,150,5,0.5,0.0982379766985722,0.09822773755901068
Ascorbic acid,71,450,300,2.42,150,4.84,500,5,0.5,0.3308914926914018,0.33077796870709497
Ascorbic acid,72,450,300,2.42,150,4.84,900,5,0.5,0.5967812252546356,0.5972230802667434
Ascorbic acid,73,550,100,1.93,50,3.86,150,5,0.5,0.0120700078123391,0.01210500058191435
Ascorbic acid,74,550,100,1.93,50,3.86,500,5,0.5,0.0436649297372912,0.043698265849315805
Ascorbic acid,75,550,100,1.93,50,3.86,900,5,0.5,0.0797734119372366,0.07987839024596238
Ascorbic acid,76,550,100,1.93,150,3.86,150,5,0.5,0.1203954544121751,0.12094871159105523
Ascorbic acid,77,550,100,1.93,150,3.86,500,5,0.5,0.4047497517367445,0.4047497517367446
Ascorbic acid,78,550,100,1.93,150,3.86,900,5,0.5,0.7297260915362525,0.7310357416190453
Ascorbic acid,79,550,100,1.44,50,2.88,150,5,0.5,0.0120700078123391,0.012098885642862624
Ascorbic acid,80,550,100,1.44,50,2.88,500,5,0.5,0.0436649297372912,0.04359735585595439
Ascorbic acid,81,550,100,1.44,50,2.88,900,5,0.5,0.0797734119372366,0.07976416183481157
Ascorbic acid,82,550,100,1.44,150,2.88,150,5,0.5,0.1203954544121751,0.1206400529100163
Ascorbic acid,83,550,100,1.44,150,2.88,500,5,0.5,0.4047497517367445,0.4047497517367446
Ascorbic acid,84,550,100,1.44,150,2.88,900,5,0.5,0.7297260915362525,0.7300333905711206
Ascorbic acid,85,550,100,2.42,50,4.84,150,5,0.5,0.0120700078123391,0.012093194919994674
Ascorbic acid,86,550,100,2.42,50,4.84,500,5,0.5,0.0436649297372912,0.04372325101991669
Ascorbic acid,87,550,100,2.42,50,4.84,900,5,0.5,0.0797734119372366,0.07977341193723662
Ascorbic acid,88,550,100,2.42,150,4.84,150,5,0.5,0.1203954544121751,0.12036770410490005
Ascorbic acid,89,550,100,2.42,150,4.84,500,5,0.5,0.4047497517367445,0.4047497517367446
Ascorbic acid,90,550,100,2.42,150,4.84,900,5,0.5,0.7297260915362525,0.7320501214808721
Ascorbic acid,91,550,300,1.93,50,3.86,150,5,0.5,0.0120700078123391,0.012070007812339096
Ascorbic acid,92,550,300,1.93,50,3.86,500,5,0.5,0.0436649297372912,0.04373665905656969
Ascorbic acid,93,550,300,1.93,50,3.86,900,5,0.5,0.0797734119372366,0.07976416183481157
Ascorbic acid,94,550,300,1.93,150,3.86,150,5,0.5,0.1203954544121751,0.12039545441217521
Ascorbic acid,95,550,300,1.93,150,3.86,500,5,0.5,0.4047497517367445,0.4040953362925873
Ascorbic acid,96,550,300,1.93,150,3.86,900,5,0.5,0.7297260915362525,0.7297260915362513
Ascorbic acid,97,550,300,1.44,50,2.88,150,5,0.5,0.0120700078123391,0.012070007812339096
Ascorbic acid,98,550,300,1.44,50,2.88,500,5,0.5,0.0436649297372912,0.04368389881351778
Ascorbic acid,99,550,300,1.44,50,2.88,900,5,0.5,0.0797734119372366,0.07990252471193778
Ascorbic acid,100,550,300,1.44,150,2.88,150,5,0.5,0.1203954544121751,0.12039545441217524
Ascorbic acid,101,550,300,1.44,150,2.88,500,5,0.5,0.4047497517367445,0.4047035012246193
Ascorbic acid,102,550,300,1.44,150,2.88,900,5,0.5,0.7297260915362525,0.7291873725005638
Ascorbic acid,103,550,300,2.42,50,4.84,150,5,0.5,0.0120700078123391,0.01210500058191435
Ascorbic acid,104,550,300,2.42,50,4.84,500,5,0.5,0.0436649297372912,0.0437172349255423
Ascorbic acid,105,550,300,2.42,50,4.84,900,5,0.5,0.0797734119372366,0.07987839024596238
Ascorbic acid,106,550,300,2.42,150,4.84,150,5,0.5,0.1203954544121751,0.12094871159105523
Ascorbic acid,107,550,300,2.42,150,4.84,500,5,0.5,0.4047497517367445,0.40465725071249403
Ascorbic acid,108,550,300,2.42,150,4.84,900,5,0.5,0.7297260915362525,0.7307284425841759
Ascorbic acid,109,650,100,1.93,50,3.86,150,5,0.5,0.0145319497805172,0.014540124967764505
Ascorbic acid,110,650,100,1.93,50,3.86,500,5,0.5,0.0518714029645515,0.05186532966497946
Ascorbic acid,111,650,100,1.93,50,3.86,900,5,0.5,0.0945450637463051,0.09468671963172225
Ascorbic acid,112,650,100,1.93,150,3.86,150,5,0.5,0.1425529321257779,0.14282900463077086
Ascorbic acid,113,650,100,1.93,150,3.86,500,5,0.5,0.4786080107820872,0.47896258579180295
Ascorbic acid,114,650,100,1.93,150,3.86,900,5,0.5,0.8626709578178694,0.8620342898666021
Ascorbic acid,115,650,100,1.44,50,2.88,150,5,0.5,0.0145319497805172,0.014526885033024543
Ascorbic acid,116,650,100,1.44,50,2.88,500,5,0.5,0.0518714029645515,0.05188280772721018
Ascorbic acid,117,650,100,1.44,50,2.88,900,5,0.5,0.0945450637463051,0.09453413180707544
Ascorbic acid,118,650,100,1.44,150,2.88,150,5,0.5,0.1425529321257779,0.14232431156651099
Ascorbic acid,119,650,100,1.44,150,2.88,500,5,0.5,0.4786080107820872,0.4785533510859395
Ascorbic acid,120,650,100,1.44,150,2.88,900,5,0.5,0.8626709578178694,0.8613772251442738
Ascorbic acid,121,650,100,2.42,50,4.84,150,5,0.5,0.0145319497805172,0.014531949780517197
Ascorbic acid,122,650,100,2.42,50,4.84,500,5,0.5,0.0518714029645515,0.05187140296455147
Ascorbic acid,123,650,100,2.42,50,4.84,900,5,0.5,0.0945450637463051,0.09453413180707543
Ascorbic acid,124,650,100,2.42,150,4.84,150,5,0.5,0.1425529321257779,0.14244682080056656
Ascorbic acid,125,650,100,2.42,150,4.84,500,5,0.5,0.4786080107820872,0.4786080107820876
Ascorbic acid,126,650,100,2.42,150,4.84,900,5,0.5,0.8626709578178694,0.8624741829117362
Ascorbic acid,127,650,300,1.93,50,3.86,150,5,0.5,0.0145319497805172,0.014530127790645593
Ascorbic acid,128,650,300,1.93,50,3.86,500,5,0.5,0.0518714029645515,0.05187140296455147
Ascorbic acid,129,650,300,1.93,50,3.86,900,5,0.5,0.0945450637463051,0.09454506374630504
Ascorbic acid,130,650,300,1.93,150,3.86,150,5,0.5,0.1425529321257779,0.14244682080056656
Ascorbic acid,131,650,300,1.93,150,3.86,500,5,0.5,0.4786080107820872,0.47844403169364336
Ascorbic acid,132,650,300,1.93,150,3.86,900,5,0.5,0.8626709578178694,0.8626709578178692
Ascorbic acid,133,650,300,1.44,50,2.88,150,5,0.5,0.0145319497805172,0.014518337643399907
Ascorbic acid,134,650,300,1.44,50,2.88,500,5,0.5,0.0518714029645515,0.05189382096372824
Ascorbic acid,135,650,300,1.44,50,2.88,900,5,0.5,0.0945450637463051,0.09454506374630504
Ascorbic acid,136,650,300,1.44,150,2.88,150,5,0.5,0.1425529321257779,0.14255293212577771
Ascorbic acid,137,650,300,1.44,150,2.88,500,5,0.5,0.4786080107820872,0.478254306364717
Ascorbic acid,138,650,300,1.44,150,2.88,900,5,0.5,0.8626709578178694,0.8626709578178692
Ascorbic acid,139,650,300,2.42,50,4.84,150,5,0.5,0.0145319497805172,0.014555397757142173
Ascorbic acid,140,650,300,2.42,50,4.84,500,5,0.5,0.0518714029645515,0.05187140296455147
Ascorbic acid,141,650,300,2.42,50,4.84,900,5,0.5,0.0945450637463051,0.09468671963172225
Ascorbic acid,142,650,300,2.42,150,4.84,150,5,0.5,0.1425529321257779,0.1428290046307709
Ascorbic acid,143,650,300,2.42,150,4.84,500,5,0.5,0.4786080107820872,0.47896258579180295
Ascorbic acid,144,650,300,2.42,150,4.84,900,5,0.5,0.8626709578178694,0.8622006865471329
Lecithin,1,350,100,1.93,50,3.86,150,5,0.5,0.002682566203875,0.0027320779122049833
Lecithin,2,350,100,1.93,50,3.86,500,5,0.5,0.0123734577090777,0.012521056761238006
Lecithin,3,350,100,1.93,50,3.86,900,5,0.5,0.0234487622864522,0.023844560649773833
Lecithin,4,350,100,1.93,150,3.86,150,5,0.5,0.0359084799359986,0.036122075095705065
Lecithin,5,350,100,1.93,150,3.86,500,5,0.5,0.1231265034828229,0.1252282623364765
Lecithin,6,350,100,1.93,150,3.86,900,5,0.5,0.2228042446791936,0.2271177057615488
Lecithin,7,350,100,1.44,50,2.88,150,5,0.5,0.002682566203875,0.0027062989993979466
Lecithin,8,350,100,1.44,50,2.88,500,5,0.5,0.0123734577090777,0.01249212168669244
Lecithin,9,350,100,1.44,50,2.88,900,5,0.5,0.0234487622864522,0.02387595260586519
Lecithin,10,350,100,1.44,150,2.88,150,5,0.5,0.0359084799359986,0.036502177480981036
Lecithin,11,350,100,1.44,150,2.88,500,5,0.5,0.1231265034828229,0.12455047121419945
Lecithin,12,350,100,1.44,150,2.88,900,5,0.5,0.2228042446791936,0.22561515413662792
Lecithin,13,350,100,2.42,50,4.84,150,5,0.5,0.002682566203875,0.0027062989993979466
Lecithin,14,350,100,2.42,50,4.84,500,5,0.5,0.0123734577090777,0.012508924511011306
Lecithin,15,350,100,2.42,50,4.84,900,5,0.5,0.0234487622864522,0.02355020575679497
Lecithin,16,350,100,2.42,150,4.84,150,5,0.5,0.0359084799359986,0.03601527751585181
Lecithin,17,350,100,2.42,150,4.84,500,5,0.5,0.1231265034828229,0.12354387893418965
Lecithin,18,350,100,2.42,150,4.84,900,5,0.5,0.2228042446791936,0.22558836726235343
Lecithin,19,350,300,1.93,50,3.86,150,5,0.5,0.002682566203875,0.0026825662038749997
Lecithin,20,350,300,1.93,50,3.86,500,5,0.5,0.0123734577090777,0.012373457709077712
Lecithin,21,350,300,1.93,50,3.86,900,5,0.5,0.0234487622864522,0.023692602529932646
Lecithin,22,350,300,1.93,150,3.86,150,5,0.5,0.0359084799359986,0.03635408531096839
Lecithin,23,350,300,1.93,150,3.86,500,5,0.5,0.1231265034828229,0.12389987086703382
Lecithin,24,350,300,1.93,150,3.86,900,5,0.5,0.2228042446791936,0.2253673865956716
Lecithin,25,350,300,1.44,50,2.88,150,5,0.5,0.002682566203875,0.0027202115144435096
Lecithin,26,350,300,1.44,50,2.88,500,5,0.5,0.0123734577090777,0.01241301236828262
Lecithin,27,350,300,1.44,50,2.88,900,5,0.5,0.0234487622864522,0.02362140414336381
Lecithin,28,350,300,1.44,150,2.88,150,5,0.5,0.0359084799359986,0.036288582321274535
Lecithin,29,350,300,1.44,150,2.88,500,5,0.5,0.1231265034828229,0.124255862799878
Lecithin,30,350,300,1.44,150,2.88,900,5,0.5,0.2228042446791936,0.22483709144989297
Lecithin,31,350,300,2.42,50,4.84,150,5,0.5,0.002682566203875,0.0027320779122049833
Lecithin,32,350,300,2.42,50,4.84,500,5,0.5,0.0123734577090777,0.012471192546980411
Lecithin,33,350,300,2.42,50,4.84,900,5,0.5,0.0234487622864522,0.023844560649773833
Lecithin,34,350,300,2.42,150,4.84,150,5,0.5,0.0359084799359986,0.03601527751585181
Lecithin,35,350,300,2.42,150,4.84,500,5,0.5,0.1231265034828229,0.12522826233647646
Lecithin,36,350,300,2.42,150,4.84,900,5,0.5,0.2228042446791936,0.22714214397455812
Lecithin,37,450,100,1.93,50,3.86,150,5,0.5,0.0038692059800223,0.0038072972199795054
Lecithin,38,450,100,1.93,50,3.86,500,5,0.5,0.0163289236295686,0.016170704992748933
Lecithin,39,450,100,1.93,50,3.86,900,5,0.5,0.0305686009433359,0.03007021223735399
Lecithin,40,450,100,1.93,150,3.86,150,5,0.5,0.046588237921324,0.046161047601910955
Lecithin,41,450,100,1.93,150,3.86,500,5,0.5,0.158725696767241,0.156233753237332
Lecithin,42,450,100,1.93,150,3.86,900,5,0.5,0.2868827925911462,0.28431965067466847
Lecithin,43,450,100,1.44,50,2.88,150,5,0.5,0.0038692059800223,0.003845473184499345
Lecithin,44,450,100,1.44,50,2.88,500,5,0.5,0.0163289236295686,0.016289368970363663
Lecithin,45,450,100,1.44,50,2.88,900,5,0.5,0.0305686009433359,0.03042620417019816
Lecithin,46,450,100,1.44,150,2.88,150,5,0.5,0.046588237921324,0.04648144034147071
Lecithin,47,450,100,1.44,150,2.88,500,5,0.5,0.158725696767241,0.15872569676724127
Lecithin,48,450,100,1.44,150,2.88,900,5,0.5,0.2868827925911462,0.28496043615378797
Lecithin,49,450,100,2.42,50,4.84,150,5,0.5,0.0038692059800223,0.003834715843115326
Lecithin,50,450,100,2.42,50,4.84,500,5,0.5,0.0163289236295686,0.016249814311158753
Lecithin,51,450,100,2.42,50,4.84,900,5,0.5,0.0305686009433359,0.03021926334875637
Lecithin,52,450,100,2.42,150,4.84,150,5,0.5,0.046588237921324,0.04648144034147072
Lecithin,53,450,100,2.42,150,4.84,500,5,0.5,0.158725696767241,0.15836970483439708
Lecithin,54,450,100,2.42,150,4.84,900,5,0.5,0.2868827925911462,0.2836788651955489
Lecithin,55,450,300,1.93,50,3.86,150,5,0.5,0.0038692059800223,0.003845473184499345
Lecithin,56,450,300,1.93,50,3.86,500,5,0.5,0.0163289236295686,0.016289368970363663
Lecithin,57,450,300,1.93,50,3.86,900,5,0.5,0.0305686009433359,0.030426204170198156
Lecithin,58,450,300,1.93,150,3.86,150,5,0.5,0.046588237921324,0.04637464276161747
Lecithin,59,450,300,1.93,150,3.86,500,5,0.5,0.158725696767241,0.15836970483439708
Lecithin,60,450,300,1.93,150,3.86,900,5,0.5,0.2868827925911462,0.2878487186357386
Lecithin,61,450,300,1.44,50,2.88,150,5,0.5,0.0038692059800223,0.003842896413263921
Lecithin,62,450,300,1.44,50,2.88,500,5,0.5,0.0163289236295686,0.016249814311158753
Lecithin,63,450,300,1.44,50,2.88,900,5,0.5,0.0305686009433359,0.030355005783629322
Lecithin,64,450,300,1.44,150,2.88,150,5,0.5,0.046588237921324,0.04616104760191095
Lecithin,65,450,300,1.44,150,2.88,500,5,0.5,0.158725696767241,0.1580137129015529
Lecithin,66,450,300,1.44,150,2.88,900,5,0.5,0.2868827925911462,0.2843196506746684
Lecithin,67,450,300,2.42,50,4.84,150,5,0.5,0.0038692059800223,0.0038191636177409773
Lecithin,68,450,300,2.42,50,4.84,500,5,0.5,0.0163289236295686,0.016170704992748933
Lecithin,69,450,300,2.42,50,4.84,900,5,0.5,0.0305686009433359,0.03007021223735399
Lecithin,70,450,300,2.42,150,4.84,150,5,0.5,0.046588237921324,0.04605425002205771
Lecithin,71,450,300,2.42,150,4.84,500,5,0.5,0.158725696767241,0.1558777613044878
Lecithin,72,450,300,2.42,150,4.84,900,5,0.5,0.2868827925911462,0.28431965067466847
Lecithin,73,550,100,1.93,50,3.86,150,5,0.5,0.0050558457561696,0.0051251738708585045
Lecithin,74,550,100,1.93,50,3.86,500,5,0.5,0.0202843895500595,0.020521717505288962
Lecithin,75,550,100,1.93,50,3.86,900,5,0.5,0.0376884396002195,0.03783083637335718
Lecithin,76,550,100,1.93,150,3.86,150,5,0.5,0.0572679959066494,0.058017867626159104
Lecithin,77,550,100,1.93,150,3.86,500,5,0.5,0.1943248900516591,0.19718045438286932
Lecithin,78,550,100,1.93,150,3.86,900,5,0.5,0.3509613405030988,0.3562407538869493
Lecithin,79,550,100,1.44,50,2.88,150,5,0.5,0.0050558457561696,0.00514890666638145
Lecithin,80,550,100,1.44,50,2.88,500,5,0.5,0.0202843895500595,0.02040305352767423
Lecithin,81,550,100,1.44,50,2.88,900,5,0.5,0.0376884396002195,0.03831800344805954
Lecithin,82,550,100,1.44,150,2.88,150,5,0.5,0.0572679959066494,0.05851590197104991
Lecithin,83,550,100,1.44,150,2.88,500,5,0.5,0.1943248900516591,0.19771648491090857
Lecithin,84,550,100,1.44,150,2.88,900,5,0.5,0.3509613405030988,0.3540642732171804
Lecithin,85,550,100,2.42,50,4.84,150,5,0.5,0.0050558457561696,0.005127044142738422
Lecithin,86,550,100,2.42,50,4.84,500,5,0.5,0.0202843895500595,0.02036349886846933
Lecithin,87,550,100,2.42,50,4.84,900,5,0.5,0.0376884396002195,0.03783083637335718
Lecithin,88,550,100,2.42,150,4.84,150,5,0.5,0.0572679959066494,0.057400315078318415
Lecithin,89,550,100,2.42,150,4.84,500,5,0.5,0.1943248900516591,0.19646084164872438
Lecithin,90,550,100,2.42,150,4.84,900,5,0.5,0.3509613405030988,0.3522429114613373
Lecithin,91,550,300,1.93,50,3.86,150,5,0.5,0.0050558457561696,0.0051270441427384225
Lecithin,92,550,300,1.93,50,3.86,500,5,0.5,0.0202843895500595,0.020396819288074512
Lecithin,93,550,300,1.93,50,3.86,900,5,0.5,0.0376884396002195,0.037759637986788344
Lecithin,94,550,300,1.93,150,3.86,150,5,0.5,0.0572679959066494,0.05771430733351859
Lecithin,95,550,300,1.93,150,3.86,500,5,0.5,0.1943248900516591,0.1983258732856646
Lecithin,96,550,300,1.93,150,3.86,900,5,0.5,0.3509613405030988,0.3527827022589413
Lecithin,97,550,300,1.44,50,2.88,150,5,0.5,0.0050558457561696,0.005067712153931061
Lecithin,98,550,300,1.44,50,2.88,500,5,0.5,0.0202843895500595,0.02036349886846933
Lecithin,99,550,300,1.44,50,2.88,900,5,0.5,0.0376884396002195,0.037759637986788344
Lecithin,100,550,300,1.44,150,2.88,150,5,0.5,0.0572679959066494,0.05748159106635586
Lecithin,101,550,300,1.44,150,2.88,500,5,0.5,0.1943248900516591,0.19569274962663855
Lecithin,102,550,300,1.44,150,2.88,900,5,0.5,0.3509613405030988,0.3535244824195764
Lecithin,103,550,300,2.42,50,4.84,150,5,0.5,0.0050558457561696,0.00514890666638145
Lecithin,104,550,300,2.42,50,4.84,500,5,0.5,0.0202843895500595,0.02056127216449387
Lecithin,105,550,300,2.42,50,4.84,900,5,0.5,0.0376884396002195,0.03783083637335718
Lecithin,106,550,300,2.42,150,4.84,150,5,0.5,0.0572679959066494,0.058017867626159104
Lecithin,107,550,300,2.42,150,4.84,500,5,0.5,0.1943248900516591,0.19718045438286932
Lecithin,108,550,300,2.42,150,4.84,900,5,0.5,0.3509613405030988,0.3555999684078297
Lecithin,109,650,100,1.93,50,3.86,150,5,0.5,0.0062424855323168,0.006147554350225023
Lecithin,110,650,100,1.93,50,3.86,500,5,0.5,0.0242398554705504,0.024002527515320927
Lecithin,111,650,100,1.93,50,3.86,900,5,0.5,0.0448082782571031,0.04445228632425903
Lecithin,112,650,100,1.93,150,3.86,150,5,0.5,0.0679477538919749,0.06720017083300206
Lecithin,113,650,100,1.93,150,3.86,500,5,0.5,0.2299240833360772,0.22873010682076667
Lecithin,114,650,100,1.93,150,3.86,900,5,0.5,0.4150398884150514,0.4137583174568127
Lecithin,115,650,100,1.44,50,2.88,150,5,0.5,0.0062424855323168,0.006171287145747967
Lecithin,116,650,100,1.44,50,2.88,500,5,0.5,0.0242398554705504,0.024121191492935658
Lecithin,117,650,100,1.44,50,2.88,900,5,0.5,0.0448082782571031,0.044594683097396705
Lecithin,118,650,100,1.44,150,2.88,150,5,0.5,0.0679477538919749,0.06784095631212159
Lecithin,119,650,100,1.44,150,2.88,500,5,0.5,0.2299240833360772,0.22814412367185635
Lecithin,120,650,100,1.44,150,2.88,900,5,0.5,0.4150398884150514,0.4137583174568127
Lecithin,121,650,100,2.42,50,4.84,150,5,0.5,0.0062424855323168,0.0061950199412709114
Lecithin,122,650,100,2.42,50,4.84,500,5,0.5,0.0242398554705504,0.02420030081134547
Lecithin,123,650,100,2.42,50,4.84,900,5,0.5,0.0448082782571031,0.04473707987053438
Lecithin,124,650,100,2.42,150,4.84,150,5,0.5,0.0679477538919749,0.06762736115241508
Lecithin,125,650,100,2.42,150,4.84,500,5,0.5,0.2299240833360772,0.22707614787332386
Lecithin,126,650,100,2.42,150,4.84,900,5,0.5,0.4150398884150514,0.41311753197769313
Lecithin,127,650,300,1.93,50,3.86,150,5,0.5,0.0062424855323168,0.006230619134555328
Lecithin,128,650,300,1.93,50,3.86,500,5,0.5,0.0242398554705504,0.02416074615214056
Lecithin,129,650,300,1.93,50,3.86,900,5,0.5,0.0448082782571031,0.04473707987053438
Lecithin,130,650,300,1.93,150,3.86,150,5,0.5,0.0679477538919749,0.06784095631212159
Lecithin,131,650,300,1.93,150,3.86,500,5,0.5,0.2299240833360772,0.2292120994703888
Lecithin,132,650,300,1.93,150,3.86,900,5,0.5,0.4150398884150514,0.4137583174568127
Lecithin,133,650,300,1.44,50,2.88,150,5,0.5,0.0062424855323168,0.0061594207479864944
Lecithin,134,650,300,1.44,50,2.88,500,5,0.5,0.0242398554705504,0.024042082174525838
Lecithin,135,650,300,1.44,50,2.88,900,5,0.5,0.0448082782571031,0.04473707987053438
Lecithin,136,650,300,1.44,150,2.88,150,5,0.5,0.0679477538919749,0.06728578695247779
Lecithin,137,650,300,1.44,150,2.88,500,5,0.5,0.2299240833360772,0.22873010682076667
Lecithin,138,650,300,1.44,150,2.88,900,5,0.5,0.4150398884150514,0.4124767464985736
Lecithin,139,650,300,2.42,50,4.84,150,5,0.5,0.0062424855323168,0.006123821554702079
Lecithin,140,650,300,2.42,50,4.84,500,5,0.5,0.0242398554705504,0.024002527515320927
Lecithin,141,650,300,2.42,50,4.84,900,5,0.5,0.0448082782571031,0.044238691164552514
Lecithin,142,650,300,2.42,150,4.84,150,5,0.5,0.0679477538919749,0.0668797780934423
Lecithin,143,650,300,2.42,150,4.84,500,5,0.5,0.2299240833360772,0.22837411488792253
Lecithin,144,650,300,2.42,150,4.84,900,5,0.5,0.4150398884150514,0.4124767464985736
EGF,1,350,100,1.93,50,3.86,150,5,0.5,0.0,2.5211537359548002e-05
EGF,2,350,100,1.93,50,3.86,500,5,0.5,0.0034315703628275,0.003563008465222584
EGF,3,350,100,1.93,50,3.86,900,5,0.5,0.0073533650632018,0.007580268899437745
EGF,4,350,100,1.93,150,3.86,150,5,0.5,0.0117653841011229,0.01195447063131953
EGF,5,350,100,1.93,150,3.86,500,5,0.5,0.0426495173665706,0.04378403654775024
EGF,6,350,100,1.93,150,3.86,900,5,0.5,0.0779456696699394,0.07885328501488326
EGF,7,350,100,1.44,50,2.88,150,5,0.5,0.0,2.100961446629e-05
EGF,8,350,100,1.44,50,2.88,500,5,0.5,0.0034315703628275,0.003473589591760083
EGF,9,350,100,1.44,50,2.88,900,5,0.5,0.0073533650632018,0.007403788137920903
EGF,10,350,100,1.44,150,2.88,150,5,0.5,0.0117653841011229,0.012169845000921069
EGF,11,350,100,1.44,150,2.88,500,5,0.5,0.0426495173665706,0.04327980580055927
EGF,12,350,100,1.44,150,2.88,900,5,0.5,0.0779456696699394,0.08030187076497582
EGF,13,350,100,2.42,50,4.84,150,5,0.5,0.0,1.2605768679773998e-05
EGF,14,350,100,2.42,50,4.84,500,5,0.5,0.0034315703628275,0.0034315703628275004
EGF,15,350,100,2.42,50,4.84,900,5,0.5,0.0073533650632018,0.007428999675280451
EGF,16,350,100,2.42,150,4.84,150,5,0.5,0.0117653841011229,0.011803201407162239
EGF,17,350,100,2.42,150,4.84,500,5,0.5,0.0426495173665706,0.04290163274016603
EGF,18,350,100,2.42,150,4.84,900,5,0.5,0.0779456696699394,0.07885328501488326
EGF,19,350,300,1.93,50,3.86,150,5,0.5,0.0,0.0
EGF,20,350,300,1.93,50,3.86,500,5,0.5,0.0034315703628275,0.003487596001404277
EGF,21,350,300,1.93,50,3.86,900,5,0.5,0.0073533650632018,0.007428999675280451
EGF,22,350,300,1.93,150,3.86,150,5,0.5,0.0117653841011229,0.012158084283628965
EGF,23,350,300,1.93,150,3.86,500,5,0.5,0.0426495173665706,0.04290163274016603
EGF,24,350,300,1.93,150,3.86,900,5,0.5,0.0779456696699394,0.07885328501488324
EGF,25,350,300,1.44,50,2.88,150,5,0.5,0.0,1.6807691573032e-05
EGF,26,350,300,1.44,50,2.88,500,5,0.5,0.0034315703628275,0.0034315703628275004
EGF,27,350,300,1.44,50,2.88,900,5,0.5,0.0073533650632018,0.007378576600561353
EGF,28,350,300,1.44,150,2.88,150,5,0.5,0.0117653841011229,0.012361697935938396
EGF,29,350,300,1.44,150,2.88,500,5,0.5,0.0426495173665706,0.04327980580055927
EGF,30,350,300,1.44,150,2.88,900,5,0.5,0.0779456696699394,0.07839947734241136
EGF,31,350,300,2.42,50,4.84,150,5,0.5,0.0,2.9413460252806e-05
EGF,32,350,300,2.42,50,4.84,500,5,0.5,0.0034315703628275,0.003473589591760082
EGF,33,350,300,2.42,50,4.84,900,5,0.5,0.0073533650632018,0.007504634287359098
EGF,34,350,300,2.42,150,4.84,150,5,0.5,0.0117653841011229,0.011992287937358855
EGF,35,350,300,2.42,150,4.84,500,5,0.5,0.0426495173665706,0.04365797886095249
EGF,36,350,300,2.42,150,4.84,900,5,0.5,0.0779456696699394,0.07930709268735514
EGF,37,450,100,1.93,50,3.86,150,5,0.5,0.0004201922893258,0.0005247425278179584
EGF,38,450,100,1.93,50,3.86,500,5,0.5,0.0048322113272469,0.004919165630981741
EGF,39,450,100,1.93,50,3.86,900,5,0.5,0.0098745187991567,0.010609145346175424
EGF,40,450,100,1.93,150,3.86,150,5,0.5,0.0155471147050552,0.015471480092976561
EGF,41,450,100,1.93,150,3.86,500,5,0.5,0.0552552860463451,0.05776765698743195
EGF,42,450,100,1.93,150,3.86,900,5,0.5,0.1006360532935336,0.10390718040701387
EGF,43,450,100,1.44,50,2.88,150,5,0.5,0.0004201922893258,0.00040758652064602546
EGF,44,450,100,1.44,50,2.88,500,5,0.5,0.0048322113272469,0.00494717845027013
EGF,45,450,100,1.44,50,2.88,900,5,0.5,0.0098745187991567,0.009798884187078045
EGF,46,450,100,1.44,150,2.88,150,5,0.5,0.0155471147050552,0.015509297399015885
EGF,47,450,100,1.44,150,2.88,500,5,0.5,0.0552552860463451,0.056574500360287334
EGF,48,450,100,1.44,150,2.88,900,5,0.5,0.1006360532935336,0.1032375428948657
EGF,49,450,100,2.42,50,4.84,150,5,0.5,0.0004201922893258,0.00042019228932579943
EGF,50,450,100,2.42,50,4.84,500,5,0.5,0.0048322113272469,0.004776185688670136
EGF,51,450,100,2.42,50,4.84,900,5,0.5,0.0098745187991567,0.00987451879915669
EGF,52,450,100,2.42,150,4.84,150,5,0.5,0.0155471147050552,0.015471480092976561
EGF,53,450,100,2.42,150,4.84,500,5,0.5,0.0552552860463451,0.055129228359547235
EGF,54,450,100,2.42,150,4.84,900,5,0.5,0.1006360532935336,0.1004091494572976
EGF,55,450,300,1.93,50,3.86,150,5,0.5,0.0004201922893258,0.00040338459775276744
EGF,56,450,300,1.93,50,3.86,500,5,0.5,0.0048322113272469,0.004832211327246913
EGF,57,450,300,1.93,50,3.86,900,5,0.5,0.0098745187991567,0.010031036545879385
EGF,58,450,300,1.93,150,3.86,150,5,0.5,0.0155471147050552,0.016291107537439925
EGF,59,450,300,1.93,150,3.86,500,5,0.5,0.0552552860463451,0.055381343733142734
EGF,60,450,300,1.93,150,3.86,900,5,0.5,0.1006360532935336,0.10040914945729758
EGF,61,450,300,1.44,50,2.88,150,5,0.5,0.0004201922893258,0.0003949807519662515
EGF,62,450,300,1.44,50,2.88,500,5,0.5,0.0048322113272469,0.004776185688670136
EGF,63,450,300,1.44,50,2.88,900,5,0.5,0.0098745187991567,0.009804132709643447
EGF,64,450,300,1.44,150,2.88,150,5,0.5,0.0155471147050552,0.015791609775080623
EGF,65,450,300,1.44,150,2.88,500,5,0.5,0.0552552860463451,0.05540758634596974
EGF,66,450,300,1.44,150,2.88,900,5,0.5,0.1006360532935336,0.09995534178482572
EGF,67,450,300,2.42,50,4.84,150,5,0.5,0.0004201922893258,0.0005247425278179584
EGF,68,450,300,2.42,50,4.84,500,5,0.5,0.0048322113272469,0.004905159221337548
EGF,69,450,300,2.42,50,4.84,900,5,0.5,0.0098745187991567,0.010634356883534972
EGF,70,450,300,2.42,150,4.84,150,5,0.5,0.0155471147050552,0.015433662786937238
EGF,71,450,300,2.42,150,4.84,500,5,0.5,0.0552552860463451,0.057767656987431956
EGF,72,450,300,2.42,150,4.84,900,5,0.5,0.1006360532935336,0.10368027657077793
EGF,73,550,100,1.93,50,3.86,150,5,0.5,0.0008403845786516,0.0008613941931178888
EGF,74,550,100,1.93,50,3.86,500,5,0.5,0.0062328522916663,0.006302884339887269
EGF,75,550,100,1.93,50,3.86,900,5,0.5,0.0123956725351116,0.012521730221909343
EGF,76,550,100,1.93,150,3.86,150,5,0.5,0.0193288453089876,0.019555749145223594
EGF,77,550,100,1.93,150,3.86,500,5,0.5,0.0678610547261197,0.0683652854733106
EGF,78,550,100,1.93,150,3.86,900,5,0.5,0.1233264369171278,0.12468785993454318
EGF,79,550,100,1.44,50,2.88,150,5,0.5,0.0008403845786516,0.0008487884244381148
EGF,80,550,100,1.44,50,2.88,500,5,0.5,0.0062328522916663,0.006316890749531465
EGF,81,550,100,1.44,50,2.88,900,5,0.5,0.0123956725351116,0.012496518684549797
EGF,82,550,100,1.44,150,2.88,150,5,0.5,0.0193288453089876,0.0194044799210663
EGF,83,550,100,1.44,150,2.88,500,5,0.5,0.0678610547261197,0.06823922778651284
EGF,84,550,100,1.44,150,2.88,900,5,0.5,0.1233264369171278,0.12491476377077915
EGF,85,550,100,2.42,50,4.84,150,5,0.5,0.0008403845786516,0.0008403845786515989
EGF,86,550,100,2.42,50,4.84,500,5,0.5,0.0062328522916663,0.00627487152059888
EGF,87,550,100,2.42,50,4.84,900,5,0.5,0.0123956725351116,0.012446095609830706
EGF,88,550,100,2.42,150,4.84,150,5,0.5,0.0193288453089876,0.019517931839184273
EGF,89,550,100,2.42,150,4.84,500,5,0.5,0.0678610547261197,0.06798711241291736
EGF,90,550,100,2.42,150,4.84,900,5,0.5,0.1233264369171278,0.12468785993454326
EGF,91,550,300,1.93,50,3.86,150,5,0.5,0.0008403845786516,0.0008529903473313728
EGF,92,550,300,1.93,50,3.86,500,5,0.5,0.0062328522916663,0.006274871520598881
EGF,93,550,300,1.93,50,3.86,900,5,0.5,0.0123956725351116,0.012496518684549797
EGF,94,550,300,1.93,150,3.86,150,5,0.5,0.0193288453089876,0.019669201063341565
EGF,95,550,300,1.93,150,3.86,500,5,0.5,0.0678610547261197,0.06861740084690608
EGF,96,550,300,1.93,150,3.86,900,5,0.5,0.1233264369171278,0.12378024458959942
EGF,97,550,300,1.44,50,2.88,150,5,0.5,0.0008403845786516,0.0008403845786515989
EGF,98,550,300,1.44,50,2.88,500,5,0.5,0.0062328522916663,0.006246858701310492
EGF,99,550,300,1.44,50,2.88,900,5,0.5,0.0123956725351116,0.012496518684549797
EGF,100,550,300,1.44,150,2.88,150,5,0.5,0.0193288453089876,0.019366662615026974
EGF,101,550,300,1.44,150,2.88,500,5,0.5,0.0678610547261197,0.0681131700997151
EGF,102,550,300,1.44,150,2.88,900,5,0.5,0.1233264369171278,0.12423405226207133
EGF,103,550,300,2.42,50,4.84,150,5,0.5,0.0008403845786516,0.0008697980389044048
EGF,104,550,300,2.42,50,4.84,500,5,0.5,0.0062328522916663,0.00634490356881985
EGF,105,550,300,2.42,50,4.84,900,5,0.5,0.0123956725351116,0.012471307147190249
EGF,106,550,300,2.42,150,4.84,150,5,0.5,0.0193288453089876,0.019555749145223594
EGF,107,550,300,2.42,150,4.84,500,5,0.5,0.0678610547261197,0.06849134316010834
EGF,108,550,300,2.42,150,4.84,900,5,0.5,0.1233264369171278,0.12423405226207132
EGF,109,650,100,1.93,50,3.86,150,5,0.5,0.0012605768679774,0.0012521730221908825
EGF,110,650,100,1.93,50,3.86,500,5,0.5,0.0076334932560857,0.0075914740271531365
EGF,111,650,100,1.93,50,3.86,900,5,0.5,0.0149168262710665,0.014765557046909239
EGF,112,650,100,1.93,150,3.86,150,5,0.5,0.02311057591292,0.023072758606880663
EGF,113,650,100,1.93,150,3.86,500,5,0.5,0.0804668234058943,0.07996259265870324
EGF,114,650,100,1.93,150,3.86,900,5,0.5,0.146016820540722,0.14442849368707072
EGF,115,650,100,1.44,50,2.88,150,5,0.5,0.0012605768679774,0.0012605768679773985
EGF,116,650,100,1.44,50,2.88,500,5,0.5,0.0076334932560857,0.0075914740271531365
EGF,117,650,100,1.44,50,2.88,900,5,0.5,0.0149168262710665,0.01524470827177972
EGF,118,650,100,1.44,150,2.88,150,5,0.5,0.02311057591292,0.022997123994802016
EGF,119,650,100,1.44,150,2.88,500,5,0.5,0.0804668234058943,0.080088650345501
EGF,120,650,100,1.44,150,2.88,900,5,0.5,0.146016820540722,0.14510920519577855
EGF,121,650,100,2.42,50,4.84,150,5,0.5,0.0012605768679774,0.0012977901859410185
EGF,122,650,100,2.42,50,4.84,500,5,0.5,0.0076334932560857,0.00760548043679733
EGF,123,650,100,2.42,50,4.84,900,5,0.5,0.0149168262710665,0.014815980121628339
EGF,124,650,100,2.42,150,4.84,150,5,0.5,0.02311057591292,0.0229593066887627
EGF,125,650,100,2.42,150,4.84,500,5,0.5,0.0804668234058943,0.0798365349719055
EGF,126,650,100,2.42,150,4.84,900,5,0.5,0.146016820540722,0.14601682054072238
EGF,127,650,300,1.93,50,3.86,150,5,0.5,0.0012605768679774,0.0012521730221908825
EGF,128,650,300,1.93,50,3.86,500,5,0.5,0.0076334932560857,0.007591474027153136
EGF,129,650,300,1.93,50,3.86,900,5,0.5,0.0149168262710665,0.014891614733706983
EGF,130,650,300,1.93,150,3.86,150,5,0.5,0.02311057591292,0.023110575912919987
EGF,131,650,300,1.93,150,3.86,500,5,0.5,0.0804668234058943,0.07996259265870326
EGF,132,650,300,1.93,150,3.86,900,5,0.5,0.146016820540722,0.14533610903201452
EGF,133,650,300,1.44,50,2.88,150,5,0.5,0.0012605768679774,0.0012353653306178504
EGF,134,650,300,1.44,50,2.88,500,5,0.5,0.0076334932560857,0.007535448388576359
EGF,135,650,300,1.44,50,2.88,900,5,0.5,0.0149168262710665,0.014866403196347437
EGF,136,650,300,1.44,150,2.88,150,5,0.5,0.02311057591292,0.022997123994802016
EGF,137,650,300,1.44,150,2.88,500,5,0.5,0.0804668234058943,0.07996259265870324
EGF,138,650,300,1.44,150,2.88,900,5,0.5,0.146016820540722,0.14465539752330667
EGF,139,650,300,2.42,50,4.84,150,5,0.5,0.0012605768679774,0.0012479710992976244
EGF,140,650,300,2.42,50,4.84,500,5,0.5,0.0076334932560857,0.007535448388576357
EGF,141,650,300,2.42,50,4.84,900,5,0.5,0.0149168262710665,0.01474034550954969
EGF,142,650,300,2.42,150,4.84,150,5,0.5,0.02311057591292,0.023072758606880663
EGF,143,650,300,2.42,150,4.84,500,5,0.5,0.0804668234058943,0.07996259265870324
EGF,144,650,300,2.42,150,4.84,900,5,0.5,0.146016820540722,0.14420158985083475
Glutathione,1,350,100,1.93,50,3.86,150,5,0.5,0.0050523320634311,0.005050589960347471
Glutathione,2,350,100,1.93,50,3.86,500,5,0.5,0.0202726772409314,0.02026796444369356
Glutathione,3,350,100,1.93,50,3.86,900,5,0.5,0.0376673574437889,0.03765692103782502
Glutathione,4,350,100,1.93,150,3.86,150,5,0.5,0.0572363726720035,0.05718938452635947
Glutathione,5,350,100,1.93,150,3.86,500,5,0.5,0.1942194792695059,0.1942194792695061
Glutathione,6,350,100,1.93,150,3.86,900,5,0.5,0.3507716010952231,0.35050280530663636
Glutathione,7,350,100,1.44,50,2.88,150,5,0.5,0.0050523320634311,0.005061929737891332
Glutathione,8,350,100,1.44,50,2.88,500,5,0.5,0.0202726772409314,0.02026108123430497
Glutathione,9,350,100,1.44,50,2.88,900,5,0.5,0.0376673574437889,0.03772422198097047
Glutathione,10,350,100,1.44,150,2.88,150,5,0.5,0.0572363726720035,0.057236372672003405
Glutathione,11,350,100,1.44,150,2.88,500,5,0.5,0.1942194792695059,0.194223086817405
Glutathione,12,350,100,1.44,150,2.88,900,5,0.5,0.3507716010952231,0.35076320708877184
Glutathione,13,350,100,2.42,50,4.84,150,5,0.5,0.0050523320634311,0.005050108953960955
Glutathione,14,350,100,2.42,50,4.84,500,5,0.5,0.0202726772409314,0.020303750501930423
Glutathione,15,350,100,2.42,50,4.84,900,5,0.5,0.0376673574437889,0.03766807895336857
Glutathione,16,350,100,2.42,150,4.84,150,5,0.5,0.0572363726720035,0.05723745493637306
Glutathione,17,350,100,2.42,150,4.84,500,5,0.5,0.1942194792695059,0.19423030191320276
Glutathione,18,350,100,2.42,150,4.84,900,5,0.5,0.3507716010952231,0.3506906606139845
Glutathione,19,350,300,1.93,50,3.86,150,5,0.5,0.0050523320634311,0.005059551183857291
Glutathione,20,350,300,1.93,50,3.86,500,5,0.5,0.0202726772409314,0.0202726772409314
Glutathione,21,350,300,1.93,50,3.86,900,5,0.5,0.0376673574437889,0.03766880046294835
Glutathione,22,350,300,1.93,150,3.86,150,5,0.5,0.0572363726720035,0.05723745493637306
Glutathione,23,350,300,1.93,150,3.86,500,5,0.5,0.1942194792695059,0.194223086817405
Glutathione,24,350,300,1.93,150,3.86,900,5,0.5,0.3507716010952231,0.3507910818538765
Glutathione,25,350,300,1.44,50,2.88,150,5,0.5,0.0050523320634311,0.005052332063431091
Glutathione,26,350,300,1.44,50,2.88,500,5,0.5,0.0202726772409314,0.020273478918242258
Glutathione,27,350,300,1.44,50,2.88,900,5,0.5,0.0376673574437889,0.0376673574437888
Glutathione,28,350,300,1.44,150,2.88,150,5,0.5,0.0572363726720035,0.05723745493637306
Glutathione,29,350,300,1.44,150,2.88,500,5,0.5,0.1942194792695059,0.194223086817405
Glutathione,30,350,300,1.44,150,2.88,900,5,0.5,0.3507716010952231,0.3507716010952226
Glutathione,31,350,300,2.42,50,4.84,150,5,0.5,0.0050523320634311,0.005050589960347471
Glutathione,32,350,300,2.42,50,4.84,500,5,0.5,0.0202726772409314,0.020267162766382695
Glutathione,33,350,300,2.42,50,4.84,900,5,0.5,0.0376673574437889,0.0376556726530477
Glutathione,34,350,300,2.42,150,4.84,150,5,0.5,0.0572363726720035,0.05718830226198981
Glutathione,35,350,300,2.42,150,4.84,500,5,0.5,0.1942194792695059,0.1942194792695061
Glutathione,36,350,300,2.42,150,4.84,900,5,0.5,0.3507716010952231,0.3504963117204184
Glutathione,37,450,100,1.93,50,3.86,150,5,0.5,0.0069160477994516,0.006916202408647277
Glutathione,38,450,100,1.93,50,3.86,500,5,0.5,0.0264850630276662,0.026526195918210135
Glutathione,39,450,100,1.93,50,3.86,900,5,0.5,0.0488496518599115,0.04882279454274158
Glutathione,40,450,100,1.93,150,3.86,150,5,0.5,0.0740098142961875,0.07400981429618737
Glutathione,41,450,100,1.93,150,3.86,500,5,0.5,0.2501309513501192,0.25013095135011915
Glutathione,42,450,100,1.93,150,3.86,900,5,0.5,0.4514122508403269,0.4514289486334593
Glutathione,43,450,100,1.44,50,2.88,150,5,0.5,0.0069160477994516,0.006916047799451612
Glutathione,44,450,100,1.44,50,2.88,500,5,0.5,0.0264850630276662,0.026485063027666247
Glutathione,45,450,100,1.44,50,2.88,900,5,0.5,0.0488496518599115,0.04885057951508551
Glutathione,46,450,100,1.44,150,2.88,150,5,0.5,0.0740098142961875,0.07398968694182866
Glutathione,47,450,100,1.44,150,2.88,500,5,0.5,0.2501309513501192,0.25013095135011915
Glutathione,48,450,100,1.44,150,2.88,900,5,0.5,0.4514122508403269,0.451291486714175
Glutathione,49,450,100,2.42,50,4.84,150,5,0.5,0.0069160477994516,0.006916047799451612
Glutathione,50,450,100,2.42,50,4.84,500,5,0.5,0.0264850630276662,0.026477608451977833
Glutathione,51,450,100,2.42,50,4.84,900,5,0.5,0.0488496518599115,0.04885057951508551
Glutathione,52,450,100,2.42,150,4.84,150,5,0.5,0.0740098142961875,0.07411948161789489
Glutathione,53,450,100,2.42,150,4.84,500,5,0.5,0.2501309513501192,0.25013095135011915
Glutathione,54,450,100,2.42,150,4.84,900,5,0.5,0.4514122508403269,0.451299835610741
Glutathione,55,450,300,1.93,50,3.86,150,5,0.5,0.0069160477994516,0.006916511627038607
Glutathione,56,450,300,1.93,50,3.86,500,5,0.5,0.0264850630276662,0.026485063027666247
Glutathione,57,450,300,1.93,50,3.86,900,5,0.5,0.0488496518599115,0.04885057951508551
Glutathione,58,450,300,1.93,150,3.86,150,5,0.5,0.0740098142961875,0.07398968694182864
Glutathione,59,450,300,1.93,150,3.86,500,5,0.5,0.2501309513501192,0.24830284625846155
Glutathione,60,450,300,1.93,150,3.86,900,5,0.5,0.4514122508403269,0.451299835610741
Glutathione,61,450,300,1.44,50,2.88,150,5,0.5,0.0069160477994516,0.006916357017842942
Glutathione,62,450,300,1.44,50,2.88,500,5,0.5,0.0264850630276662,0.026485063027666247
Glutathione,63,450,300,1.44,50,2.88,900,5,0.5,0.0488496518599115,0.04883716127884636
Glutathione,64,450,300,1.44,150,2.88,150,5,0.5,0.0740098142961875,0.07401120577894836
Glutathione,65,450,300,1.44,150,2.88,500,5,0.5,0.2501309513501192,0.25013095135011915
Glutathione,66,450,300,1.44,150,2.88,900,5,0.5,0.4514122508403269,0.4497753051544015
Glutathione,67,450,300,2.42,50,4.84,150,5,0.5,0.0069160477994516,0.006916357017842942
Glutathione,68,450,300,2.42,50,4.84,500,5,0.5,0.0264850630276662,0.026525680554224586
Glutathione,69,450,300,2.42,50,4.84,900,5,0.5,0.0488496518599115,0.048820011577219595
Glutathione,70,450,300,2.42,150,4.84,150,5,0.5,0.0740098142961875,0.07400940706328032
Glutathione,71,450,300,2.42,150,4.84,500,5,0.5,0.2501309513501192,0.25013095135011915
Glutathione,72,450,300,2.42,150,4.84,900,5,0.5,0.4514122508403269,0.4514289486334593
Glutathione,73,550,100,1.93,50,3.86,150,5,0.5,0.008779763535472,0.008777030191052934
Glutathione,74,550,100,1.93,50,3.86,500,5,0.5,0.032697448814401,0.03273924108853999
Glutathione,75,550,100,1.93,50,3.86,900,5,0.5,0.0600319462760342,0.060122438635230695
Glutathione,76,550,100,1.93,150,3.86,150,5,0.5,0.0907832559203714,0.09091729375801375
Glutathione,77,550,100,1.93,150,3.86,500,5,0.5,0.3060424234307324,0.3062990939640802
Glutathione,78,550,100,1.93,150,3.86,900,5,0.5,0.5520529005854309,0.5528775360251131
Glutathione,79,550,100,1.44,50,2.88,150,5,0.5,0.008779763535472,0.008779952502266724
Glutathione,80,550,100,1.44,50,2.88,500,5,0.5,0.032697448814401,0.03269744881440096
Glutathione,81,550,100,1.44,50,2.88,900,5,0.5,0.0600319462760342,0.06003308007680236
Glutathione,82,550,100,1.44,150,2.88,150,5,0.5,0.0907832559203714,0.0907603565217518
Glutathione,83,550,100,1.44,150,2.88,500,5,0.5,0.3060424234307324,0.30692868091414566
Glutathione,84,550,100,1.44,150,2.88,900,5,0.5,0.5520529005854309,0.5520631047923441
Glutathione,85,550,100,2.42,50,4.84,150,5,0.5,0.008779763535472,0.00877976353547202
Glutathione,86,550,100,2.42,50,4.84,500,5,0.5,0.032697448814401,0.03269744881440096
Glutathione,87,550,100,2.42,50,4.84,900,5,0.5,0.0600319462760342,0.060033080076802366
Glutathione,88,550,100,2.42,150,4.84,150,5,0.5,0.0907832559203714,0.09075181480072217
Glutathione,89,550,100,2.42,150,4.84,500,5,0.5,0.3060424234307324,0.30596609210200054
Glutathione,90,550,100,2.42,150,4.84,900,5,0.5,0.5520529005854309,0.5520397100038645
Glutathione,91,550,300,1.93,50,3.86,150,5,0.5,0.008779763535472,0.00877976353547202
Glutathione,92,550,300,1.93,50,3.86,500,5,0.5,0.032697448814401,0.032626213808469993
Glutathione,93,550,300,1.93,50,3.86,900,5,0.5,0.0600319462760342,0.060031614456628406
Glutathione,94,550,300,1.93,150,3.86,150,5,0.5,0.0907832559203714,0.09075865582059946
Glutathione,95,550,300,1.93,150,3.86,500,5,0.5,0.3060424234307324,0.30601736790968453
Glutathione,96,550,300,1.93,150,3.86,900,5,0.5,0.5520529005854309,0.5518642538675358
Glutathione,97,550,300,1.44,50,2.88,150,5,0.5,0.008779763535472,0.00877976353547202
Glutathione,98,550,300,1.44,50,2.88,500,5,0.5,0.032697448814401,0.03269744881440096
Glutathione,99,550,300,1.44,50,2.88,900,5,0.5,0.0600319462760342,0.060033080076802366
Glutathione,100,550,300,1.44,150,2.88,150,5,0.5,0.0907832559203714,0.09078495662152357
Glutathione,101,550,300,1.44,150,2.88,500,5,0.5,0.3060424234307324,0.306042423430732
Glutathione,102,550,300,1.44,150,2.88,900,5,0.5,0.5520529005854309,0.5520529005854301
Glutathione,103,550,300,2.42,50,4.84,150,5,0.5,0.008779763535472,0.008777786058231745
Glutathione,104,550,300,2.42,50,4.84,500,5,0.5,0.032697448814401,0.03273861119922432
Glutathione,105,550,300,2.42,50,4.84,900,5,0.5,0.0600319462760342,0.06012243863523071
Glutathione,106,550,300,2.42,150,4.84,150,5,0.5,0.0907832559203714,0.09091729375801375
Glutathione,107,550,300,2.42,150,4.84,500,5,0.5,0.3060424234307324,0.3062990939640802
Glutathione,108,550,300,2.42,150,4.84,900,5,0.5,0.5520529005854309,0.5528775360251131
Glutathione,109,650,100,1.93,50,3.86,150,5,0.5,0.0106434792714925,0.010643702595886215
Glutathione,110,650,100,1.93,50,3.86,500,5,0.5,0.0389098346011358,0.03890983460113572
Glutathione,111,650,100,1.93,50,3.86,900,5,0.5,0.0712142406921568,0.0712151884883126
Glutathione,112,650,100,1.93,150,3.86,150,5,0.5,0.1075566975445554,0.10752963461891431
Glutathione,113,650,100,1.93,150,3.86,500,5,0.5,0.3619538955113456,0.3618837849546447
Glutathione,114,650,100,1.93,150,3.86,900,5,0.5,0.6526935503305347,0.6522838366400238
Glutathione,115,650,100,1.44,50,2.88,150,5,0.5,0.0106434792714925,0.010643479271492475
Glutathione,116,650,100,1.44,50,2.88,500,5,0.5,0.0389098346011358,0.03890983460113572
Glutathione,117,650,100,1.44,50,2.88,900,5,0.5,0.0712142406921568,0.07121250859558774
Glutathione,118,650,100,1.44,150,2.88,150,5,0.5,0.1075566975445554,0.10752963461891431
Glutathione,119,650,100,1.44,150,2.88,500,5,0.5,0.3619538955113456,0.3618636857592082
Glutathione,120,650,100,1.44,150,2.88,900,5,0.5,0.6526935503305347,0.6527056098477958
Glutathione,121,650,100,2.42,50,4.84,150,5,0.5,0.0106434792714925,0.010643702595886215
Glutathione,122,650,100,2.42,50,4.84,500,5,0.5,0.0389098346011358,0.038774819164962206
Glutathione,123,650,100,2.42,50,4.84,900,5,0.5,0.0712142406921568,0.07119485879536708
Glutathione,124,650,100,2.42,150,4.84,150,5,0.5,0.1075566975445554,0.10756071738364278
Glutathione,125,650,100,2.42,150,4.84,500,5,0.5,0.3619538955113456,0.3619538955113455
Glutathione,126,650,100,2.42,150,4.84,900,5,0.5,0.6526935503305347,0.652519113259425
Glutathione,127,650,300,1.93,50,3.86,150,5,0.5,0.0106434792714925,0.010643479271492477
Glutathione,128,650,300,1.93,50,3.86,500,5,0.5,0.0389098346011358,0.03890983460113572
Glutathione,129,650,300,1.93,50,3.86,900,5,0.5,0.0712142406921568,0.07120965842445362
Glutathione,130,650,300,1.93,150,3.86,150,5,0.5,0.1075566975445554,0.10756071738364278
Glutathione,131,650,300,1.93,150,3.86,500,5,0.5,0.3619538955113456,0.3619672949749698
Glutathione,132,650,300,1.93,150,3.86,900,5,0.5,0.6526935503305347,0.6525311727766869
Glutathione,133,650,300,1.44,50,2.88,150,5,0.5,0.0106434792714925,0.010643702595886217
Glutathione,134,650,300,1.44,50,2.88,500,5,0.5,0.0389098346011358,0.03890983460113572
Glutathione,135,650,300,1.44,50,2.88,900,5,0.5,0.0712142406921568,0.07130141216057441
Glutathione,136,650,300,1.44,150,2.88,150,5,0.5,0.1075566975445554,0.10755669754455548
Glutathione,137,650,300,1.44,150,2.88,500,5,0.5,0.3619538955113456,0.3619538955113455
Glutathione,138,650,300,1.44,150,2.88,900,5,0.5,0.6526935503305347,0.6525311727766869
Glutathione,139,650,300,2.42,50,4.84,150,5,0.5,0.0106434792714925,0.010643702595886217
Glutathione,140,650,300,2.42,50,4.84,500,5,0.5,0.0389098346011358,0.03890983460113572
Glutathione,141,650,300,2.42,50,4.84,900,5,0.5,0.0712142406921568,0.07121250859558774
Glutathione,142,650,300,2.42,150,4.84,150,5,0.5,0.1075566975445554,0.10753164453845797
Glutathione,143,650,300,2.42,150,4.84,500,5,0.5,0.3619538955113456,0.3618837849546447
Glutathione,144,650,300,2.42,150,4.84,900,5,0.5,0.6526935503305347,0.6523079556745476
5-Aminolevulinic Acid,1,350,100,1.93,50,3.86,150,5,0.5,0.0085155017894799,0.008491735600307753
5-Aminolevulinic Acid,2,350,100,1.93,50,3.86,500,5,0.5,0.0318165763277607,0.031762398010349795
5-Aminolevulinic Acid,3,350,100,1.93,50,3.86,900,5,0.5,0.0584463758000817,0.05824971412288262
5-Aminolevulinic Acid,4,350,100,1.93,150,3.86,150,5,0.5,0.0884049002064427,0.08831424851610802
5-Aminolevulinic Acid,5,350,100,1.93,150,3.86,500,5,0.5,0.29811457105097,0.29796098808567206
5-Aminolevulinic Acid,6,350,100,1.93,150,3.86,900,5,0.5,0.5377827663018584,0.5371006314910831
5-Aminolevulinic Acid,7,350,100,1.44,50,2.88,150,5,0.5,0.0085155017894799,0.008510382357303307
5-Aminolevulinic Acid,8,350,100,1.44,50,2.88,500,5,0.5,0.0318165763277607,0.0318165763277607
5-Aminolevulinic Acid,9,350,100,1.44,50,2.88,900,5,0.5,0.0584463758000817,0.05844637580008171
5-Aminolevulinic Acid,10,350,100,1.44,150,2.88,150,5,0.5,0.0884049002064427,0.08840490020644268
5-Aminolevulinic Acid,11,350,100,1.44,150,2.88,500,5,0.5,0.29811457105097,0.29803777956832106
5-Aminolevulinic Acid,12,350,100,1.44,150,2.88,900,5,0.5,0.5377827663018584,0.5376445416330909
5-Aminolevulinic Acid,13,350,100,2.42,50,4.84,150,5,0.5,0.0085155017894799,0.008501808010344936
5-Aminolevulinic Acid,14,350,100,2.42,50,4.84,500,5,0.5,0.0318165763277607,0.0318165763277607
5-Aminolevulinic Acid,15,350,100,2.42,50,4.84,900,5,0.5,0.0584463758000817,0.05841565920702212
5-Aminolevulinic Acid,16,350,100,2.42,150,4.84,150,5,0.5,0.0884049002064427,0.08840490020644268
5-Aminolevulinic Acid,17,350,100,2.42,150,4.84,500,5,0.5,0.29811457105097,0.29811457105097
5-Aminolevulinic Acid,18,350,100,2.42,150,4.84,900,5,0.5,0.5377827663018584,0.5372388561598512
5-Aminolevulinic Acid,19,350,300,1.93,50,3.86,150,5,0.5,0.0085155017894799,0.008499248294256636
5-Aminolevulinic Acid,20,350,300,1.93,50,3.86,500,5,0.5,0.0318165763277607,0.0318165763277607
5-Aminolevulinic Acid,21,350,300,1.93,50,3.86,900,5,0.5,0.0584463758000817,0.05841565920702212
5-Aminolevulinic Acid,22,350,300,1.93,150,3.86,150,5,0.5,0.0884049002064427,0.08818217486066937
5-Aminolevulinic Acid,23,350,300,1.93,150,3.86,500,5,0.5,0.29811457105097,0.29811457105097
5-Aminolevulinic Acid,24,350,300,1.93,150,3.86,900,5,0.5,0.5377827663018584,0.5377827663018592
5-Aminolevulinic Acid,25,350,300,1.44,50,2.88,150,5,0.5,0.0085155017894799,0.008505429379442722
5-Aminolevulinic Acid,26,350,300,1.44,50,2.88,500,5,0.5,0.0318165763277607,0.03177446924067576
5-Aminolevulinic Acid,27,350,300,1.44,50,2.88,900,5,0.5,0.0584463758000817,0.05844637580008171
5-Aminolevulinic Acid,28,350,300,1.44,150,2.88,150,5,0.5,0.0884049002064427,0.08835882531685328
5-Aminolevulinic Acid,29,350,300,1.44,150,2.88,500,5,0.5,0.29811457105097,0.29803777956832106
5-Aminolevulinic Acid,30,350,300,1.44,150,2.88,900,5,0.5,0.5377827663018584,0.5376445416330909
5-Aminolevulinic Acid,31,350,300,2.42,50,4.84,150,5,0.5,0.0085155017894799,0.008489175884219454
5-Aminolevulinic Acid,32,350,300,2.42,50,4.84,500,5,0.5,0.0318165763277607,0.0317538656233888
5-Aminolevulinic Acid,33,350,300,2.42,50,4.84,900,5,0.5,0.0584463758000817,0.05824971412288261
5-Aminolevulinic Acid,34,350,300,2.42,150,4.84,150,5,0.5,0.0884049002064427,0.08831424851610802
5-Aminolevulinic Acid,35,350,300,2.42,150,4.84,500,5,0.5,0.29811457105097,0.29811457105097
5-Aminolevulinic Acid,36,350,300,2.42,150,4.84,900,5,0.5,0.5377827663018584,0.5371006314910831
5-Aminolevulinic Acid,37,450,100,1.93,50,3.86,150,5,0.5,0.0113686945900857,0.011334632984915967
5-Aminolevulinic Acid,38,450,100,1.93,50,3.86,500,5,0.5,0.0413272189964468,0.041221159307983264
5-Aminolevulinic Acid,39,450,100,1.93,50,3.86,900,5,0.5,0.0755655326037165,0.07554578622246401
5-Aminolevulinic Acid,40,450,100,1.93,150,3.86,150,5,0.5,0.114083635411895,0.11391382642633077
5-Aminolevulinic Acid,41,450,100,1.93,150,3.86,500,5,0.5,0.3837103550691444,0.38308343453910354
5-Aminolevulinic Acid,42,450,100,1.93,150,3.86,900,5,0.5,0.6918551775345724,0.6907267205804994
5-Aminolevulinic Acid,43,450,100,1.44,50,2.88,150,5,0.5,0.0113686945900857,0.011333585620004569
5-Aminolevulinic Acid,44,450,100,1.44,50,2.88,500,5,0.5,0.0413272189964468,0.04131624878463974
5-Aminolevulinic Acid,45,450,100,1.44,50,2.88,900,5,0.5,0.0755655326037165,0.07541283385083543
5-Aminolevulinic Acid,46,450,100,1.44,150,2.88,150,5,0.5,0.114083635411895,0.11408363541189476
5-Aminolevulinic Acid,47,450,100,1.44,150,2.88,500,5,0.5,0.3837103550691444,0.383512891256618
5-Aminolevulinic Acid,48,450,100,1.44,150,2.88,900,5,0.5,0.6918551775345724,0.6908363236211883
5-Aminolevulinic Acid,49,450,100,2.42,50,4.84,150,5,0.5,0.0113686945900857,0.011346535861480947
5-Aminolevulinic Acid,50,450,100,2.42,50,4.84,500,5,0.5,0.0413272189964468,0.041327218996446737
5-Aminolevulinic Acid,51,450,100,2.42,50,4.84,900,5,0.5,0.0755655326037165,0.07556553260371661
5-Aminolevulinic Acid,52,450,100,2.42,150,4.84,150,5,0.5,0.114083635411895,0.11393746366672845
5-Aminolevulinic Acid,53,450,100,2.42,150,4.84,500,5,0.5,0.3837103550691444,0.38332184782485257
5-Aminolevulinic Acid,54,450,100,2.42,150,4.84,900,5,0.5,0.6918551775345724,0.6918551775345724
5-Aminolevulinic Acid,55,450,300,1.93,50,3.86,150,5,0.5,0.0113686945900857,0.011349826925023045
5-Aminolevulinic Acid,56,450,300,1.93,50,3.86,500,5,0.5,0.0413272189964468,0.041284051524858804
5-Aminolevulinic Acid,57,450,300,1.93,50,3.86,900,5,0.5,0.0755655326037165,0.07556553260371661
5-Aminolevulinic Acid,58,450,300,1.93,150,3.86,150,5,0.5,0.114083635411895,0.11393746366672845
5-Aminolevulinic Acid,59,450,300,1.93,150,3.86,500,5,0.5,0.3837103550691444,0.38314432511726393
5-Aminolevulinic Acid,60,450,300,1.93,150,3.86,900,5,0.5,0.6918551775345724,0.6908004296323011
5-Aminolevulinic Acid,61,450,300,1.44,50,2.88,150,5,0.5,0.0113686945900857,0.01136869459008571
5-Aminolevulinic Acid,62,450,300,1.44,50,2.88,500,5,0.5,0.0413272189964468,0.04131624878463974
5-Aminolevulinic Acid,63,450,300,1.44,50,2.88,900,5,0.5,0.0755655326037165,0.07556553260371661
5-Aminolevulinic Acid,64,450,300,1.44,150,2.88,150,5,0.5,0.114083635411895,0.11402439626813697
5-Aminolevulinic Acid,65,450,300,1.44,150,2.88,500,5,0.5,0.3837103550691444,0.38361162316288094
5-Aminolevulinic Acid,66,450,300,1.44,150,2.88,900,5,0.5,0.6918551775345724,0.6918551775345724
5-Aminolevulinic Acid,67,450,300,2.42,50,4.84,150,5,0.5,0.0113686945900857,0.011344506175542264
5-Aminolevulinic Acid,68,450,300,2.42,50,4.84,500,5,0.5,0.0413272189964468,0.04121018909617626
5-Aminolevulinic Acid,69,450,300,2.42,50,4.84,900,5,0.5,0.0755655326037165,0.07554578622246401
5-Aminolevulinic Acid,70,450,300,2.42,150,4.84,150,5,0.5,0.114083635411895,0.11385458728257297
5-Aminolevulinic Acid,71,450,300,2.42,150,4.84,500,5,0.5,0.3837103550691444,0.3829847026328405
5-Aminolevulinic Acid,72,450,300,2.42,150,4.84,900,5,0.5,0.6918551775345724,0.6907267205804994
5-Aminolevulinic Acid,73,550,100,1.93,50,3.86,150,5,0.5,0.0142218873906916,0.014189969673792449
5-Aminolevulinic Acid,74,550,100,1.93,50,3.86,500,5,0.5,0.0508378616651328,0.050692117069069884
5-Aminolevulinic Acid,75,550,100,1.93,50,3.86,900,5,0.5,0.0926846894073514,0.09261228600942499
5-Aminolevulinic Acid,76,550,100,1.93,150,3.86,150,5,0.5,0.1397623706173473,0.1397261689183844
5-Aminolevulinic Acid,77,550,100,1.93,150,3.86,500,5,0.5,0.4693061390873189,0.46894412209768693
5-Aminolevulinic Acid,78,550,100,1.93,150,3.86,900,5,0.5,0.8459275887672861,0.8427118103736274
5-Aminolevulinic Acid,79,550,100,1.44,50,2.88,150,5,0.5,0.0142218873906916,0.014221887390691619
5-Aminolevulinic Acid,80,550,100,1.44,50,2.88,500,5,0.5,0.0508378616651328,0.050797637555173705
5-Aminolevulinic Acid,81,550,100,1.44,50,2.88,900,5,0.5,0.0926846894073514,0.09266055494137579
5-Aminolevulinic Acid,82,550,100,1.44,150,2.88,150,5,0.5,0.1397623706173473,0.1396899672194213
5-Aminolevulinic Acid,83,550,100,1.44,150,2.88,500,5,0.5,0.4693061390873189,0.46861432470168685
5-Aminolevulinic Acid,84,550,100,1.44,150,2.88,900,5,0.5,0.8459275887672861,0.8444651126793715
5-Aminolevulinic Acid,85,550,100,2.42,50,4.84,150,5,0.5,0.0142218873906916,0.014221887390691619
5-Aminolevulinic Acid,86,550,100,2.42,50,4.84,500,5,0.5,0.0508378616651328,0.05083786166513269
5-Aminolevulinic Acid,87,550,100,2.42,50,4.84,900,5,0.5,0.0926846894073514,0.09268468940735117
5-Aminolevulinic Acid,88,550,100,2.42,150,4.84,150,5,0.5,0.1397623706173473,0.13961991796110737
5-Aminolevulinic Acid,89,550,100,2.42,150,4.84,500,5,0.5,0.4693061390873189,0.4681394825142197
5-Aminolevulinic Acid,90,550,100,2.42,150,4.84,900,5,0.5,0.8459275887672861,0.8444212422485091
5-Aminolevulinic Acid,91,550,300,1.93,50,3.86,150,5,0.5,0.0142218873906916,0.014206059317776043
5-Aminolevulinic Acid,92,550,300,1.93,50,3.86,500,5,0.5,0.0508378616651328,0.05083786166513269
5-Aminolevulinic Acid,93,550,300,1.93,50,3.86,900,5,0.5,0.0926846894073514,0.09256558650388234
5-Aminolevulinic Acid,94,550,300,1.93,150,3.86,150,5,0.5,0.1397623706173473,0.13958371626214428
5-Aminolevulinic Acid,95,550,300,1.93,150,3.86,500,5,0.5,0.4693061390873189,0.4691854667574409
5-Aminolevulinic Acid,96,550,300,1.93,150,3.86,900,5,0.5,0.8459275887672861,0.8450587479921718
5-Aminolevulinic Acid,97,550,300,1.44,50,2.88,150,5,0.5,0.0142218873906916,0.014206059317776045
5-Aminolevulinic Acid,98,550,300,1.44,50,2.88,500,5,0.5,0.0508378616651328,0.05077169338542778
5-Aminolevulinic Acid,99,550,300,1.44,50,2.88,900,5,0.5,0.0926846894073514,0.09268468940735117
5-Aminolevulinic Acid,100,550,300,1.44,150,2.88,150,5,0.5,0.1397623706173473,0.13976237061734753
5-Aminolevulinic Acid,101,550,300,1.44,150,2.88,500,5,0.5,0.4693061390873189,0.4691854667574409
5-Aminolevulinic Acid,102,550,300,1.44,150,2.88,900,5,0.5,0.8459275887672861,0.8454931683797287
5-Aminolevulinic Acid,103,550,300,2.42,50,4.84,150,5,0.5,0.0142218873906916,0.014198014495784245
5-Aminolevulinic Acid,104,550,300,2.42,50,4.84,500,5,0.5,0.0508378616651328,0.050718933142375876
5-Aminolevulinic Acid,105,550,300,2.42,50,4.84,900,5,0.5,0.0926846894073514,0.09266055494137576
5-Aminolevulinic Acid,106,550,300,2.42,150,4.84,150,5,0.5,0.1397623706173473,0.1396899672194213
5-Aminolevulinic Acid,107,550,300,2.42,150,4.84,500,5,0.5,0.4693061390873189,0.4687106245699737
5-Aminolevulinic Acid,108,550,300,2.42,150,4.84,900,5,0.5,0.8459275887672861,0.842929020567406
5-Aminolevulinic Acid,109,650,100,1.93,50,3.86,150,5,0.5,0.0170750801912974,0.017044895128739877
5-Aminolevulinic Acid,110,650,100,1.93,50,3.86,500,5,0.5,0.0603485043338189,0.06033265847231983
5-Aminolevulinic Acid,111,650,100,1.93,50,3.86,900,5,0.5,0.1098038462109863,0.10968975600819363
5-Aminolevulinic Acid,112,650,100,1.93,150,3.86,150,5,0.5,0.1654411058227997,0.16495830329454164
5-Aminolevulinic Acid,113,650,100,1.93,150,3.86,500,5,0.5,0.5549019231054934,0.554759310352001
5-Aminolevulinic Acid,114,650,100,1.93,150,3.86,900,5,0.5,1.0,0.9977063663834238
5-Aminolevulinic Acid,115,650,100,1.44,50,2.88,150,5,0.5,0.0170750801912974,0.01707508019129738
5-Aminolevulinic Acid,116,650,100,1.44,50,2.88,500,5,0.5,0.0603485043338189,0.06020795244328804
5-Aminolevulinic Acid,117,650,100,1.44,50,2.88,900,5,0.5,0.1098038462109863,0.10966308823415959
5-Aminolevulinic Acid,118,650,100,1.44,150,2.88,150,5,0.5,0.1654411058227997,0.16519582617698475
5-Aminolevulinic Acid,119,650,100,1.44,150,2.88,500,5,0.5,0.5549019231054934,0.5541981332213579
5-Aminolevulinic Acid,120,650,100,1.44,150,2.88,900,5,0.5,1.0,1.0
5-Aminolevulinic Acid,121,650,100,2.42,50,4.84,150,5,0.5,0.0170750801912974,0.017051620528492913
5-Aminolevulinic Acid,122,650,100,2.42,50,4.84,500,5,0.5,0.0603485043338189,0.06033265847231983
5-Aminolevulinic Acid,123,650,100,2.42,50,4.84,900,5,0.5,0.1098038462109863,0.10980384621098642
5-Aminolevulinic Acid,124,650,100,2.42,150,4.84,150,5,0.5,0.1654411058227997,0.16519582617698475
5-Aminolevulinic Acid,125,650,100,2.42,150,4.84,500,5,0.5,0.5549019231054934,0.553656486025637
5-Aminolevulinic Acid,126,650,100,2.42,150,4.84,900,5,0.5,1.0,0.9997432970437162
5-Aminolevulinic Acid,127,650,300,1.93,50,3.86,150,5,0.5,0.0170750801912974,0.01707508019129738
5-Aminolevulinic Acid,128,650,300,1.93,50,3.86,500,5,0.5,0.0603485043338189,0.060247887458627164
5-Aminolevulinic Acid,129,650,300,1.93,50,3.86,900,5,0.5,0.1098038462109863,0.10980384621098642
5-Aminolevulinic Acid,130,650,300,1.93,150,3.86,150,5,0.5,0.1654411058227997,0.1651102585248902
5-Aminolevulinic Acid,131,650,300,1.93,150,3.86,500,5,0.5,0.5549019231054934,0.5549019231054919
5-Aminolevulinic Acid,132,650,300,1.93,150,3.86,900,5,0.5,1.0,0.9987331782085588
5-Aminolevulinic Acid,133,650,300,1.44,50,2.88,150,5,0.5,0.0170750801912974,0.01707508019129738
5-Aminolevulinic Acid,134,650,300,1.44,50,2.88,500,5,0.5,0.0603485043338189,0.06025766002055415
5-Aminolevulinic Acid,135,650,300,1.44,50,2.88,900,5,0.5,0.1098038462109863,0.10977532366028822
5-Aminolevulinic Acid,136,650,300,1.44,150,2.88,150,5,0.5,0.1654411058227997,0.16539832199675214
5-Aminolevulinic Acid,137,650,300,1.44,150,2.88,500,5,0.5,0.5549019231054934,0.554759310352001
5-Aminolevulinic Acid,138,650,300,1.44,150,2.88,900,5,0.5,1.0,1.0
5-Aminolevulinic Acid,139,650,300,2.42,50,4.84,150,5,0.5,0.0170750801912974,0.017051620528492913
5-Aminolevulinic Acid,140,650,300,2.42,50,4.84,500,5,0.5,0.0603485043338189,0.06034850433381883
5-Aminolevulinic Acid,141,650,300,2.42,50,4.84,900,5,0.5,0.1098038462109863,0.10974680110959001
5-Aminolevulinic Acid,142,650,300,2.42,150,4.84,150,5,0.5,0.1654411058227997,0.16504387094663628
5-Aminolevulinic Acid,143,650,300,2.42,150,4.84,500,5,0.5,0.5549019231054934,0.554759310352001
5-Aminolevulinic Acid,144,650,300,2.42,150,4.84,900,5,0.5,1.0,0.9979630693397076
Retinol,1,350,100,1.93,50,3.86,150,5,0.5,0.0052852996147552,0.00528404999298694
Retinol,2,350,100,1.93,50,3.86,500,5,0.5,0.0210492357453451,0.021056321700588812
Retinol,3,350,100,1.93,50,3.86,900,5,0.5,0.0390651627517334,0.03905499007806863
Retinol,4,350,100,1.93,150,3.86,150,5,0.5,0.0593330806339204,0.05932706201204649
Retinol,5,350,100,1.93,150,3.86,500,5,0.5,0.2012085058092289,0.20116432979854315
Retinol,6,350,100,1.93,150,3.86,900,5,0.5,0.3633518488667243,0.36327233204749015
Retinol,7,350,100,1.44,50,2.88,150,5,0.5,0.0052852996147552,0.005286803160562159
Retinol,8,350,100,1.44,50,2.88,500,5,0.5,0.0210492357453451,0.02105424756470161
Retinol,9,350,100,1.44,50,2.88,900,5,0.5,0.0390651627517334,0.03906382528020579
Retinol,10,350,100,1.44,150,2.88,150,5,0.5,0.0593330806339204,0.059323142681262056
Retinol,11,350,100,1.44,150,2.88,500,5,0.5,0.2012085058092289,0.20125361218343749
Retinol,12,350,100,1.44,150,2.88,900,5,0.5,0.3633518488667243,0.3632843692912381
Retinol,13,350,100,2.42,50,4.84,150,5,0.5,0.0052852996147552,0.005285299614755209
Retinol,14,350,100,2.42,50,4.84,500,5,0.5,0.0210492357453451,0.02105424756470161
Retinol,15,350,100,2.42,50,4.84,900,5,0.5,0.0390651627517334,0.03906516275173335
Retinol,16,350,100,2.42,150,4.84,150,5,0.5,0.0593330806339204,0.05931982783071473
Retinol,17,350,100,2.42,150,4.84,500,5,0.5,0.2012085058092289,0.20120943617275167
Retinol,18,350,100,2.42,150,4.84,900,5,0.5,0.3633518488667243,0.3634450775840479
Retinol,19,350,300,1.93,50,3.86,150,5,0.5,0.0052852996147552,0.005285299614755209
Retinol,20,350,300,1.93,50,3.86,500,5,0.5,0.0210492357453451,0.021049235745345115
Retinol,21,350,300,1.93,50,3.86,900,5,0.5,0.0390651627517334,0.0390755214981026
Retinol,22,350,300,1.93,150,3.86,150,5,0.5,0.0593330806339204,0.059313204728603616
Retinol,23,350,300,1.93,150,3.86,500,5,0.5,0.2012085058092289,0.20126029954107527
Retinol,24,350,300,1.93,150,3.86,900,5,0.5,0.3633518488667243,0.3634330403402999
Retinol,25,350,300,1.44,50,2.88,150,5,0.5,0.0052852996147552,0.0052841953977931615
Retinol,26,350,300,1.44,50,2.88,500,5,0.5,0.0210492357453451,0.021048492705607585
Retinol,27,350,300,1.44,50,2.88,900,5,0.5,0.0390651627517334,0.03906382528020579
Retinol,28,350,300,1.44,150,2.88,150,5,0.5,0.0593330806339204,0.059321834038006074
Retinol,29,350,300,1.44,150,2.88,500,5,0.5,0.2012085058092289,0.20119513109395346
Retinol,30,350,300,1.44,150,2.88,900,5,0.5,0.3633518488667243,0.3637378272236447
Retinol,31,350,300,2.42,50,4.84,150,5,0.5,0.0052852996147552,0.00528404999298694
Retinol,32,350,300,2.42,50,4.84,500,5,0.5,0.0210492357453451,0.021056321700588812
Retinol,33,350,300,2.42,50,4.84,900,5,0.5,0.0390651627517334,0.03905766502112374
Retinol,34,350,300,2.42,150,4.84,150,5,0.5,0.0593330806339204,0.05932706201204649
Retinol,35,350,300,2.42,150,4.84,500,5,0.5,0.2012085058092289,0.20116432979854315
Retinol,36,350,300,2.42,150,4.84,900,5,0.5,0.3633518488667243,0.36327233204749015
Retinol,37,450,100,1.93,50,3.86,150,5,0.5,0.0072155775082968,0.007214757577894354
Retinol,38,450,100,1.93,50,3.86,500,5,0.5,0.0274834953904838,0.027482540053678454
Retinol,39,450,100,1.93,50,3.86,900,5,0.5,0.0506468301129831,0.05061843407710665
Retinol,40,450,100,1.93,150,3.86,150,5,0.5,0.0767055816757949,0.0767127818903749
Retinol,41,450,100,1.93,150,3.86,500,5,0.5,0.2591168426154772,0.25911684261547685
Retinol,42,450,100,1.93,150,3.86,900,5,0.5,0.4675868551179714,0.46746914275128
Retinol,43,450,100,1.44,50,2.88,150,5,0.5,0.0072155775082968,0.007215004306213575
Retinol,44,450,100,1.44,50,2.88,500,5,0.5,0.0274834953904838,0.027481584716873057
Retinol,45,450,100,1.44,50,2.88,900,5,0.5,0.0506468301129831,0.050643390900483753
Retinol,46,450,100,1.44,150,2.88,150,5,0.5,0.0767055816757949,0.07670300226642048
Retinol,47,450,100,1.44,150,2.88,500,5,0.5,0.2591168426154772,0.25911684261547685
Retinol,48,450,100,1.44,150,2.88,900,5,0.5,0.4675868551179714,0.46747923799925467
Retinol,49,450,100,2.42,50,4.84,150,5,0.5,0.0072155775082968,0.007215577508296813
Retinol,50,450,100,2.42,50,4.84,500,5,0.5,0.0274834953904838,0.027482540053678454
Retinol,51,450,100,2.42,50,4.84,900,5,0.5,0.0506468301129831,0.05064511050673347
Retinol,52,450,100,2.42,150,4.84,150,5,0.5,0.0767055816757949,0.07670300226642048
Retinol,53,450,100,2.42,150,4.84,500,5,0.5,0.2591168426154772,0.25914084333074305
Retinol,54,450,100,2.42,150,4.84,900,5,0.5,0.4675868551179714,0.46742343145755266
Retinol,55,450,300,1.93,50,3.86,150,5,0.5,0.0072155775082968,0.007215004306213575
Retinol,56,450,300,1.93,50,3.86,500,5,0.5,0.0274834953904838,0.027482540053678454
Retinol,57,450,300,1.93,50,3.86,900,5,0.5,0.0506468301129831,0.05064683011298318
Retinol,58,450,300,1.93,150,3.86,150,5,0.5,0.0767055816757949,0.07669526403829675
Retinol,59,450,300,1.93,150,3.86,500,5,0.5,0.2591168426154772,0.25906864291870074
Retinol,60,450,300,1.93,150,3.86,900,5,0.5,0.4675868551179714,0.4675713786617244
Retinol,61,450,300,1.44,50,2.88,150,5,0.5,0.0072155775082968,0.007215004306213575
Retinol,62,450,300,1.44,50,2.88,500,5,0.5,0.0274834953904838,0.02748349539048385
Retinol,63,450,300,1.44,50,2.88,900,5,0.5,0.0506468301129831,0.050637190173627965
Retinol,64,450,300,1.44,150,2.88,150,5,0.5,0.0767055816757949,0.0767085199396712
Retinol,65,450,300,1.44,150,2.88,500,5,0.5,0.2591168426154772,0.2591082445842283
Retinol,66,450,300,1.44,150,2.88,900,5,0.5,0.4675868551179714,0.46758685511797177
Retinol,67,450,300,2.42,50,4.84,150,5,0.5,0.0072155775082968,0.007215044178935973
Retinol,68,450,300,2.42,50,4.84,500,5,0.5,0.0274834953904838,0.02748349539048385
Retinol,69,450,300,2.42,50,4.84,900,5,0.5,0.0506468301129831,0.050614994864607216
Retinol,70,450,300,2.42,150,4.84,150,5,0.5,0.0767055816757949,0.0767127818903749
Retinol,71,450,300,2.42,150,4.84,500,5,0.5,0.2591168426154772,0.25911684261547685
Retinol,72,450,300,2.42,150,4.84,900,5,0.5,0.4675868551179714,0.4674846192075274
Retinol,73,550,100,1.93,50,3.86,150,5,0.5,0.0091458554018385,0.009143541420326399
Retinol,74,550,100,1.93,50,3.86,500,5,0.5,0.0339177550356225,0.03390963577426529
Retinol,75,550,100,1.93,50,3.86,900,5,0.5,0.0622284974742328,0.0622180862857334
Retinol,76,550,100,1.93,150,3.86,150,5,0.5,0.0940780827176694,0.09404164010131141
Retinol,77,550,100,1.93,150,3.86,500,5,0.5,0.3170251794217256,0.31697093157219913
Retinol,78,550,100,1.93,150,3.86,900,5,0.5,0.5718218613692184,0.5717840300317237
Retinol,79,550,100,1.44,50,2.88,150,5,0.5,0.0091458554018385,0.009145154821514557
Retinol,80,550,100,1.44,50,2.88,500,5,0.5,0.0339177550356225,0.033925630751754185
Retinol,81,550,100,1.44,50,2.88,900,5,0.5,0.0622284974742328,0.06222639573326084
Retinol,82,550,100,1.44,150,2.88,150,5,0.5,0.0940780827176694,0.09408482654053144
Retinol,83,550,100,1.44,150,2.88,500,5,0.5,0.3170251794217256,0.3170371501264069
Retinol,84,550,100,1.44,150,2.88,900,5,0.5,0.5718218613692184,0.5718029457004706
Retinol,85,550,100,2.42,50,4.84,150,5,0.5,0.0091458554018385,0.009145855401838513
Retinol,86,550,100,2.42,50,4.84,500,5,0.5,0.0339177550356225,0.03392679838562745
Retinol,87,550,100,2.42,50,4.84,900,5,0.5,0.0622284974742328,0.0622180862857334
Retinol,88,550,100,2.42,150,4.84,150,5,0.5,0.0940780827176694,0.0940604094955182
Retinol,89,550,100,2.42,150,4.84,500,5,0.5,0.3170251794217256,0.3169936533071482
Retinol,90,550,100,2.42,150,4.84,900,5,0.5,0.5718218613692184,0.5717840300317237
Retinol,91,550,300,1.93,50,3.86,150,5,0.5,0.0091458554018385,0.009145505111676534
Retinol,92,550,300,1.93,50,3.86,500,5,0.5,0.0339177550356225,0.03391775503562255
Retinol,93,550,300,1.93,50,3.86,900,5,0.5,0.0622284974742328,0.06221461358516001
Retinol,94,550,300,1.93,150,3.86,150,5,0.5,0.0940780827176694,0.09407808271766943
Retinol,95,550,300,1.93,150,3.86,500,5,0.5,0.3170251794217256,0.3170146707168669
Retinol,96,550,300,1.93,150,3.86,900,5,0.5,0.5718218613692184,0.5717092450039768
Retinol,97,550,300,1.44,50,2.88,150,5,0.5,0.0091458554018385,0.009145154821514557
Retinol,98,550,300,1.44,50,2.88,500,5,0.5,0.0339177550356225,0.03391775503562255
Retinol,99,550,300,1.44,50,2.88,900,5,0.5,0.0622284974742328,0.06222639573326084
Retinol,100,550,300,1.44,150,2.88,150,5,0.5,0.0940780827176694,0.09407808271766943
Retinol,101,550,300,1.44,150,2.88,500,5,0.5,0.3170251794217256,0.31702517942172626
Retinol,102,550,300,1.44,150,2.88,900,5,0.5,0.5718218613692184,0.5718029457004706
Retinol,103,550,300,2.42,50,4.84,150,5,0.5,0.0091458554018385,0.009143541420326399
Retinol,104,550,300,2.42,50,4.84,500,5,0.5,0.0339177550356225,0.033910803408138554
Retinol,105,550,300,2.42,50,4.84,900,5,0.5,0.0622284974742328,0.0622180862857334
Retinol,106,550,300,2.42,150,4.84,150,5,0.5,0.0940780827176694,0.09404479271276923
Retinol,107,550,300,2.42,150,4.84,500,5,0.5,0.3170251794217256,0.3169709315721992
Retinol,108,550,300,2.42,150,4.84,900,5,0.5,0.5718218613692184,0.5717840300317237
Retinol,109,650,100,1.93,50,3.86,150,5,0.5,0.0110761332953801,0.01107489135753311
Retinol,110,650,100,1.93,50,3.86,500,5,0.5,0.0403520146807612,0.04035063474981998
Retinol,111,650,100,1.93,50,3.86,900,5,0.5,0.0738101648354825,0.07379375660294187
Retinol,112,650,100,1.93,150,3.86,150,5,0.5,0.1114505837595439,0.11142597141073321
Retinol,113,650,100,1.93,150,3.86,500,5,0.5,0.3749335162279739,0.37483905568680137
Retinol,114,650,100,1.93,150,3.86,900,5,0.5,0.6760568676204655,0.6759014206712082
Retinol,115,650,100,1.44,50,2.88,150,5,0.5,0.0110761332953801,0.011071491843097985
Retinol,116,650,100,1.44,50,2.88,500,5,0.5,0.0403520146807612,0.04035063474981998
Retinol,117,650,100,1.44,50,2.88,900,5,0.5,0.0738101648354825,0.07379624047863591
Retinol,118,650,100,1.44,150,2.88,150,5,0.5,0.1114505837595439,0.1114505837595439
Retinol,119,650,100,1.44,150,2.88,500,5,0.5,0.3749335162279739,0.37490867747103357
Retinol,120,650,100,1.44,150,2.88,900,5,0.5,0.6760568676204655,0.6759461304337008
Retinol,121,650,100,2.42,50,4.84,150,5,0.5,0.0110761332953801,0.011075305336815451
Retinol,122,650,100,2.42,50,4.84,500,5,0.5,0.0403520146807612,0.04035063474981998
Retinol,123,650,100,2.42,50,4.84,900,5,0.5,0.0738101648354825,0.07380519708409426
Retinol,124,650,100,2.42,150,4.84,150,5,0.5,0.1114505837595439,0.1114505837595439
Retinol,125,650,100,2.42,150,4.84,500,5,0.5,0.3749335162279739,0.37487199556865974
Retinol,126,650,100,2.42,150,4.84,900,5,0.5,0.6760568676204655,0.6759237755524545
Retinol,127,650,300,1.93,50,3.86,150,5,0.5,0.0110761332953801,0.01107530533681545
Retinol,128,650,300,1.93,50,3.86,500,5,0.5,0.0403520146807612,0.04035063474981998
Retinol,129,650,300,1.93,50,3.86,900,5,0.5,0.0738101648354825,0.07379375660294187
Retinol,130,650,300,1.93,150,3.86,150,5,0.5,0.1114505837595439,0.11143212756174967
Retinol,131,650,300,1.93,150,3.86,500,5,0.5,0.3749335162279739,0.3749335162279739
Retinol,132,650,300,1.93,150,3.86,900,5,0.5,0.6760568676204655,0.6759898029767274
Retinol,133,650,300,1.44,50,2.88,150,5,0.5,0.0110761332953801,0.01107571931609779
Retinol,134,650,300,1.44,50,2.88,500,5,0.5,0.0403520146807612,0.040347874887937715
Retinol,135,650,300,1.44,50,2.88,900,5,0.5,0.0738101648354825,0.0738076809597883
Retinol,136,650,300,1.44,150,2.88,150,5,0.5,0.1114505837595439,0.11143212756174967
Retinol,137,650,300,1.44,150,2.88,500,5,0.5,0.3749335162279739,0.3748514750652716
Retinol,138,650,300,1.44,150,2.88,900,5,0.5,0.6760568676204655,0.6760568676204661
Retinol,139,650,300,2.42,50,4.84,150,5,0.5,0.0110761332953801,0.011077683656888873
Retinol,140,650,300,2.42,50,4.84,500,5,0.5,0.0403520146807612,0.04035063474981998
Retinol,141,650,300,2.42,50,4.84,900,5,0.5,0.0738101648354825,0.0738154781504645
Retinol,142,650,300,2.42,150,4.84,150,5,0.5,0.1114505837595439,0.11142969722427426
Retinol,143,650,300,2.42,150,4.84,500,5,0.5,0.3749335162279739,0.37485147506527156
Retinol,144,650,300,2.42,150,4.84,900,5,0.5,0.6760568676204655,0.6759014206712082
Nicotinamide,1,350,100,1.93,50,3.86,150,5,0.5,0.00825953018065,0.00827232876109148
Nicotinamide,2,350,100,1.93,50,3.86,500,5,0.5,0.030963337631661,0.030972424866342076
Nicotinamide,3,350,100,1.93,50,3.86,900,5,0.5,0.0569105461471021,0.05694126274016162
Nicotinamide,4,350,100,1.93,150,3.86,150,5,0.5,0.0861011557269733,0.08603354148143358
Nicotinamide,5,350,100,1.93,150,3.86,500,5,0.5,0.290435422786072,0.29066579723401864
Nicotinamide,6,350,100,1.93,150,3.86,900,5,0.5,0.523960299425042,0.5242367487625783
Nicotinamide,7,350,100,1.44,50,2.88,150,5,0.5,0.00825953018065,0.008259530180649986
Nicotinamide,8,350,100,1.44,50,2.88,500,5,0.5,0.030963337631661,0.030988934792544023
Nicotinamide,9,350,100,1.44,50,2.88,900,5,0.5,0.0569105461471021,0.05692590444363182
Nicotinamide,10,350,100,1.44,150,2.88,150,5,0.5,0.0861011557269733,0.08610115572697354
Nicotinamide,11,350,100,1.44,150,2.88,500,5,0.5,0.290435422786072,0.29051221426872065
Nicotinamide,12,350,100,1.44,150,2.88,900,5,0.5,0.523960299425042,0.5242367487625783
Nicotinamide,13,350,100,2.42,50,4.84,150,5,0.5,0.00825953018065,0.008269769045003183
Nicotinamide,14,350,100,2.42,50,4.84,500,5,0.5,0.030963337631661,0.030980402405583023
Nicotinamide,15,350,100,2.42,50,4.84,900,5,0.5,0.0569105461471021,0.056910546147102024
Nicotinamide,16,350,100,2.42,150,4.84,150,5,0.5,0.0861011557269733,0.08610115572697354
Nicotinamide,17,350,100,2.42,150,4.84,500,5,0.5,0.290435422786072,0.2902868334502542
Nicotinamide,18,350,100,2.42,150,4.84,900,5,0.5,0.523960299425042,0.5238310632893385
Nicotinamide,19,350,300,1.93,50,3.86,150,5,0.5,0.00825953018065,0.008262089896738285
Nicotinamide,20,350,300,1.93,50,3.86,500,5,0.5,0.030963337631661,0.030963337631661033
Nicotinamide,21,350,300,1.93,50,3.86,900,5,0.5,0.0569105461471021,0.05694126274016162
Nicotinamide,22,350,300,1.93,150,3.86,150,5,0.5,0.0861011557269733,0.08612419317176823
Nicotinamide,23,350,300,1.93,150,3.86,500,5,0.5,0.290435422786072,0.29058900575136964
Nicotinamide,24,350,300,1.93,150,3.86,900,5,0.5,0.523960299425042,0.5240985240938101
Nicotinamide,25,350,300,1.44,50,2.88,150,5,0.5,0.00825953018065,0.008252017486701102
Nicotinamide,26,350,300,1.44,50,2.88,500,5,0.5,0.030963337631661,0.030971870018622026
Nicotinamide,27,350,300,1.44,50,2.88,900,5,0.5,0.0569105461471021,0.05692590444363182
Nicotinamide,28,350,300,1.44,150,2.88,150,5,0.5,0.0861011557269733,0.08612419317176823
Nicotinamide,29,350,300,1.44,150,2.88,500,5,0.5,0.290435422786072,0.2904354227860717
Nicotinamide,30,350,300,1.44,150,2.88,900,5,0.5,0.523960299425042,0.5240985240938101
Nicotinamide,31,350,300,2.42,50,4.84,150,5,0.5,0.00825953018065,0.008269769045003181
Nicotinamide,32,350,300,2.42,50,4.84,500,5,0.5,0.030963337631661,0.03096389247938108
Nicotinamide,33,350,300,2.42,50,4.84,900,5,0.5,0.0569105461471021,0.05694126274016162
Nicotinamide,34,350,300,2.42,150,4.84,150,5,0.5,0.0861011557269733,0.08603354148143358
Nicotinamide,35,350,300,2.42,150,4.84,500,5,0.5,0.290435422786072,0.2908193801993166
Nicotinamide,36,350,300,2.42,150,4.84,900,5,0.5,0.523960299425042,0.5242367487625783
Nicotinamide,37,450,100,1.93,50,3.86,150,5,0.5,0.0110395882358758,0.011052752490044202
Nicotinamide,38,450,100,1.93,50,3.86,500,5,0.5,0.0402301978157471,0.04027407866297508
Nicotinamide,39,450,100,1.93,50,3.86,900,5,0.5,0.0735908944784571,0.07361064085970956
Nicotinamide,40,450,100,1.93,150,3.86,150,5,0.5,0.1111216782240058,0.11112360433823384
Nicotinamide,41,450,100,1.93,150,3.86,500,5,0.5,0.373837164442847,0.37413336016163584
Nicotinamide,42,450,100,1.93,150,3.86,900,5,0.5,0.6740834344072371,0.6742611518385102
Nicotinamide,43,450,100,1.44,50,2.88,150,5,0.5,0.0110395882358758,0.011042879299417906
Nicotinamide,44,450,100,1.44,50,2.88,500,5,0.5,0.0402301978157471,0.04020897076777317
Nicotinamide,45,450,100,1.44,50,2.88,900,5,0.5,0.0735908944784571,0.07363038724096216
Nicotinamide,46,450,100,1.44,150,2.88,150,5,0.5,0.1111216782240058,0.11118091736776346
Nicotinamide,47,450,100,1.44,150,2.88,500,5,0.5,0.373837164442847,0.3738371644428469
Nicotinamide,48,450,100,1.44,150,2.88,900,5,0.5,0.6740834344072371,0.674083434407237
Nicotinamide,49,450,100,2.42,50,4.84,150,5,0.5,0.0110395882358758,0.011042879299417906
Nicotinamide,50,450,100,2.42,50,4.84,500,5,0.5,0.0402301978157471,0.04024116802755409
Nicotinamide,51,450,100,2.42,50,4.84,900,5,0.5,0.0735908944784571,0.07361064085970956
Nicotinamide,52,450,100,2.42,150,4.84,150,5,0.5,0.1111216782240058,0.11115129779588458
Nicotinamide,53,450,100,2.42,150,4.84,500,5,0.5,0.373837164442847,0.37403462825537287
Nicotinamide,54,450,100,2.42,150,4.84,900,5,0.5,0.6740834344072371,0.674083434407237
Nicotinamide,55,450,300,1.93,50,3.86,150,5,0.5,0.0110395882358758,0.011039588235875806
Nicotinamide,56,450,300,1.93,50,3.86,500,5,0.5,0.0402301978157471,0.0402411680275541
Nicotinamide,57,450,300,1.93,50,3.86,900,5,0.5,0.0735908944784571,0.07363038724096216
Nicotinamide,58,450,300,1.93,150,3.86,150,5,0.5,0.1111216782240058,0.11118091736776346
Nicotinamide,59,450,300,1.93,150,3.86,500,5,0.5,0.373837164442847,0.3738371644428469
Nicotinamide,60,450,300,1.93,150,3.86,900,5,0.5,0.6740834344072371,0.6742611518385102
Nicotinamide,61,450,300,1.44,50,2.88,150,5,0.5,0.0110395882358758,0.011039588235875806
Nicotinamide,62,450,300,1.44,50,2.88,500,5,0.5,0.0402301978157471,0.0402411680275541
Nicotinamide,63,450,300,1.44,50,2.88,900,5,0.5,0.0735908944784571,0.07363038724096216
Nicotinamide,64,450,300,1.44,150,2.88,150,5,0.5,0.1111216782240058,0.11115129779588458
Nicotinamide,65,450,300,1.44,150,2.88,500,5,0.5,0.373837164442847,0.3739358963491099
Nicotinamide,66,450,300,1.44,150,2.88,900,5,0.5,0.6740834344072371,0.674083434407237
Nicotinamide,67,450,300,2.42,50,4.84,150,5,0.5,0.0110395882358758,0.011062625680670499
Nicotinamide,68,450,300,2.42,50,4.84,500,5,0.5,0.0402301978157471,0.04026310845116809
Nicotinamide,69,450,300,2.42,50,4.84,900,5,0.5,0.0735908944784571,0.07361064085970956
Nicotinamide,70,450,300,2.42,150,4.84,150,5,0.5,0.1111216782240058,0.11106436519447607
Nicotinamide,71,450,300,2.42,150,4.84,500,5,0.5,0.373837164442847,0.3740346282553728
Nicotinamide,72,450,300,2.42,150,4.84,900,5,0.5,0.6740834344072371,0.6742611518385102
Nicotinamide,73,550,100,1.93,50,3.86,150,5,0.5,0.0138196462911017,0.013827691113093505
Nicotinamide,74,550,100,1.93,50,3.86,500,5,0.5,0.0494970579998332,0.04951046603648613
Nicotinamide,75,550,100,1.93,50,3.86,900,5,0.5,0.0902712428098121,0.09022454330426939
Nicotinamide,76,550,100,1.93,150,3.86,150,5,0.5,0.1361422007210383,0.13625080581792734
Nicotinamide,77,550,100,1.93,150,3.86,500,5,0.5,0.4572389060996219,0.45723890609962115
Nicotinamide,78,550,100,1.93,150,3.86,900,5,0.5,0.8242065693894319,0.824640989776989
Nicotinamide,79,550,100,1.44,50,2.88,150,5,0.5,0.0138196462911017,0.013819646291101708
Nicotinamide,80,550,100,1.44,50,2.88,500,5,0.5,0.0494970579998332,0.04951046603648613
Nicotinamide,81,550,100,1.44,50,2.88,900,5,0.5,0.0902712428098121,0.09027124280981207
Nicotinamide,82,550,100,1.44,150,2.88,150,5,0.5,0.1361422007210383,0.13617840242000112
Nicotinamide,83,550,100,1.44,150,2.88,500,5,0.5,0.4572389060996219,0.45723890609962115
Nicotinamide,84,550,100,1.44,150,2.88,900,5,0.5,0.8242065693894319,0.8244237795832104
Nicotinamide,85,550,100,2.42,50,4.84,150,5,0.5,0.0138196462911017,0.013827691113093508
Nicotinamide,86,550,100,2.42,50,4.84,500,5,0.5,0.0494970579998332,0.04949705799983313
Nicotinamide,87,550,100,2.42,50,4.84,900,5,0.5,0.0902712428098121,0.09031951174176284
Nicotinamide,88,550,100,2.42,150,4.84,150,5,0.5,0.1361422007210383,0.13628700751689043
Nicotinamide,89,550,100,2.42,150,4.84,500,5,0.5,0.4572389060996219,0.45723890609962115
Nicotinamide,90,550,100,2.42,150,4.84,900,5,0.5,0.8242065693894319,0.8242065693894319
Nicotinamide,91,550,300,1.93,50,3.86,150,5,0.5,0.0138196462911017,0.013831713524089406
Nicotinamide,92,550,300,1.93,50,3.86,500,5,0.5,0.0494970579998332,0.04952387407313912
Nicotinamide,93,550,300,1.93,50,3.86,900,5,0.5,0.0902712428098121,0.09027124280981207
Nicotinamide,94,550,300,1.93,150,3.86,150,5,0.5,0.1361422007210383,0.13617840242000115
Nicotinamide,95,550,300,1.93,150,3.86,500,5,0.5,0.4572389060996219,0.45723890609962115
Nicotinamide,96,550,300,1.93,150,3.86,900,5,0.5,0.8242065693894319,0.824640989776989
Nicotinamide,97,550,300,1.44,50,2.88,150,5,0.5,0.0138196462911017,0.013807840629182033
Nicotinamide,98,550,300,1.44,50,2.88,500,5,0.5,0.0494970579998332,0.04949705799983313
Nicotinamide,99,550,300,1.44,50,2.88,900,5,0.5,0.0902712428098121,0.09027124280981207
Nicotinamide,100,550,300,1.44,150,2.88,150,5,0.5,0.1361422007210383,0.13614220072103805
Nicotinamide,101,550,300,1.44,150,2.88,500,5,0.5,0.4572389060996219,0.45723890609962115
Nicotinamide,102,550,300,1.44,150,2.88,900,5,0.5,0.8242065693894319,0.824640989776989
Nicotinamide,103,550,300,2.42,50,4.84,150,5,0.5,0.0138196462911017,0.013835735935085303
Nicotinamide,104,550,300,2.42,50,4.84,500,5,0.5,0.0494970579998332,0.049537282109792115
Nicotinamide,105,550,300,2.42,50,4.84,900,5,0.5,0.0902712428098121,0.09027281223622018
Nicotinamide,106,550,300,2.42,150,4.84,150,5,0.5,0.1361422007210383,0.13621460411896424
Nicotinamide,107,550,300,2.42,150,4.84,500,5,0.5,0.4572389060996219,0.45700540857190786
Nicotinamide,108,550,300,2.42,150,4.84,900,5,0.5,0.8242065693894319,0.8248581999707675
Nicotinamide,109,650,100,1.93,50,3.86,150,5,0.5,0.0165997043463275,0.01659970434632751
Nicotinamide,110,650,100,1.93,50,3.86,500,5,0.5,0.0587639181839193,0.05877976404541825
Nicotinamide,111,650,100,1.93,50,3.86,900,5,0.5,0.1069515911411671,0.10700863624256327
Nicotinamide,112,650,100,1.93,150,3.86,150,5,0.5,0.1611627232180708,0.16124829087016568
Nicotinamide,113,650,100,1.93,150,3.86,500,5,0.5,0.540640647756397,0.5412110987703612
Nicotinamide,114,650,100,1.93,150,3.86,900,5,0.5,0.9743297043716268,0.9736281353655901
Nicotinamide,115,650,100,1.44,50,2.88,150,5,0.5,0.0165997043463275,0.01660445810477721
Nicotinamide,116,650,100,1.44,50,2.88,500,5,0.5,0.0587639181839193,0.05876391818391926
Nicotinamide,117,650,100,1.44,50,2.88,900,5,0.5,0.1069515911411671,0.10688457096861466
Nicotinamide,118,650,100,1.44,150,2.88,150,5,0.5,0.1611627232180708,0.1612055070441184
Nicotinamide,119,650,100,1.44,150,2.88,500,5,0.5,0.540640647756397,0.5407832605098885
Nicotinamide,120,650,100,1.44,150,2.88,900,5,0.5,0.9743297043716268,0.9743297043716268
Nicotinamide,121,650,100,2.42,50,4.84,150,5,0.5,0.0165997043463275,0.01659970434632751
Nicotinamide,122,650,100,2.42,50,4.84,500,5,0.5,0.0587639181839193,0.05876494861539935
Nicotinamide,123,650,100,2.42,50,4.84,900,5,0.5,0.1069515911411671,0.10700863624256327
Nicotinamide,124,650,100,2.42,150,4.84,150,5,0.5,0.1611627232180708,0.1612055070441184
Nicotinamide,125,650,100,2.42,150,4.84,500,5,0.5,0.540640647756397,0.5406406477563975
Nicotinamide,126,650,100,2.42,150,4.84,900,5,0.5,0.9743297043716268,0.9743297043716268
Nicotinamide,127,650,300,1.93,50,3.86,150,5,0.5,0.0165997043463275,0.01660445810477721
Nicotinamide,128,650,300,1.93,50,3.86,500,5,0.5,0.0587639181839193,0.058779764045418265
Nicotinamide,129,650,300,1.93,50,3.86,900,5,0.5,0.1069515911411671,0.10681659392798863
Nicotinamide,130,650,300,1.93,150,3.86,150,5,0.5,0.1611627232180708,0.16124829087016568
Nicotinamide,131,650,300,1.93,150,3.86,500,5,0.5,0.540640647756397,0.5407832605098885
Nicotinamide,132,650,300,1.93,150,3.86,900,5,0.5,0.9743297043716268,0.975099813240478
Nicotinamide,133,650,300,1.44,50,2.88,150,5,0.5,0.0165997043463275,0.01659970434632751
Nicotinamide,134,650,300,1.44,50,2.88,500,5,0.5,0.0587639181839193,0.05879560990691725
Nicotinamide,135,650,300,1.44,50,2.88,900,5,0.5,0.1069515911411671,0.10698011369186507
Nicotinamide,136,650,300,1.44,150,2.88,150,5,0.5,0.1611627232180708,0.16116272321807112
Nicotinamide,137,650,300,1.44,150,2.88,500,5,0.5,0.540640647756397,0.5406406477563975
Nicotinamide,138,650,300,1.44,150,2.88,900,5,0.5,0.9743297043716268,0.9745864073279106
Nicotinamide,139,650,300,2.42,50,4.84,150,5,0.5,0.0165997043463275,0.01659970434632751
Nicotinamide,140,650,300,2.42,50,4.84,500,5,0.5,0.0587639181839193,0.05879560990691725
Nicotinamide,141,650,300,2.42,50,4.84,900,5,0.5,0.1069515911411671,0.10706568134395965
Nicotinamide,142,650,300,2.42,150,4.84,150,5,0.5,0.1611627232180708,0.16133385852226023
Nicotinamide,143,650,300,2.42,150,4.84,500,5,0.5,0.540640647756397,0.5412110987703612
Nicotinamide,144,650,300,2.42,150,4.84,900,5,0.5,0.9743297043716268,0.9738848383218739
DL-panthenol,1,350,100,1.93,50,3.86,150,5,0.5,0.0065112697935229,0.006521036316839262
DL-panthenol,2,350,100,1.93,50,3.86,500,5,0.5,0.0251358030079041,0.02513427838937662
DL-panthenol,3,350,100,1.93,50,3.86,900,5,0.5,0.0464209838243398,0.04644952768156295
DL-panthenol,4,350,100,1.93,150,3.86,150,5,0.5,0.0703668122428298,0.0704068728832869
DL-panthenol,5,350,100,1.93,150,3.86,500,5,0.5,0.2379876111722605,0.2378067166844471
DL-panthenol,6,350,100,1.93,150,3.86,900,5,0.5,0.4295542385201812,0.42989987465355534
DL-panthenol,7,350,100,1.44,50,2.88,150,5,0.5,0.0065112697935229,0.0065112697935229
DL-panthenol,8,350,100,1.44,50,2.88,500,5,0.5,0.0251358030079041,0.02513512505255071
DL-panthenol,9,350,100,1.44,50,2.88,900,5,0.5,0.0464209838243398,0.04641976350470361
DL-panthenol,10,350,100,1.44,150,2.88,150,5,0.5,0.0703668122428298,0.0703649817633754
DL-panthenol,11,350,100,1.44,150,2.88,500,5,0.5,0.2379876111722605,0.23849401396013442
DL-panthenol,12,350,100,1.44,150,2.88,900,5,0.5,0.4295542385201812,0.4298440818653669
DL-panthenol,13,350,100,2.42,50,4.84,150,5,0.5,0.0065112697935229,0.006506157839085595
DL-panthenol,14,350,100,2.42,50,4.84,500,5,0.5,0.0251358030079041,0.025156964810652792
DL-panthenol,15,350,100,2.42,50,4.84,900,5,0.5,0.0464209838243398,0.0464197635047036
DL-panthenol,16,350,100,2.42,150,4.84,150,5,0.5,0.0703668122428298,0.07031897417343963
DL-panthenol,17,350,100,2.42,150,4.84,500,5,0.5,0.2379876111722605,0.23813334983681309
DL-panthenol,18,350,100,2.42,150,4.84,900,5,0.5,0.4295542385201812,0.42955423852018204
DL-panthenol,19,350,300,1.93,50,3.86,150,5,0.5,0.0065112697935229,0.0065112697935229
DL-panthenol,20,350,300,1.93,50,3.86,500,5,0.5,0.0251358030079041,0.02513512505255071
DL-panthenol,21,350,300,1.93,50,3.86,900,5,0.5,0.0464209838243398,0.04642098382433976
DL-panthenol,22,350,300,1.93,150,3.86,150,5,0.5,0.0703668122428298,0.07036315128392116
DL-panthenol,23,350,300,1.93,150,3.86,500,5,0.5,0.2379876111722605,0.23798917502161898
DL-panthenol,24,350,300,1.93,150,3.86,900,5,0.5,0.4295542385201812,0.42955423852018204
DL-panthenol,25,350,300,1.44,50,2.88,150,5,0.5,0.0065112697935229,0.006501045884648289
DL-panthenol,26,350,300,1.44,50,2.88,500,5,0.5,0.0251358030079041,0.02513512505255071
DL-panthenol,27,350,300,1.44,50,2.88,900,5,0.5,0.0464209838243398,0.04642098382433976
DL-panthenol,28,350,300,1.44,150,2.88,150,5,0.5,0.0703668122428298,0.07036681224282962
DL-panthenol,29,350,300,1.44,150,2.88,500,5,0.5,0.2379876111722605,0.2379815095740799
DL-panthenol,30,350,300,1.44,150,2.88,900,5,0.5,0.4295542385201812,0.42953508769557625
DL-panthenol,31,350,300,2.42,50,4.84,150,5,0.5,0.0065112697935229,0.006521036316839262
DL-panthenol,32,350,300,2.42,50,4.84,500,5,0.5,0.0251358030079041,0.025100198693127913
DL-panthenol,33,350,300,2.42,50,4.84,900,5,0.5,0.0464209838243398,0.04644952768156295
DL-panthenol,34,350,300,2.42,150,4.84,150,5,0.5,0.0703668122428298,0.07040870336274112
DL-panthenol,35,350,300,2.42,150,4.84,500,5,0.5,0.2379876111722605,0.23780061508626638
DL-panthenol,36,350,300,2.42,150,4.84,900,5,0.5,0.4295542385201812,0.42989987465355534
DL-panthenol,37,450,100,1.93,50,3.86,150,5,0.5,0.0087918248809982,0.008798204867995436
DL-panthenol,38,450,100,1.93,50,3.86,500,5,0.5,0.0327376532994883,0.03269383654716853
DL-panthenol,39,450,100,1.93,50,3.86,900,5,0.5,0.0601043143491912,0.06014415155897106
DL-panthenol,40,450,100,1.93,150,3.86,150,5,0.5,0.090891808030107,0.09089180803010702
DL-panthenol,41,450,100,1.93,150,3.86,500,5,0.5,0.3064042637965178,0.30639641888457175
DL-panthenol,42,450,100,1.93,150,3.86,900,5,0.5,0.5527042132438446,0.552704213243844
DL-panthenol,43,450,100,1.44,50,2.88,150,5,0.5,0.0087918248809982,0.008791824880998191
DL-panthenol,44,450,100,1.44,50,2.88,500,5,0.5,0.0327376532994883,0.0327376532994883
DL-panthenol,45,450,100,1.44,50,2.88,900,5,0.5,0.0601043143491912,0.06014572054136039
DL-panthenol,46,450,100,1.44,150,2.88,150,5,0.5,0.090891808030107,0.09089180803010702
DL-panthenol,47,450,100,1.44,150,2.88,500,5,0.5,0.3064042637965178,0.30639641888457175
DL-panthenol,48,450,100,1.44,150,2.88,900,5,0.5,0.5527042132438446,0.55269009240234
DL-panthenol,49,450,100,2.42,50,4.84,150,5,0.5,0.0087918248809982,0.008791824880998191
DL-panthenol,50,450,100,2.42,50,4.84,500,5,0.5,0.0327376532994883,0.0327376532994883
DL-panthenol,51,450,100,2.42,50,4.84,900,5,0.5,0.0601043143491912,0.06006487927210333
DL-panthenol,52,450,100,2.42,150,4.84,150,5,0.5,0.090891808030107,0.09089180803010702
DL-panthenol,53,450,100,2.42,150,4.84,500,5,0.5,0.3064042637965178,0.3062070884110796
DL-panthenol,54,450,100,2.42,150,4.84,900,5,0.5,0.5527042132438446,0.552704213243844
DL-panthenol,55,450,300,1.93,50,3.86,150,5,0.5,0.0087918248809982,0.008791824880998191
DL-panthenol,56,450,300,1.93,50,3.86,500,5,0.5,0.0327376532994883,0.032736781642605337
DL-panthenol,57,450,300,1.93,50,3.86,900,5,0.5,0.0601043143491912,0.06006487927210333
DL-panthenol,58,450,300,1.93,150,3.86,150,5,0.5,0.090891808030107,0.09083030194089133
DL-panthenol,59,450,300,1.93,150,3.86,500,5,0.5,0.3064042637965178,0.3062070884110795
DL-panthenol,60,450,300,1.93,150,3.86,900,5,0.5,0.5527042132438446,0.5526759715608359
DL-panthenol,61,450,300,1.44,50,2.88,150,5,0.5,0.0087918248809982,0.008791563383933302
DL-panthenol,62,450,300,1.44,50,2.88,500,5,0.5,0.0327376532994883,0.03271400160956248
DL-panthenol,63,450,300,1.44,50,2.88,900,5,0.5,0.0601043143491912,0.06010431434919112
DL-panthenol,64,450,300,1.44,150,2.88,150,5,0.5,0.090891808030107,0.090889454556523
DL-panthenol,65,450,300,1.44,150,2.88,500,5,0.5,0.3064042637965178,0.3066034498454181
DL-panthenol,66,450,300,1.44,150,2.88,900,5,0.5,0.5527042132438446,0.5523492975500539
DL-panthenol,67,450,300,2.42,50,4.84,150,5,0.5,0.0087918248809982,0.008791893852212362
DL-panthenol,68,450,300,2.42,50,4.84,500,5,0.5,0.0327376532994883,0.03269383654716853
DL-panthenol,69,450,300,2.42,50,4.84,900,5,0.5,0.0601043143491912,0.06014415155897106
DL-panthenol,70,450,300,2.42,150,4.84,150,5,0.5,0.090891808030107,0.09089180803010702
DL-panthenol,71,450,300,2.42,150,4.84,500,5,0.5,0.3064042637965178,0.3063964188845718
DL-panthenol,72,450,300,2.42,150,4.84,900,5,0.5,0.5527042132438446,0.552704213243844
DL-panthenol,73,550,100,1.93,50,3.86,150,5,0.5,0.0110723799684734,0.011072461884392173
DL-panthenol,74,550,100,1.93,50,3.86,500,5,0.5,0.0403395035910724,0.040337645927309866
DL-panthenol,75,550,100,1.93,50,3.86,900,5,0.5,0.0737876448740427,0.07374918804442855
DL-panthenol,76,550,100,1.93,150,3.86,150,5,0.5,0.1114168038173843,0.11149271516969471
DL-panthenol,77,550,100,1.93,150,3.86,500,5,0.5,0.3748209164207752,0.37480173996934923
DL-panthenol,78,550,100,1.93,150,3.86,900,5,0.5,0.6758541879675078,0.6758196703549431
DL-panthenol,79,550,100,1.44,50,2.88,150,5,0.5,0.0110723799684734,0.011082356246912062
DL-panthenol,80,550,100,1.44,50,2.88,500,5,0.5,0.0403395035910724,0.04033843823265982
DL-panthenol,81,550,100,1.44,50,2.88,900,5,0.5,0.0737876448740427,0.07388164688188227
DL-panthenol,82,550,100,1.44,150,2.88,150,5,0.5,0.1114168038173843,0.11141680381738438
DL-panthenol,83,550,100,1.44,150,2.88,500,5,0.5,0.3748209164207752,0.37457992428301573
DL-panthenol,84,550,100,1.44,150,2.88,900,5,0.5,0.6758541879675078,0.6758541879675084
DL-panthenol,85,550,100,2.42,50,4.84,150,5,0.5,0.0110723799684734,0.01108081456317455
DL-panthenol,86,550,100,2.42,50,4.84,500,5,0.5,0.0403395035910724,0.0403373728742473
DL-panthenol,87,550,100,2.42,50,4.84,900,5,0.5,0.0737876448740427,0.07378764487404262
DL-panthenol,88,550,100,2.42,150,4.84,150,5,0.5,0.1114168038173843,0.11141680381738438
DL-panthenol,89,550,100,2.42,150,4.84,500,5,0.5,0.3748209164207752,0.3748209164207744
DL-panthenol,90,550,100,2.42,150,4.84,900,5,0.5,0.6758541879675078,0.6758369291612257
DL-panthenol,91,550,300,1.93,50,3.86,150,5,0.5,0.0110723799684734,0.01106434689721478
DL-panthenol,92,550,300,1.93,50,3.86,500,5,0.5,0.0403395035910724,0.04031272668687692
DL-panthenol,93,550,300,1.93,50,3.86,900,5,0.5,0.0737876448740427,0.07384750254467456
DL-panthenol,94,550,300,1.93,150,3.86,150,5,0.5,0.1114168038173843,0.1114139273496706
DL-panthenol,95,550,300,1.93,150,3.86,500,5,0.5,0.3748209164207752,0.3745799242830157
DL-panthenol,96,550,300,1.93,150,3.86,900,5,0.5,0.6758541879675078,0.6758541879675084
DL-panthenol,97,550,300,1.44,50,2.88,150,5,0.5,0.0110723799684734,0.01106434689721478
DL-panthenol,98,550,300,1.44,50,2.88,500,5,0.5,0.0403395035910724,0.04033950359107233
DL-panthenol,99,550,300,1.44,50,2.88,900,5,0.5,0.0737876448740427,0.0737857272289001
DL-panthenol,100,550,300,1.44,150,2.88,150,5,0.5,0.1114168038173843,0.1114139273496706
DL-panthenol,101,550,300,1.44,150,2.88,500,5,0.5,0.3748209164207752,0.3748209164207744
DL-panthenol,102,550,300,1.44,150,2.88,900,5,0.5,0.6758541879675078,0.6758369291612257
DL-panthenol,103,550,300,2.42,50,4.84,150,5,0.5,0.0110723799684734,0.011064748420657302
DL-panthenol,104,550,300,2.42,50,4.84,500,5,0.5,0.0403395035910724,0.040337645927309866
DL-panthenol,105,550,300,2.42,50,4.84,900,5,0.5,0.0737876448740427,0.07379930411712281
DL-panthenol,106,550,300,2.42,150,4.84,150,5,0.5,0.1114168038173843,0.11149796092019093
DL-panthenol,107,550,300,2.42,150,4.84,500,5,0.5,0.3748209164207752,0.3747921517436366
DL-panthenol,108,550,300,2.42,150,4.84,900,5,0.5,0.6758541879675078,0.6758369291612257
DL-panthenol,109,650,100,1.93,50,3.86,150,5,0.5,0.0133529350559487,0.013352179619983464
DL-panthenol,110,650,100,1.93,50,3.86,500,5,0.5,0.0479413538826566,0.04794009482271454
DL-panthenol,111,650,100,1.93,50,3.86,900,5,0.5,0.0874709753988942,0.0874687090909983
DL-panthenol,112,650,100,1.93,150,3.86,150,5,0.5,0.1319417996046615,0.13193840014281785
DL-panthenol,113,650,100,1.93,150,3.86,500,5,0.5,0.4432375690450326,0.44322623750555346
DL-panthenol,114,650,100,1.93,150,3.86,900,5,0.5,0.7990041626911711,0.7989633691490486
DL-panthenol,115,650,100,1.44,50,2.88,150,5,0.5,0.0133529350559487,0.0133529350559487
DL-panthenol,116,650,100,1.44,50,2.88,500,5,0.5,0.0479413538826566,0.04794135388265659
DL-panthenol,117,650,100,1.44,50,2.88,900,5,0.5,0.0874709753988942,0.08746870909099831
DL-panthenol,118,650,100,1.44,150,2.88,150,5,0.5,0.1319417996046615,0.13194179960466143
DL-panthenol,119,650,100,1.44,150,2.88,500,5,0.5,0.4432375690450326,0.443237569045032
DL-panthenol,120,650,100,1.44,150,2.88,900,5,0.5,0.7990041626911711,0.79898376592011
DL-panthenol,121,650,100,2.42,50,4.84,150,5,0.5,0.0133529350559487,0.0133529350559487
DL-panthenol,122,650,100,2.42,50,4.84,500,5,0.5,0.0479413538826566,0.04794135388265659
DL-panthenol,123,650,100,2.42,50,4.84,900,5,0.5,0.0874709753988942,0.0874664427831026
DL-panthenol,124,650,100,2.42,150,4.84,150,5,0.5,0.1319417996046615,0.13185635693763786
DL-panthenol,125,650,100,2.42,150,4.84,500,5,0.5,0.4432375690450326,0.4435912734624025
DL-panthenol,126,650,100,2.42,150,4.84,900,5,0.5,0.7990041626911711,0.7990041626911715
DL-panthenol,127,650,300,1.93,50,3.86,150,5,0.5,0.0133529350559487,0.013343063708296798
DL-panthenol,128,650,300,1.93,50,3.86,500,5,0.5,0.0479413538826566,0.04790970845042566
DL-panthenol,129,650,300,1.93,50,3.86,900,5,0.5,0.0874709753988942,0.08746870909099831
DL-panthenol,130,650,300,1.93,150,3.86,150,5,0.5,0.1319417996046615,0.13193840014281785
DL-panthenol,131,650,300,1.93,150,3.86,500,5,0.5,0.4432375690450326,0.4429669959860975
DL-panthenol,132,650,300,1.93,150,3.86,900,5,0.5,0.7990041626911711,0.79898376592011
DL-panthenol,133,650,300,1.44,50,2.88,150,5,0.5,0.0133529350559487,0.013364347485211765
DL-panthenol,134,650,300,1.44,50,2.88,500,5,0.5,0.0479413538826566,0.04790970845042566
DL-panthenol,135,650,300,1.44,50,2.88,900,5,0.5,0.0874709753988942,0.08754171628236813
DL-panthenol,136,650,300,1.44,150,2.88,150,5,0.5,0.1319417996046615,0.13185635693763786
DL-panthenol,137,650,300,1.44,150,2.88,500,5,0.5,0.4432375690450326,0.44322623750555346
DL-panthenol,138,650,300,1.44,150,2.88,900,5,0.5,0.7990041626911711,0.7990041626911715
DL-panthenol,139,650,300,2.42,50,4.84,150,5,0.5,0.0133529350559487,0.013352557337966081
DL-panthenol,140,650,300,2.42,50,4.84,500,5,0.5,0.0479413538826566,0.04793883576277248
DL-panthenol,141,650,300,2.42,50,4.84,900,5,0.5,0.0874709753988942,0.0874687090909983
DL-panthenol,142,650,300,2.42,150,4.84,150,5,0.5,0.1319417996046615,0.13193160121913072
DL-panthenol,143,650,300,2.42,150,4.84,500,5,0.5,0.4432375690450326,0.4429414286154749
DL-panthenol,144,650,300,2.42,150,4.84,900,5,0.5,0.7990041626911711,0.7989633691490486
